using ASAN_GIOVESE
Calling good()...
0 -- 0
1 -- 1
0 -- 0
1 -- 1
Finished good()
Calling bad()...
0 -- 0
1 -- 1
Finished bad()
No memory leak detected.
using ASAN_GIOVESE
Calling good()...
A String
A String
A String
A String
Finished good()
Calling bad()...
A String
Finished bad()

=== Memory Leak Detected ===
Memory Range: [0x22398 - 0x223fc]
Call Stack (depth 7):
  #0  0xff67afe0
[Y]Call Stack:  in syscall (/home/wuhuang/fuzz/qasan/cramfs-root/lib/arm-linux-gnueabi/libc-2.13.so+0xcdfe0)  #1  0xff7b3f6c
[Y]Call Stack:  in __libqasan_malloc /home/wuhuang/fuzz/qasan/libqasan/malloc.c:207  #2  0xff7b308e
[Y]Call Stack:  in malloc /home/wuhuang/fuzz/qasan/libqasan/hooks.c:68  #3  0x108e0
[Y]Call Stack:  in CWE401_Memory_Leak__char_malloc_15_bad (/home/wuhuang/fuzz/qasan/Juliet_memLeak/testcase_test/CWE401_Memory_Leak/CWE401_Memory_Leak__char_malloc_15.out+0x8e0)  #4  0x10a84
[Y]Call Stack:  in main (/home/wuhuang/fuzz/qasan/Juliet_memLeak/testcase_test/CWE401_Memory_Leak/CWE401_Memory_Leak__char_malloc_15.out+0xa84)  #5  0xff7b2f24
[Y]Call Stack:  in __libc_start_main /home/wuhuang/fuzz/qasan/libqasan/libqasan.c:91  #6  0x10810
[Y]Call Stack:  in _start /home/tcwg-buildslave/workspace/tcwg-make-release/label/tcwg-x86_64-ex40/target/arm-linux-gnueabi/snapshots/eglibc.git~linaro_eglibc-2_19/libc/csu/../ports/sysdeps/arm/start.S:128
using ASAN_GIOVESE
Calling good()...
5
5
Finished good()
Calling bad()...
5
Finished bad()

=== Memory Leak Detected ===
Memory Range: [0x22340 - 0x224d0]
Call Stack (depth 8):
  #0  0xff580fe0
[Y]Call Stack:  in syscall (/home/wuhuang/fuzz/qasan/cramfs-root/lib/arm-linux-gnueabi/libc-2.13.so+0xcdfe0)  #1  0xff7b3f6c
[Y]Call Stack:  in __libqasan_malloc /home/wuhuang/fuzz/qasan/libqasan/malloc.c:207  #2  0xff7b4162
[Y]Call Stack:  in __libqasan_calloc /home/wuhuang/fuzz/qasan/libqasan/malloc.c:283  #3  0xff7b30b2
[Y]Call Stack:  in calloc /home/wuhuang/fuzz/qasan/libqasan/hooks.c:80  #4  0x109b6
[Y]Call Stack:  in _ZN33CWE401_Memory_Leak__int_calloc_333badEv (/home/wuhuang/fuzz/qasan/Juliet_memLeak/testcase_test/CWE401_Memory_Leak/CWE401_Memory_Leak__int_calloc_33.out+0x9b6)  #5  0x10ac8
[Y]Call Stack:  in main (/home/wuhuang/fuzz/qasan/Juliet_memLeak/testcase_test/CWE401_Memory_Leak/CWE401_Memory_Leak__int_calloc_33.out+0xac8)  #6  0xff7b2f24
[Y]Call Stack:  in __libc_start_main /home/wuhuang/fuzz/qasan/libqasan/libqasan.c:91  #7  0x108e0
[Y]Call Stack:  in _start /home/tcwg-buildslave/workspace/tcwg-make-release/label/tcwg-x86_64-ex40/target/arm-linux-gnueabi/snapshots/eglibc.git~linaro_eglibc-2_19/libc/csu/../ports/sysdeps/arm/start.S:128
using ASAN_GIOVESE
Calling good()...
5
5
5
5
Finished good()
Calling bad()...
5
Finished bad()

=== Memory Leak Detected ===
Memory Range: [0x225e8 - 0x22778]
Call Stack (depth 8):
  #0  0xff67afe0
[Y]Call Stack:  in syscall (/home/wuhuang/fuzz/qasan/cramfs-root/lib/arm-linux-gnueabi/libc-2.13.so+0xcdfe0)  #1  0xff7b3f6c
[Y]Call Stack:  in __libqasan_malloc /home/wuhuang/fuzz/qasan/libqasan/malloc.c:207  #2  0xff7b41b0
[Y]Call Stack:  in __libqasan_realloc /home/wuhuang/fuzz/qasan/libqasan/malloc.c:294  #3  0xff7b30d6
[Y]Call Stack:  in realloc /home/wuhuang/fuzz/qasan/libqasan/hooks.c:92  #4  0x10918
[Y]Call Stack:  in CWE401_Memory_Leak__int_realloc_02_bad (/home/wuhuang/fuzz/qasan/Juliet_memLeak/testcase_test/CWE401_Memory_Leak/CWE401_Memory_Leak__int_realloc_02.out+0x918)  #5  0x10a74
[Y]Call Stack:  in main (/home/wuhuang/fuzz/qasan/Juliet_memLeak/testcase_test/CWE401_Memory_Leak/CWE401_Memory_Leak__int_realloc_02.out+0xa74)  #6  0xff7b2f24
[Y]Call Stack:  in __libc_start_main /home/wuhuang/fuzz/qasan/libqasan/libqasan.c:91  #7  0x10844
[Y]Call Stack:  in _start /home/tcwg-buildslave/workspace/tcwg-make-release/label/tcwg-x86_64-ex40/target/arm-linux-gnueabi/snapshots/eglibc.git~linaro_eglibc-2_19/libc/csu/../ports/sysdeps/arm/start.S:128
using ASAN_GIOVESE
Calling good()...
5
10
5
10
Finished good()
Calling bad()...
5
10
Finished bad()
No memory leak detected.
using ASAN_GIOVESE
Calling good()...
0 -- 0
1 -- 1
Finished good()
Calling bad()...
0 -- 0
1 -- 1
Finished bad()
No memory leak detected.
using ASAN_GIOVESE
Calling good()...
A String
A String
A String
A String
Finished good()
Calling bad()...
A String
Finished bad()

=== Memory Leak Detected ===
Memory Range: [0x22398 - 0x223fc]
Call Stack (depth 8):
  #0  0xff67afe0
[Y]Call Stack:  in syscall (/home/wuhuang/fuzz/qasan/cramfs-root/lib/arm-linux-gnueabi/libc-2.13.so+0xcdfe0)  #1  0xff7b3f6c
[Y]Call Stack:  in __libqasan_malloc /home/wuhuang/fuzz/qasan/libqasan/malloc.c:207  #2  0xff7b41b0
[Y]Call Stack:  in __libqasan_realloc /home/wuhuang/fuzz/qasan/libqasan/malloc.c:294  #3  0xff7b30d6
[Y]Call Stack:  in realloc /home/wuhuang/fuzz/qasan/libqasan/hooks.c:92  #4  0x10920
[Y]Call Stack:  in CWE401_Memory_Leak__char_realloc_11_bad (/home/wuhuang/fuzz/qasan/Juliet_memLeak/testcase_test/CWE401_Memory_Leak/CWE401_Memory_Leak__char_realloc_11.out+0x920)  #5  0x10b10
[Y]Call Stack:  in main (/home/wuhuang/fuzz/qasan/Juliet_memLeak/testcase_test/CWE401_Memory_Leak/CWE401_Memory_Leak__char_realloc_11.out+0xb10)  #6  0xff7b2f24
[Y]Call Stack:  in __libc_start_main /home/wuhuang/fuzz/qasan/libqasan/libqasan.c:91  #7  0x10844
[Y]Call Stack:  in _start /home/tcwg-buildslave/workspace/tcwg-make-release/label/tcwg-x86_64-ex40/target/arm-linux-gnueabi/snapshots/eglibc.git~linaro_eglibc-2_19/libc/csu/../ports/sysdeps/arm/start.S:128
using ASAN_GIOVESE
Calling good()...
5
5
5
5
Finished good()
Calling bad()...
5
Finished bad()

=== Memory Leak Detected ===
Memory Range: [0x225e8 - 0x22778]
Call Stack (depth 8):
  #0  0xff67afe0
[Y]Call Stack:  in syscall (/home/wuhuang/fuzz/qasan/cramfs-root/lib/arm-linux-gnueabi/libc-2.13.so+0xcdfe0)  #1  0xff7b3f6c
[Y]Call Stack:  in __libqasan_malloc /home/wuhuang/fuzz/qasan/libqasan/malloc.c:207  #2  0xff7b41b0
[Y]Call Stack:  in __libqasan_realloc /home/wuhuang/fuzz/qasan/libqasan/malloc.c:294  #3  0xff7b30d6
[Y]Call Stack:  in realloc /home/wuhuang/fuzz/qasan/libqasan/hooks.c:92  #4  0x10926
[Y]Call Stack:  in CWE401_Memory_Leak__int_realloc_05_bad (/home/wuhuang/fuzz/qasan/Juliet_memLeak/testcase_test/CWE401_Memory_Leak/CWE401_Memory_Leak__int_realloc_05.out+0x926)  #5  0x10af4
[Y]Call Stack:  in main (/home/wuhuang/fuzz/qasan/Juliet_memLeak/testcase_test/CWE401_Memory_Leak/CWE401_Memory_Leak__int_realloc_05.out+0xaf4)  #6  0xff7b2f24
[Y]Call Stack:  in __libc_start_main /home/wuhuang/fuzz/qasan/libqasan/libqasan.c:91  #7  0x10844
[Y]Call Stack:  in _start /home/tcwg-buildslave/workspace/tcwg-make-release/label/tcwg-x86_64-ex40/target/arm-linux-gnueabi/snapshots/eglibc.git~linaro_eglibc-2_19/libc/csu/../ports/sysdeps/arm/start.S:128
using ASAN_GIOVESE
Calling good()...
A String
A String
A String
A String
Finished good()
Calling bad()...
A String
Finished bad()

=== Memory Leak Detected ===
Memory Range: [0x22398 - 0x223fc]
Call Stack (depth 8):
  #0  0xff67afe0
[Y]Call Stack:  in syscall (/home/wuhuang/fuzz/qasan/cramfs-root/lib/arm-linux-gnueabi/libc-2.13.so+0xcdfe0)  #1  0xff7b3f6c
[Y]Call Stack:  in __libqasan_malloc /home/wuhuang/fuzz/qasan/libqasan/malloc.c:207  #2  0xff7b4162
[Y]Call Stack:  in __libqasan_calloc /home/wuhuang/fuzz/qasan/libqasan/malloc.c:283  #3  0xff7b30b2
[Y]Call Stack:  in calloc /home/wuhuang/fuzz/qasan/libqasan/hooks.c:80  #4  0x10920
[Y]Call Stack:  in CWE401_Memory_Leak__char_calloc_07_bad (/home/wuhuang/fuzz/qasan/Juliet_memLeak/testcase_test/CWE401_Memory_Leak/CWE401_Memory_Leak__char_calloc_07.out+0x920)  #5  0x10b24
[Y]Call Stack:  in main (/home/wuhuang/fuzz/qasan/Juliet_memLeak/testcase_test/CWE401_Memory_Leak/CWE401_Memory_Leak__char_calloc_07.out+0xb24)  #6  0xff7b2f24
[Y]Call Stack:  in __libc_start_main /home/wuhuang/fuzz/qasan/libqasan/libqasan.c:91  #7  0x10840
[Y]Call Stack:  in _start /home/tcwg-buildslave/workspace/tcwg-make-release/label/tcwg-x86_64-ex40/target/arm-linux-gnueabi/snapshots/eglibc.git~linaro_eglibc-2_19/libc/csu/../ports/sysdeps/arm/start.S:128
using ASAN_GIOVESE
Calling good()...
5
5
5
Finished good()
Calling bad()...
5
Finished bad()

=== Memory Leak Detected ===
Memory Range: [0x225e8 - 0x22778]
Call Stack (depth 7):
  #0  0xff67afe0
[Y]Call Stack:  in syscall (/home/wuhuang/fuzz/qasan/cramfs-root/lib/arm-linux-gnueabi/libc-2.13.so+0xcdfe0)  #1  0xff7b3f6c
[Y]Call Stack:  in __libqasan_malloc /home/wuhuang/fuzz/qasan/libqasan/malloc.c:207  #2  0xff7b308e
[Y]Call Stack:  in malloc /home/wuhuang/fuzz/qasan/libqasan/hooks.c:68  #3  0x108f6
[Y]Call Stack:  in CWE401_Memory_Leak__int_malloc_21_bad (/home/wuhuang/fuzz/qasan/Juliet_memLeak/testcase_test/CWE401_Memory_Leak/CWE401_Memory_Leak__int_malloc_21.out+0x8f6)  #4  0x10ac8
[Y]Call Stack:  in main (/home/wuhuang/fuzz/qasan/Juliet_memLeak/testcase_test/CWE401_Memory_Leak/CWE401_Memory_Leak__int_malloc_21.out+0xac8)  #5  0xff7b2f24
[Y]Call Stack:  in __libc_start_main /home/wuhuang/fuzz/qasan/libqasan/libqasan.c:91  #6  0x10810
[Y]Call Stack:  in _start /home/tcwg-buildslave/workspace/tcwg-make-release/label/tcwg-x86_64-ex40/target/arm-linux-gnueabi/snapshots/eglibc.git~linaro_eglibc-2_19/libc/csu/../ports/sysdeps/arm/start.S:128
using ASAN_GIOVESE
Calling good()...
5
10
Finished good()
Calling bad()...
5
10
Finished bad()
No memory leak detected.
using ASAN_GIOVESE
Calling good()...
0 -- 0
1 -- 1
0 -- 0
1 -- 1
Finished good()
Calling bad()...
0 -- 0
1 -- 1
Finished bad()
No memory leak detected.
using ASAN_GIOVESE
Calling good()...
A String
A String
Finished good()
Calling bad()...
A String
Finished bad()

=== Memory Leak Detected ===
Memory Range: [0x22218 - 0x2227c]
Call Stack (depth 8):
  #0  0xff67afe0
[Y]Call Stack:  in syscall (/home/wuhuang/fuzz/qasan/cramfs-root/lib/arm-linux-gnueabi/libc-2.13.so+0xcdfe0)  #1  0xff7b3f6c
[Y]Call Stack:  in __libqasan_malloc /home/wuhuang/fuzz/qasan/libqasan/malloc.c:207  #2  0xff7b41b0
[Y]Call Stack:  in __libqasan_realloc /home/wuhuang/fuzz/qasan/libqasan/malloc.c:294  #3  0xff7b30d6
[Y]Call Stack:  in realloc /home/wuhuang/fuzz/qasan/libqasan/hooks.c:92  #4  0x10916
[Y]Call Stack:  in CWE401_Memory_Leak__char_realloc_16_bad (/home/wuhuang/fuzz/qasan/Juliet_memLeak/testcase_test/CWE401_Memory_Leak/CWE401_Memory_Leak__char_realloc_16.out+0x916)  #5  0x10a28
[Y]Call Stack:  in main (/home/wuhuang/fuzz/qasan/Juliet_memLeak/testcase_test/CWE401_Memory_Leak/CWE401_Memory_Leak__char_realloc_16.out+0xa28)  #6  0xff7b2f24
[Y]Call Stack:  in __libc_start_main /home/wuhuang/fuzz/qasan/libqasan/libqasan.c:91  #7  0x10844
[Y]Call Stack:  in _start /home/tcwg-buildslave/workspace/tcwg-make-release/label/tcwg-x86_64-ex40/target/arm-linux-gnueabi/snapshots/eglibc.git~linaro_eglibc-2_19/libc/csu/../ports/sysdeps/arm/start.S:128
using ASAN_GIOVESE
Calling good()...
A String
A String
Finished good()
Calling bad()...
A String
Finished bad()

=== Memory Leak Detected ===
Memory Range: [0x22218 - 0x2227c]
Call Stack (depth 7):
  #0  0xff580fe0
[Y]Call Stack:  in syscall (/home/wuhuang/fuzz/qasan/cramfs-root/lib/arm-linux-gnueabi/libc-2.13.so+0xcdfe0)  #1  0xff7b3f6c
[Y]Call Stack:  in __libqasan_malloc /home/wuhuang/fuzz/qasan/libqasan/malloc.c:207  #2  0xff7b308e
[Y]Call Stack:  in malloc /home/wuhuang/fuzz/qasan/libqasan/hooks.c:68  #3  0x109ee
[Y]Call Stack:  in _ZN37CWE401_Memory_Leak__new_array_char_653badEv (/home/wuhuang/fuzz/qasan/Juliet_memLeak/testcase_test/CWE401_Memory_Leak/CWE401_Memory_Leak__new_array_char_65.out+0x9ee)  #4  0x10af0
[Y]Call Stack:  in main (/home/wuhuang/fuzz/qasan/Juliet_memLeak/testcase_test/CWE401_Memory_Leak/CWE401_Memory_Leak__new_array_char_65.out+0xaf0)  #5  0xff7b2f24
[Y]Call Stack:  in __libc_start_main /home/wuhuang/fuzz/qasan/libqasan/libqasan.c:91  #6  0x10914
[Y]Call Stack:  in _start /home/tcwg-buildslave/workspace/tcwg-make-release/label/tcwg-x86_64-ex40/target/arm-linux-gnueabi/snapshots/eglibc.git~linaro_eglibc-2_19/libc/csu/../ports/sysdeps/arm/start.S:128
using ASAN_GIOVESE
Calling good()...
A String
A String
Finished good()
Calling bad()...
A String
Finished bad()
No memory leak detected.
using ASAN_GIOVESE
Calling good()...
5
5
Finished good()
Calling bad()...
5
Finished bad()

=== Memory Leak Detected ===
Memory Range: [0x22340 - 0x224d0]
Call Stack (depth 8):
  #0  0xff67afe0
[Y]Call Stack:  in syscall (/home/wuhuang/fuzz/qasan/cramfs-root/lib/arm-linux-gnueabi/libc-2.13.so+0xcdfe0)  #1  0xff7b3f6c
[Y]Call Stack:  in __libqasan_malloc /home/wuhuang/fuzz/qasan/libqasan/malloc.c:207  #2  0xff7b4162
[Y]Call Stack:  in __libqasan_calloc /home/wuhuang/fuzz/qasan/libqasan/malloc.c:283  #3  0xff7b30b2
[Y]Call Stack:  in calloc /home/wuhuang/fuzz/qasan/libqasan/hooks.c:80  #4  0x10912
[Y]Call Stack:  in CWE401_Memory_Leak__int_calloc_34_bad (/home/wuhuang/fuzz/qasan/Juliet_memLeak/testcase_test/CWE401_Memory_Leak/CWE401_Memory_Leak__int_calloc_34.out+0x912)  #5  0x10a14
[Y]Call Stack:  in main (/home/wuhuang/fuzz/qasan/Juliet_memLeak/testcase_test/CWE401_Memory_Leak/CWE401_Memory_Leak__int_calloc_34.out+0xa14)  #6  0xff7b2f24
[Y]Call Stack:  in __libc_start_main /home/wuhuang/fuzz/qasan/libqasan/libqasan.c:91  #7  0x10840
[Y]Call Stack:  in _start /home/tcwg-buildslave/workspace/tcwg-make-release/label/tcwg-x86_64-ex40/target/arm-linux-gnueabi/snapshots/eglibc.git~linaro_eglibc-2_19/libc/csu/../ports/sysdeps/arm/start.S:128
using ASAN_GIOVESE
Calling good()...
A String
A String
Finished good()
Calling bad()...
A String
Finished bad()

=== Memory Leak Detected ===
Memory Range: [0x22218 - 0x2227c]
Call Stack (depth 7):
  #0  0xff580fe0
[Y]Call Stack:  in syscall (/home/wuhuang/fuzz/qasan/cramfs-root/lib/arm-linux-gnueabi/libc-2.13.so+0xcdfe0)  #1  0xff7b3f6c
[Y]Call Stack:  in __libqasan_malloc /home/wuhuang/fuzz/qasan/libqasan/malloc.c:207  #2  0xff7b308e
[Y]Call Stack:  in malloc /home/wuhuang/fuzz/qasan/libqasan/hooks.c:68  #3  0x109ea
[Y]Call Stack:  in _ZN37CWE401_Memory_Leak__new_array_char_173badEv (/home/wuhuang/fuzz/qasan/Juliet_memLeak/testcase_test/CWE401_Memory_Leak/CWE401_Memory_Leak__new_array_char_17.out+0x9ea)  #4  0x10b38
[Y]Call Stack:  in main (/home/wuhuang/fuzz/qasan/Juliet_memLeak/testcase_test/CWE401_Memory_Leak/CWE401_Memory_Leak__new_array_char_17.out+0xb38)  #5  0xff7b2f24
[Y]Call Stack:  in __libc_start_main /home/wuhuang/fuzz/qasan/libqasan/libqasan.c:91  #6  0x10914
[Y]Call Stack:  in _start /home/tcwg-buildslave/workspace/tcwg-make-release/label/tcwg-x86_64-ex40/target/arm-linux-gnueabi/snapshots/eglibc.git~linaro_eglibc-2_19/libc/csu/../ports/sysdeps/arm/start.S:128
using ASAN_GIOVESE
Calling good()...
A String
A String
A String
A String
Finished good()
Calling bad()...
A String
Finished bad()

=== Memory Leak Detected ===
Memory Range: [0x22398 - 0x223fc]
Call Stack (depth 8):
  #0  0xff67afe0
[Y]Call Stack:  in syscall (/home/wuhuang/fuzz/qasan/cramfs-root/lib/arm-linux-gnueabi/libc-2.13.so+0xcdfe0)  #1  0xff7b3f6c
[Y]Call Stack:  in __libqasan_malloc /home/wuhuang/fuzz/qasan/libqasan/malloc.c:207  #2  0xff7b4162
[Y]Call Stack:  in __libqasan_calloc /home/wuhuang/fuzz/qasan/libqasan/malloc.c:283  #3  0xff7b30b2
[Y]Call Stack:  in calloc /home/wuhuang/fuzz/qasan/libqasan/hooks.c:80  #4  0x10920
[Y]Call Stack:  in CWE401_Memory_Leak__char_calloc_09_bad (/home/wuhuang/fuzz/qasan/Juliet_memLeak/testcase_test/CWE401_Memory_Leak/CWE401_Memory_Leak__char_calloc_09.out+0x920)  #5  0x10b24
[Y]Call Stack:  in main (/home/wuhuang/fuzz/qasan/Juliet_memLeak/testcase_test/CWE401_Memory_Leak/CWE401_Memory_Leak__char_calloc_09.out+0xb24)  #6  0xff7b2f24
[Y]Call Stack:  in __libc_start_main /home/wuhuang/fuzz/qasan/libqasan/libqasan.c:91  #7  0x10840
[Y]Call Stack:  in _start /home/tcwg-buildslave/workspace/tcwg-make-release/label/tcwg-x86_64-ex40/target/arm-linux-gnueabi/snapshots/eglibc.git~linaro_eglibc-2_19/libc/csu/../ports/sysdeps/arm/start.S:128
using ASAN_GIOVESE
Calling good()...
A String
New String
A String
New String
Finished good()
Calling bad()...
A String
New String
Finished bad()
No memory leak detected.
using ASAN_GIOVESE
Calling good()...
A String
A String
Finished good()
Calling bad()...
A String
Finished bad()

=== Memory Leak Detected ===
Memory Range: [0x22218 - 0x2227c]
Call Stack (depth 8):
  #0  0xff67afe0
[Y]Call Stack:  in syscall (/home/wuhuang/fuzz/qasan/cramfs-root/lib/arm-linux-gnueabi/libc-2.13.so+0xcdfe0)  #1  0xff7b3f6c
[Y]Call Stack:  in __libqasan_malloc /home/wuhuang/fuzz/qasan/libqasan/malloc.c:207  #2  0xff7b41b0
[Y]Call Stack:  in __libqasan_realloc /home/wuhuang/fuzz/qasan/libqasan/malloc.c:294  #3  0xff7b30d6
[Y]Call Stack:  in realloc /home/wuhuang/fuzz/qasan/libqasan/hooks.c:92  #4  0x10918
[Y]Call Stack:  in CWE401_Memory_Leak__char_realloc_18_bad (/home/wuhuang/fuzz/qasan/Juliet_memLeak/testcase_test/CWE401_Memory_Leak/CWE401_Memory_Leak__char_realloc_18.out+0x918)  #5  0x10a28
[Y]Call Stack:  in main (/home/wuhuang/fuzz/qasan/Juliet_memLeak/testcase_test/CWE401_Memory_Leak/CWE401_Memory_Leak__char_realloc_18.out+0xa28)  #6  0xff7b2f24
[Y]Call Stack:  in __libc_start_main /home/wuhuang/fuzz/qasan/libqasan/libqasan.c:91  #7  0x10844
[Y]Call Stack:  in _start /home/tcwg-buildslave/workspace/tcwg-make-release/label/tcwg-x86_64-ex40/target/arm-linux-gnueabi/snapshots/eglibc.git~linaro_eglibc-2_19/libc/csu/../ports/sysdeps/arm/start.S:128
using ASAN_GIOVESE
Calling good()...
5
5
Finished good()
Calling bad()...
5
Finished bad()

=== Memory Leak Detected ===
Memory Range: [0x22580 - 0x22710]
Call Stack (depth 7):
  #0  0xff580fe0
[Y]Call Stack:  in syscall (/home/wuhuang/fuzz/qasan/cramfs-root/lib/arm-linux-gnueabi/libc-2.13.so+0xcdfe0)  #1  0xff7b3f6c
[Y]Call Stack:  in __libqasan_malloc /home/wuhuang/fuzz/qasan/libqasan/malloc.c:207  #2  0xff7b308e
[Y]Call Stack:  in malloc /home/wuhuang/fuzz/qasan/libqasan/hooks.c:68  #3  0x10af4
[Y]Call Stack:  in _ZN33CWE401_Memory_Leak__int_malloc_823badEv (/home/wuhuang/fuzz/qasan/Juliet_memLeak/testcase_test/CWE401_Memory_Leak/CWE401_Memory_Leak__int_malloc_82.out+0xaf4)  #4  0x10c50
[Y]Call Stack:  in main (/home/wuhuang/fuzz/qasan/Juliet_memLeak/testcase_test/CWE401_Memory_Leak/CWE401_Memory_Leak__int_malloc_82.out+0xc50)  #5  0xff7b2f24
[Y]Call Stack:  in __libc_start_main /home/wuhuang/fuzz/qasan/libqasan/libqasan.c:91  #6  0x10a20
[Y]Call Stack:  in _start /home/tcwg-buildslave/workspace/tcwg-make-release/label/tcwg-x86_64-ex40/target/arm-linux-gnueabi/snapshots/eglibc.git~linaro_eglibc-2_19/libc/csu/../ports/sysdeps/arm/start.S:128
using ASAN_GIOVESE
Calling good()...
5
5
Finished good()
Calling bad()...
5
Finished bad()

=== Memory Leak Detected ===
Memory Range: [0x22340 - 0x224d0]
Call Stack (depth 7):
  #0  0xff67afe0
[Y]Call Stack:  in syscall (/home/wuhuang/fuzz/qasan/cramfs-root/lib/arm-linux-gnueabi/libc-2.13.so+0xcdfe0)  #1  0xff7b3f6c
[Y]Call Stack:  in __libqasan_malloc /home/wuhuang/fuzz/qasan/libqasan/malloc.c:207  #2  0xff7b308e
[Y]Call Stack:  in malloc /home/wuhuang/fuzz/qasan/libqasan/hooks.c:68  #3  0x108e2
[Y]Call Stack:  in CWE401_Memory_Leak__int_malloc_53_bad (/home/wuhuang/fuzz/qasan/Juliet_memLeak/testcase_test/CWE401_Memory_Leak/CWE401_Memory_Leak__int_malloc_53.out+0x8e2)  #4  0x109d8
[Y]Call Stack:  in main (/home/wuhuang/fuzz/qasan/Juliet_memLeak/testcase_test/CWE401_Memory_Leak/CWE401_Memory_Leak__int_malloc_53.out+0x9d8)  #5  0xff7b2f24
[Y]Call Stack:  in __libc_start_main /home/wuhuang/fuzz/qasan/libqasan/libqasan.c:91  #6  0x10810
[Y]Call Stack:  in _start /home/tcwg-buildslave/workspace/tcwg-make-release/label/tcwg-x86_64-ex40/target/arm-linux-gnueabi/snapshots/eglibc.git~linaro_eglibc-2_19/libc/csu/../ports/sysdeps/arm/start.S:128
using ASAN_GIOVESE
Calling good()...
A String
A String
Finished good()
Calling bad()...
A String
Finished bad()

=== Memory Leak Detected ===
Memory Range: [0x22218 - 0x2227c]
Call Stack (depth 8):
  #0  0xff67afe0
[Y]Call Stack:  in syscall (/home/wuhuang/fuzz/qasan/cramfs-root/lib/arm-linux-gnueabi/libc-2.13.so+0xcdfe0)  #1  0xff7b3f6c
[Y]Call Stack:  in __libqasan_malloc /home/wuhuang/fuzz/qasan/libqasan/malloc.c:207  #2  0xff7b41b0
[Y]Call Stack:  in __libqasan_realloc /home/wuhuang/fuzz/qasan/libqasan/malloc.c:294  #3  0xff7b30d6
[Y]Call Stack:  in realloc /home/wuhuang/fuzz/qasan/libqasan/hooks.c:92  #4  0x10918
[Y]Call Stack:  in CWE401_Memory_Leak__char_realloc_64_bad (/home/wuhuang/fuzz/qasan/Juliet_memLeak/testcase_test/CWE401_Memory_Leak/CWE401_Memory_Leak__char_realloc_64.out+0x918)  #5  0x10a38
[Y]Call Stack:  in main (/home/wuhuang/fuzz/qasan/Juliet_memLeak/testcase_test/CWE401_Memory_Leak/CWE401_Memory_Leak__char_realloc_64.out+0xa38)  #6  0xff7b2f24
[Y]Call Stack:  in __libc_start_main /home/wuhuang/fuzz/qasan/libqasan/libqasan.c:91  #7  0x10844
[Y]Call Stack:  in _start /home/tcwg-buildslave/workspace/tcwg-make-release/label/tcwg-x86_64-ex40/target/arm-linux-gnueabi/snapshots/eglibc.git~linaro_eglibc-2_19/libc/csu/../ports/sysdeps/arm/start.S:128
using ASAN_GIOVESE
Calling good()...
A String
A String
Finished good()
Calling bad()...
A String
Finished bad()

=== Memory Leak Detected ===
Memory Range: [0x23b38 - 0x23b9c]
Call Stack (depth 8):
  #0  0xff580fe0
[Y]Call Stack:  in syscall (/home/wuhuang/fuzz/qasan/cramfs-root/lib/arm-linux-gnueabi/libc-2.13.so+0xcdfe0)  #1  0xff7b3f6c
[Y]Call Stack:  in __libqasan_malloc /home/wuhuang/fuzz/qasan/libqasan/malloc.c:207  #2  0xff7b4162
[Y]Call Stack:  in __libqasan_calloc /home/wuhuang/fuzz/qasan/libqasan/malloc.c:283  #3  0xff7b30b2
[Y]Call Stack:  in calloc /home/wuhuang/fuzz/qasan/libqasan/hooks.c:80  #4  0x10c9a
[Y]Call Stack:  in _ZN34CWE401_Memory_Leak__char_calloc_723badEv (/home/wuhuang/fuzz/qasan/Juliet_memLeak/testcase_test/CWE401_Memory_Leak/CWE401_Memory_Leak__char_calloc_72.out+0xc9a)  #5  0x10f50
[Y]Call Stack:  in main (/home/wuhuang/fuzz/qasan/Juliet_memLeak/testcase_test/CWE401_Memory_Leak/CWE401_Memory_Leak__char_calloc_72.out+0xf50)  #6  0xff7b2f24
[Y]Call Stack:  in __libc_start_main /home/wuhuang/fuzz/qasan/libqasan/libqasan.c:91  #7  0x10bc0
[Y]Call Stack:  in _start /home/tcwg-buildslave/workspace/tcwg-make-release/label/tcwg-x86_64-ex40/target/arm-linux-gnueabi/snapshots/eglibc.git~linaro_eglibc-2_19/libc/csu/../ports/sysdeps/arm/start.S:128
using ASAN_GIOVESE
Calling good()...
0 -- 0
1 -- 1
0 -- 0
1 -- 1
Finished good()
Calling bad()...
0 -- 0
1 -- 1
Finished bad()
No memory leak detected.
using ASAN_GIOVESE
Calling good()...
5
5
Finished good()
Calling bad()...
5
Finished bad()

=== Memory Leak Detected ===
Memory Range: [0x22340 - 0x224d0]
Call Stack (depth 7):
  #0  0xff67afe0
[Y]Call Stack:  in syscall (/home/wuhuang/fuzz/qasan/cramfs-root/lib/arm-linux-gnueabi/libc-2.13.so+0xcdfe0)  #1  0xff7b3f6c
[Y]Call Stack:  in __libqasan_malloc /home/wuhuang/fuzz/qasan/libqasan/malloc.c:207  #2  0xff7b308e
[Y]Call Stack:  in malloc /home/wuhuang/fuzz/qasan/libqasan/hooks.c:68  #3  0x108e2
[Y]Call Stack:  in CWE401_Memory_Leak__int_malloc_54_bad (/home/wuhuang/fuzz/qasan/Juliet_memLeak/testcase_test/CWE401_Memory_Leak/CWE401_Memory_Leak__int_malloc_54.out+0x8e2)  #4  0x109d8
[Y]Call Stack:  in main (/home/wuhuang/fuzz/qasan/Juliet_memLeak/testcase_test/CWE401_Memory_Leak/CWE401_Memory_Leak__int_malloc_54.out+0x9d8)  #5  0xff7b2f24
[Y]Call Stack:  in __libc_start_main /home/wuhuang/fuzz/qasan/libqasan/libqasan.c:91  #6  0x10810
[Y]Call Stack:  in _start /home/tcwg-buildslave/workspace/tcwg-make-release/label/tcwg-x86_64-ex40/target/arm-linux-gnueabi/snapshots/eglibc.git~linaro_eglibc-2_19/libc/csu/../ports/sysdeps/arm/start.S:128
using ASAN_GIOVESE
Calling good()...
A String
A String
Finished good()
Calling bad()...
A String
Finished bad()

=== Memory Leak Detected ===
Memory Range: [0x22218 - 0x2227c]
Call Stack (depth 8):
  #0  0xff67afe0
[Y]Call Stack:  in syscall (/home/wuhuang/fuzz/qasan/cramfs-root/lib/arm-linux-gnueabi/libc-2.13.so+0xcdfe0)  #1  0xff7b3f6c
[Y]Call Stack:  in __libqasan_malloc /home/wuhuang/fuzz/qasan/libqasan/malloc.c:207  #2  0xff7b41b0
[Y]Call Stack:  in __libqasan_realloc /home/wuhuang/fuzz/qasan/libqasan/malloc.c:294  #3  0xff7b30d6
[Y]Call Stack:  in realloc /home/wuhuang/fuzz/qasan/libqasan/hooks.c:92  #4  0x10918
[Y]Call Stack:  in CWE401_Memory_Leak__char_realloc_63_bad (/home/wuhuang/fuzz/qasan/Juliet_memLeak/testcase_test/CWE401_Memory_Leak/CWE401_Memory_Leak__char_realloc_63.out+0x918)  #5  0x10a38
[Y]Call Stack:  in main (/home/wuhuang/fuzz/qasan/Juliet_memLeak/testcase_test/CWE401_Memory_Leak/CWE401_Memory_Leak__char_realloc_63.out+0xa38)  #6  0xff7b2f24
[Y]Call Stack:  in __libc_start_main /home/wuhuang/fuzz/qasan/libqasan/libqasan.c:91  #7  0x10844
[Y]Call Stack:  in _start /home/tcwg-buildslave/workspace/tcwg-make-release/label/tcwg-x86_64-ex40/target/arm-linux-gnueabi/snapshots/eglibc.git~linaro_eglibc-2_19/libc/csu/../ports/sysdeps/arm/start.S:128
using ASAN_GIOVESE
Calling good()...
A String
A String
A String
A String
Finished good()
Calling bad()...
A String
Finished bad()

=== Memory Leak Detected ===
Memory Range: [0x22398 - 0x223fc]
Call Stack (depth 7):
  #0  0xff580fe0
[Y]Call Stack:  in syscall (/home/wuhuang/fuzz/qasan/cramfs-root/lib/arm-linux-gnueabi/libc-2.13.so+0xcdfe0)  #1  0xff7b3f6c
[Y]Call Stack:  in __libqasan_malloc /home/wuhuang/fuzz/qasan/libqasan/malloc.c:207  #2  0xff7b308e
[Y]Call Stack:  in malloc /home/wuhuang/fuzz/qasan/libqasan/hooks.c:68  #3  0x109f2
[Y]Call Stack:  in _ZN37CWE401_Memory_Leak__new_array_char_103badEv (/home/wuhuang/fuzz/qasan/Juliet_memLeak/testcase_test/CWE401_Memory_Leak/CWE401_Memory_Leak__new_array_char_10.out+0x9f2)  #4  0x10bc4
[Y]Call Stack:  in main (/home/wuhuang/fuzz/qasan/Juliet_memLeak/testcase_test/CWE401_Memory_Leak/CWE401_Memory_Leak__new_array_char_10.out+0xbc4)  #5  0xff7b2f24
[Y]Call Stack:  in __libc_start_main /home/wuhuang/fuzz/qasan/libqasan/libqasan.c:91  #6  0x10914
[Y]Call Stack:  in _start /home/tcwg-buildslave/workspace/tcwg-make-release/label/tcwg-x86_64-ex40/target/arm-linux-gnueabi/snapshots/eglibc.git~linaro_eglibc-2_19/libc/csu/../ports/sysdeps/arm/start.S:128
using ASAN_GIOVESE
Calling good()...
A String
New String
A String
New String
Finished good()
Calling bad()...
A String
New String
Finished bad()
No memory leak detected.
using ASAN_GIOVESE
Calling good()...
A String
A String
Finished good()
Calling bad()...
A String
Finished bad()

=== Memory Leak Detected ===
Memory Range: [0x22218 - 0x2227c]
Call Stack (depth 7):
  #0  0xff67afe0
[Y]Call Stack:  in syscall (/home/wuhuang/fuzz/qasan/cramfs-root/lib/arm-linux-gnueabi/libc-2.13.so+0xcdfe0)  #1  0xff7b3f6c
[Y]Call Stack:  in __libqasan_malloc /home/wuhuang/fuzz/qasan/libqasan/malloc.c:207  #2  0xff7b308e
[Y]Call Stack:  in malloc /home/wuhuang/fuzz/qasan/libqasan/hooks.c:68  #3  0x108e0
[Y]Call Stack:  in CWE401_Memory_Leak__char_malloc_67_bad (/home/wuhuang/fuzz/qasan/Juliet_memLeak/testcase_test/CWE401_Memory_Leak/CWE401_Memory_Leak__char_malloc_67.out+0x8e0)  #4  0x109fc
[Y]Call Stack:  in main (/home/wuhuang/fuzz/qasan/Juliet_memLeak/testcase_test/CWE401_Memory_Leak/CWE401_Memory_Leak__char_malloc_67.out+0x9fc)  #5  0xff7b2f24
[Y]Call Stack:  in __libc_start_main /home/wuhuang/fuzz/qasan/libqasan/libqasan.c:91  #6  0x10810
[Y]Call Stack:  in _start /home/tcwg-buildslave/workspace/tcwg-make-release/label/tcwg-x86_64-ex40/target/arm-linux-gnueabi/snapshots/eglibc.git~linaro_eglibc-2_19/libc/csu/../ports/sysdeps/arm/start.S:128
using ASAN_GIOVESE
Calling good()...
5
10
5
10
Finished good()
Calling bad()...
5
10
Finished bad()
No memory leak detected.
using ASAN_GIOVESE
Calling good()...
5
5
Finished good()
Calling bad()...
5
Finished bad()

=== Memory Leak Detected ===
Memory Range: [0x22340 - 0x224d0]
Call Stack (depth 8):
  #0  0xff67afe0
[Y]Call Stack:  in syscall (/home/wuhuang/fuzz/qasan/cramfs-root/lib/arm-linux-gnueabi/libc-2.13.so+0xcdfe0)  #1  0xff7b3f6c
[Y]Call Stack:  in __libqasan_malloc /home/wuhuang/fuzz/qasan/libqasan/malloc.c:207  #2  0xff7b4162
[Y]Call Stack:  in __libqasan_calloc /home/wuhuang/fuzz/qasan/libqasan/malloc.c:283  #3  0xff7b30b2
[Y]Call Stack:  in calloc /home/wuhuang/fuzz/qasan/libqasan/hooks.c:80  #4  0x10926
[Y]Call Stack:  in CWE401_Memory_Leak__int_calloc_41_bad (/home/wuhuang/fuzz/qasan/Juliet_memLeak/testcase_test/CWE401_Memory_Leak/CWE401_Memory_Leak__int_calloc_41.out+0x926)  #5  0x10a44
[Y]Call Stack:  in main (/home/wuhuang/fuzz/qasan/Juliet_memLeak/testcase_test/CWE401_Memory_Leak/CWE401_Memory_Leak__int_calloc_41.out+0xa44)  #6  0xff7b2f24
[Y]Call Stack:  in __libc_start_main /home/wuhuang/fuzz/qasan/libqasan/libqasan.c:91  #7  0x10840
[Y]Call Stack:  in _start /home/tcwg-buildslave/workspace/tcwg-make-release/label/tcwg-x86_64-ex40/target/arm-linux-gnueabi/snapshots/eglibc.git~linaro_eglibc-2_19/libc/csu/../ports/sysdeps/arm/start.S:128
using ASAN_GIOVESE
Calling good()...
5
5
Finished good()
Calling bad()...
5
Finished bad()

=== Memory Leak Detected ===
Memory Range: [0x22340 - 0x224d0]
Call Stack (depth 8):
  #0  0xff67afe0
[Y]Call Stack:  in syscall (/home/wuhuang/fuzz/qasan/cramfs-root/lib/arm-linux-gnueabi/libc-2.13.so+0xcdfe0)  #1  0xff7b3f6c
[Y]Call Stack:  in __libqasan_malloc /home/wuhuang/fuzz/qasan/libqasan/malloc.c:207  #2  0xff7b308e
[Y]Call Stack:  in malloc /home/wuhuang/fuzz/qasan/libqasan/hooks.c:68  #3  0x1099c
[Y]Call Stack:  in CWE401_Memory_Leak__int_malloc_61b_badSource (/home/wuhuang/fuzz/qasan/Juliet_memLeak/testcase_test/CWE401_Memory_Leak/CWE401_Memory_Leak__int_malloc_61.out+0x99c)  #4  0x108e0
[Y]Call Stack:  in CWE401_Memory_Leak__int_malloc_61_bad (/home/wuhuang/fuzz/qasan/Juliet_memLeak/testcase_test/CWE401_Memory_Leak/CWE401_Memory_Leak__int_malloc_61.out+0x8e0)  #5  0x10974
[Y]Call Stack:  in main (/home/wuhuang/fuzz/qasan/Juliet_memLeak/testcase_test/CWE401_Memory_Leak/CWE401_Memory_Leak__int_malloc_61.out+0x974)  #6  0xff7b2f24
[Y]Call Stack:  in __libc_start_main /home/wuhuang/fuzz/qasan/libqasan/libqasan.c:91  #7  0x10810
[Y]Call Stack:  in _start /home/tcwg-buildslave/workspace/tcwg-make-release/label/tcwg-x86_64-ex40/target/arm-linux-gnueabi/snapshots/eglibc.git~linaro_eglibc-2_19/libc/csu/../ports/sysdeps/arm/start.S:128
using ASAN_GIOVESE
Calling good()...
5
5
Finished good()
Calling bad()...
5
Finished bad()

=== Memory Leak Detected ===
Memory Range: [0x22340 - 0x224d0]
Call Stack (depth 8):
  #0  0xff67afe0
[Y]Call Stack:  in syscall (/home/wuhuang/fuzz/qasan/cramfs-root/lib/arm-linux-gnueabi/libc-2.13.so+0xcdfe0)  #1  0xff7b3f6c
[Y]Call Stack:  in __libqasan_malloc /home/wuhuang/fuzz/qasan/libqasan/malloc.c:207  #2  0xff7b41b0
[Y]Call Stack:  in __libqasan_realloc /home/wuhuang/fuzz/qasan/libqasan/malloc.c:294  #3  0xff7b30d6
[Y]Call Stack:  in realloc /home/wuhuang/fuzz/qasan/libqasan/hooks.c:92  #4  0x10934
[Y]Call Stack:  in CWE401_Memory_Leak__int_realloc_45_bad (/home/wuhuang/fuzz/qasan/Juliet_memLeak/testcase_test/CWE401_Memory_Leak/CWE401_Memory_Leak__int_realloc_45.out+0x934)  #5  0x10a84
[Y]Call Stack:  in main (/home/wuhuang/fuzz/qasan/Juliet_memLeak/testcase_test/CWE401_Memory_Leak/CWE401_Memory_Leak__int_realloc_45.out+0xa84)  #6  0xff7b2f24
[Y]Call Stack:  in __libc_start_main /home/wuhuang/fuzz/qasan/libqasan/libqasan.c:91  #7  0x10844
[Y]Call Stack:  in _start /home/tcwg-buildslave/workspace/tcwg-make-release/label/tcwg-x86_64-ex40/target/arm-linux-gnueabi/snapshots/eglibc.git~linaro_eglibc-2_19/libc/csu/../ports/sysdeps/arm/start.S:128
using ASAN_GIOVESE
Calling good()...
5
5
5
5
Finished good()
Calling bad()...
5
Finished bad()

=== Memory Leak Detected ===
Memory Range: [0x225e8 - 0x22778]
Call Stack (depth 8):
  #0  0xff67afe0
[Y]Call Stack:  in syscall (/home/wuhuang/fuzz/qasan/cramfs-root/lib/arm-linux-gnueabi/libc-2.13.so+0xcdfe0)  #1  0xff7b3f6c
[Y]Call Stack:  in __libqasan_malloc /home/wuhuang/fuzz/qasan/libqasan/malloc.c:207  #2  0xff7b4162
[Y]Call Stack:  in __libqasan_calloc /home/wuhuang/fuzz/qasan/libqasan/malloc.c:283  #3  0xff7b30b2
[Y]Call Stack:  in calloc /home/wuhuang/fuzz/qasan/libqasan/hooks.c:80  #4  0x1093c
[Y]Call Stack:  in CWE401_Memory_Leak__int_calloc_08_bad (/home/wuhuang/fuzz/qasan/Juliet_memLeak/testcase_test/CWE401_Memory_Leak/CWE401_Memory_Leak__int_calloc_08.out+0x93c)  #5  0x10b00
[Y]Call Stack:  in main (/home/wuhuang/fuzz/qasan/Juliet_memLeak/testcase_test/CWE401_Memory_Leak/CWE401_Memory_Leak__int_calloc_08.out+0xb00)  #6  0xff7b2f24
[Y]Call Stack:  in __libc_start_main /home/wuhuang/fuzz/qasan/libqasan/libqasan.c:91  #7  0x10840
[Y]Call Stack:  in _start /home/tcwg-buildslave/workspace/tcwg-make-release/label/tcwg-x86_64-ex40/target/arm-linux-gnueabi/snapshots/eglibc.git~linaro_eglibc-2_19/libc/csu/../ports/sysdeps/arm/start.S:128
using ASAN_GIOVESE
Calling good()...
A String
A String
Finished good()
Calling bad()...
A String
Finished bad()

=== Memory Leak Detected ===
Memory Range: [0x22218 - 0x2227c]
Call Stack (depth 8):
  #0  0xff580fe0
[Y]Call Stack:  in syscall (/home/wuhuang/fuzz/qasan/cramfs-root/lib/arm-linux-gnueabi/libc-2.13.so+0xcdfe0)  #1  0xff7b3f6c
[Y]Call Stack:  in __libqasan_malloc /home/wuhuang/fuzz/qasan/libqasan/malloc.c:207  #2  0xff7b308e
[Y]Call Stack:  in malloc /home/wuhuang/fuzz/qasan/libqasan/hooks.c:68  #3  0x10a60
[Y]Call Stack:  in _ZN34CWE401_Memory_Leak__char_malloc_8338CWE401_Memory_Leak__char_malloc_83_badC2EPc (/home/wuhuang/fuzz/qasan/Juliet_memLeak/testcase_test/CWE401_Memory_Leak/CWE401_Memory_Leak__char_malloc_83.out+0xa60)  #4  0x10984
[Y]Call Stack:  in _ZN34CWE401_Memory_Leak__char_malloc_833badEv (/home/wuhuang/fuzz/qasan/Juliet_memLeak/testcase_test/CWE401_Memory_Leak/CWE401_Memory_Leak__char_malloc_83.out+0x984)  #5  0x10a30
[Y]Call Stack:  in main (/home/wuhuang/fuzz/qasan/Juliet_memLeak/testcase_test/CWE401_Memory_Leak/CWE401_Memory_Leak__char_malloc_83.out+0xa30)  #6  0xff7b2f24
[Y]Call Stack:  in __libc_start_main /home/wuhuang/fuzz/qasan/libqasan/libqasan.c:91  #7  0x108b0
[Y]Call Stack:  in _start /home/tcwg-buildslave/workspace/tcwg-make-release/label/tcwg-x86_64-ex40/target/arm-linux-gnueabi/snapshots/eglibc.git~linaro_eglibc-2_19/libc/csu/../ports/sysdeps/arm/start.S:128
using ASAN_GIOVESE
Calling good()...
5
5
Finished good()
Calling bad()...
5
Finished bad()

=== Memory Leak Detected ===
Memory Range: [0x24180 - 0x24310]
Call Stack (depth 8):
  #0  0xff580fe0
[Y]Call Stack:  in syscall (/home/wuhuang/fuzz/qasan/cramfs-root/lib/arm-linux-gnueabi/libc-2.13.so+0xcdfe0)  #1  0xff7b3f6c
[Y]Call Stack:  in __libqasan_malloc /home/wuhuang/fuzz/qasan/libqasan/malloc.c:207  #2  0xff7b4162
[Y]Call Stack:  in __libqasan_calloc /home/wuhuang/fuzz/qasan/libqasan/malloc.c:283  #3  0xff7b30b2
[Y]Call Stack:  in calloc /home/wuhuang/fuzz/qasan/libqasan/hooks.c:80  #4  0x10d3e
[Y]Call Stack:  in _ZN33CWE401_Memory_Leak__int_calloc_743badEv (/home/wuhuang/fuzz/qasan/Juliet_memLeak/testcase_test/CWE401_Memory_Leak/CWE401_Memory_Leak__int_calloc_74.out+0xd3e)  #5  0x10fe8
[Y]Call Stack:  in main (/home/wuhuang/fuzz/qasan/Juliet_memLeak/testcase_test/CWE401_Memory_Leak/CWE401_Memory_Leak__int_calloc_74.out+0xfe8)  #6  0xff7b2f24
[Y]Call Stack:  in __libc_start_main /home/wuhuang/fuzz/qasan/libqasan/libqasan.c:91  #7  0x10c64
[Y]Call Stack:  in _start /home/tcwg-buildslave/workspace/tcwg-make-release/label/tcwg-x86_64-ex40/target/arm-linux-gnueabi/snapshots/eglibc.git~linaro_eglibc-2_19/libc/csu/../ports/sysdeps/arm/start.S:128
using ASAN_GIOVESE
Calling good()...
A String
A String
Finished good()
Calling bad()...
A String
Finished bad()

=== Memory Leak Detected ===
Memory Range: [0x22218 - 0x2227c]
Call Stack (depth 7):
  #0  0xff67afe0
[Y]Call Stack:  in syscall (/home/wuhuang/fuzz/qasan/cramfs-root/lib/arm-linux-gnueabi/libc-2.13.so+0xcdfe0)  #1  0xff7b3f6c
[Y]Call Stack:  in __libqasan_malloc /home/wuhuang/fuzz/qasan/libqasan/malloc.c:207  #2  0xff7b308e
[Y]Call Stack:  in malloc /home/wuhuang/fuzz/qasan/libqasan/hooks.c:68  #3  0x108e0
[Y]Call Stack:  in CWE401_Memory_Leak__char_malloc_52_bad (/home/wuhuang/fuzz/qasan/Juliet_memLeak/testcase_test/CWE401_Memory_Leak/CWE401_Memory_Leak__char_malloc_52.out+0x8e0)  #4  0x109f0
[Y]Call Stack:  in main (/home/wuhuang/fuzz/qasan/Juliet_memLeak/testcase_test/CWE401_Memory_Leak/CWE401_Memory_Leak__char_malloc_52.out+0x9f0)  #5  0xff7b2f24
[Y]Call Stack:  in __libc_start_main /home/wuhuang/fuzz/qasan/libqasan/libqasan.c:91  #6  0x10810
[Y]Call Stack:  in _start /home/tcwg-buildslave/workspace/tcwg-make-release/label/tcwg-x86_64-ex40/target/arm-linux-gnueabi/snapshots/eglibc.git~linaro_eglibc-2_19/libc/csu/../ports/sysdeps/arm/start.S:128
using ASAN_GIOVESE
Calling good()...
A String
A String
A String
Finished good()
Calling bad()...
A String
Finished bad()

=== Memory Leak Detected ===
Memory Range: [0x22398 - 0x223fc]
Call Stack (depth 7):
  #0  0xff580fe0
[Y]Call Stack:  in syscall (/home/wuhuang/fuzz/qasan/cramfs-root/lib/arm-linux-gnueabi/libc-2.13.so+0xcdfe0)  #1  0xff7b3f6c
[Y]Call Stack:  in __libqasan_malloc /home/wuhuang/fuzz/qasan/libqasan/malloc.c:207  #2  0xff7b308e
[Y]Call Stack:  in malloc /home/wuhuang/fuzz/qasan/libqasan/hooks.c:68  #3  0x109e4
[Y]Call Stack:  in _ZN37CWE401_Memory_Leak__new_array_char_223badEv (/home/wuhuang/fuzz/qasan/Juliet_memLeak/testcase_test/CWE401_Memory_Leak/CWE401_Memory_Leak__new_array_char_22.out+0x9e4)  #4  0x10b44
[Y]Call Stack:  in main (/home/wuhuang/fuzz/qasan/Juliet_memLeak/testcase_test/CWE401_Memory_Leak/CWE401_Memory_Leak__new_array_char_22.out+0xb44)  #5  0xff7b2f24
[Y]Call Stack:  in __libc_start_main /home/wuhuang/fuzz/qasan/libqasan/libqasan.c:91  #6  0x10914
[Y]Call Stack:  in _start /home/tcwg-buildslave/workspace/tcwg-make-release/label/tcwg-x86_64-ex40/target/arm-linux-gnueabi/snapshots/eglibc.git~linaro_eglibc-2_19/libc/csu/../ports/sysdeps/arm/start.S:128
using ASAN_GIOVESE
Calling good()...
5
5
Finished good()
Calling bad()...
5
Finished bad()

=== Memory Leak Detected ===
Memory Range: [0x23120 - 0x232b0]
Call Stack (depth 8):
  #0  0xff580fe0
[Y]Call Stack:  in syscall (/home/wuhuang/fuzz/qasan/cramfs-root/lib/arm-linux-gnueabi/libc-2.13.so+0xcdfe0)  #1  0xff7b3f6c
[Y]Call Stack:  in __libqasan_malloc /home/wuhuang/fuzz/qasan/libqasan/malloc.c:207  #2  0xff7b4162
[Y]Call Stack:  in __libqasan_calloc /home/wuhuang/fuzz/qasan/libqasan/malloc.c:283  #3  0xff7b30b2
[Y]Call Stack:  in calloc /home/wuhuang/fuzz/qasan/libqasan/hooks.c:80  #4  0x10b96
[Y]Call Stack:  in _ZN33CWE401_Memory_Leak__int_calloc_733badEv (/home/wuhuang/fuzz/qasan/Juliet_memLeak/testcase_test/CWE401_Memory_Leak/CWE401_Memory_Leak__int_calloc_73.out+0xb96)  #5  0x10de0
[Y]Call Stack:  in main (/home/wuhuang/fuzz/qasan/Juliet_memLeak/testcase_test/CWE401_Memory_Leak/CWE401_Memory_Leak__int_calloc_73.out+0xde0)  #6  0xff7b2f24
[Y]Call Stack:  in __libc_start_main /home/wuhuang/fuzz/qasan/libqasan/libqasan.c:91  #7  0x10abc
[Y]Call Stack:  in _start /home/tcwg-buildslave/workspace/tcwg-make-release/label/tcwg-x86_64-ex40/target/arm-linux-gnueabi/snapshots/eglibc.git~linaro_eglibc-2_19/libc/csu/../ports/sysdeps/arm/start.S:128
using ASAN_GIOVESE
Calling good()...
A String
A String
Finished good()
Calling bad()...
A String
Finished bad()

=== Memory Leak Detected ===
Memory Range: [0x22578 - 0x225dc]
Call Stack (depth 8):
  #0  0xff580fe0
[Y]Call Stack:  in syscall (/home/wuhuang/fuzz/qasan/cramfs-root/lib/arm-linux-gnueabi/libc-2.13.so+0xcdfe0)  #1  0xff7b3f6c
[Y]Call Stack:  in __libqasan_malloc /home/wuhuang/fuzz/qasan/libqasan/malloc.c:207  #2  0xff7b308e
[Y]Call Stack:  in malloc /home/wuhuang/fuzz/qasan/libqasan/hooks.c:68  #3  0x10bd8
[Y]Call Stack:  in _ZN34CWE401_Memory_Leak__char_malloc_8438CWE401_Memory_Leak__char_malloc_84_badC1EPc (/home/wuhuang/fuzz/qasan/Juliet_memLeak/testcase_test/CWE401_Memory_Leak/CWE401_Memory_Leak__char_malloc_84.out+0xbd8)  #4  0x10aae
[Y]Call Stack:  in _ZN34CWE401_Memory_Leak__char_malloc_843badEv (/home/wuhuang/fuzz/qasan/Juliet_memLeak/testcase_test/CWE401_Memory_Leak/CWE401_Memory_Leak__char_malloc_84.out+0xaae)  #5  0x10ba8
[Y]Call Stack:  in main (/home/wuhuang/fuzz/qasan/Juliet_memLeak/testcase_test/CWE401_Memory_Leak/CWE401_Memory_Leak__char_malloc_84.out+0xba8)  #6  0xff7b2f24
[Y]Call Stack:  in __libc_start_main /home/wuhuang/fuzz/qasan/libqasan/libqasan.c:91  #7  0x109d4
[Y]Call Stack:  in _start /home/tcwg-buildslave/workspace/tcwg-make-release/label/tcwg-x86_64-ex40/target/arm-linux-gnueabi/snapshots/eglibc.git~linaro_eglibc-2_19/libc/csu/../ports/sysdeps/arm/start.S:128
using ASAN_GIOVESE
Calling good()...
5
5
Finished good()
Calling bad()...
5
Finished bad()

=== Memory Leak Detected ===
Memory Range: [0x22340 - 0x224d0]
Call Stack (depth 7):
  #0  0xff67afe0
[Y]Call Stack:  in syscall (/home/wuhuang/fuzz/qasan/cramfs-root/lib/arm-linux-gnueabi/libc-2.13.so+0xcdfe0)  #1  0xff7b3f6c
[Y]Call Stack:  in __libqasan_malloc /home/wuhuang/fuzz/qasan/libqasan/malloc.c:207  #2  0xff7b308e
[Y]Call Stack:  in malloc /home/wuhuang/fuzz/qasan/libqasan/hooks.c:68  #3  0x108e2
[Y]Call Stack:  in CWE401_Memory_Leak__int_malloc_66_bad (/home/wuhuang/fuzz/qasan/Juliet_memLeak/testcase_test/CWE401_Memory_Leak/CWE401_Memory_Leak__int_malloc_66.out+0x8e2)  #4  0x109ec
[Y]Call Stack:  in main (/home/wuhuang/fuzz/qasan/Juliet_memLeak/testcase_test/CWE401_Memory_Leak/CWE401_Memory_Leak__int_malloc_66.out+0x9ec)  #5  0xff7b2f24
[Y]Call Stack:  in __libc_start_main /home/wuhuang/fuzz/qasan/libqasan/libqasan.c:91  #6  0x10810
[Y]Call Stack:  in _start /home/tcwg-buildslave/workspace/tcwg-make-release/label/tcwg-x86_64-ex40/target/arm-linux-gnueabi/snapshots/eglibc.git~linaro_eglibc-2_19/libc/csu/../ports/sysdeps/arm/start.S:128
using ASAN_GIOVESE
Calling good()...
5
5
Finished good()
Calling bad()...
5
Finished bad()

=== Memory Leak Detected ===
Memory Range: [0x22340 - 0x224d0]
Call Stack (depth 9):
  #0  0xff67afe0
[Y]Call Stack:  in syscall (/home/wuhuang/fuzz/qasan/cramfs-root/lib/arm-linux-gnueabi/libc-2.13.so+0xcdfe0)  #1  0xff7b3f6c
[Y]Call Stack:  in __libqasan_malloc /home/wuhuang/fuzz/qasan/libqasan/malloc.c:207  #2  0xff7b41b0
[Y]Call Stack:  in __libqasan_realloc /home/wuhuang/fuzz/qasan/libqasan/malloc.c:294  #3  0xff7b30d6
[Y]Call Stack:  in realloc /home/wuhuang/fuzz/qasan/libqasan/hooks.c:92  #4  0x10916
[Y]Call Stack:  in badSource CWE401_Memory_Leak__int_realloc_42.c:?  #5  0x10950
[Y]Call Stack:  in CWE401_Memory_Leak__int_realloc_42_bad (/home/wuhuang/fuzz/qasan/Juliet_memLeak/testcase_test/CWE401_Memory_Leak/CWE401_Memory_Leak__int_realloc_42.out+0x950)  #6  0x10a50
[Y]Call Stack:  in main (/home/wuhuang/fuzz/qasan/Juliet_memLeak/testcase_test/CWE401_Memory_Leak/CWE401_Memory_Leak__int_realloc_42.out+0xa50)  #7  0xff7b2f24
[Y]Call Stack:  in __libc_start_main /home/wuhuang/fuzz/qasan/libqasan/libqasan.c:91  #8  0x10844
[Y]Call Stack:  in _start /home/tcwg-buildslave/workspace/tcwg-make-release/label/tcwg-x86_64-ex40/target/arm-linux-gnueabi/snapshots/eglibc.git~linaro_eglibc-2_19/libc/csu/../ports/sysdeps/arm/start.S:128
using ASAN_GIOVESE
Calling good()...
A String
A String
Finished good()
Calling bad()...
A String
Finished bad()

=== Memory Leak Detected ===
Memory Range: [0x22218 - 0x2227c]
Call Stack (depth 8):
  #0  0xff67afe0
[Y]Call Stack:  in syscall (/home/wuhuang/fuzz/qasan/cramfs-root/lib/arm-linux-gnueabi/libc-2.13.so+0xcdfe0)  #1  0xff7b3f6c
[Y]Call Stack:  in __libqasan_malloc /home/wuhuang/fuzz/qasan/libqasan/malloc.c:207  #2  0xff7b41b0
[Y]Call Stack:  in __libqasan_realloc /home/wuhuang/fuzz/qasan/libqasan/malloc.c:294  #3  0xff7b30d6
[Y]Call Stack:  in realloc /home/wuhuang/fuzz/qasan/libqasan/hooks.c:92  #4  0x10916
[Y]Call Stack:  in CWE401_Memory_Leak__char_realloc_51_bad (/home/wuhuang/fuzz/qasan/Juliet_memLeak/testcase_test/CWE401_Memory_Leak/CWE401_Memory_Leak__char_realloc_51.out+0x916)  #5  0x10a24
[Y]Call Stack:  in main (/home/wuhuang/fuzz/qasan/Juliet_memLeak/testcase_test/CWE401_Memory_Leak/CWE401_Memory_Leak__char_realloc_51.out+0xa24)  #6  0xff7b2f24
[Y]Call Stack:  in __libc_start_main /home/wuhuang/fuzz/qasan/libqasan/libqasan.c:91  #7  0x10844
[Y]Call Stack:  in _start /home/tcwg-buildslave/workspace/tcwg-make-release/label/tcwg-x86_64-ex40/target/arm-linux-gnueabi/snapshots/eglibc.git~linaro_eglibc-2_19/libc/csu/../ports/sysdeps/arm/start.S:128
using ASAN_GIOVESE
Calling good()...
5
10
5
10
Finished good()
Calling bad()...
5
10
Finished bad()
No memory leak detected.
using ASAN_GIOVESE
Calling good()...
5
5
5
5
Finished good()
Calling bad()...
5
Finished bad()

=== Memory Leak Detected ===
Memory Range: [0x225e8 - 0x22778]
Call Stack (depth 7):
  #0  0xff67afe0
[Y]Call Stack:  in syscall (/home/wuhuang/fuzz/qasan/cramfs-root/lib/arm-linux-gnueabi/libc-2.13.so+0xcdfe0)  #1  0xff7b3f6c
[Y]Call Stack:  in __libqasan_malloc /home/wuhuang/fuzz/qasan/libqasan/malloc.c:207  #2  0xff7b308e
[Y]Call Stack:  in malloc /home/wuhuang/fuzz/qasan/libqasan/hooks.c:68  #3  0x108f0
[Y]Call Stack:  in CWE401_Memory_Leak__int_malloc_14_bad (/home/wuhuang/fuzz/qasan/Juliet_memLeak/testcase_test/CWE401_Memory_Leak/CWE401_Memory_Leak__int_malloc_14.out+0x8f0)  #4  0x10ac0
[Y]Call Stack:  in main (/home/wuhuang/fuzz/qasan/Juliet_memLeak/testcase_test/CWE401_Memory_Leak/CWE401_Memory_Leak__int_malloc_14.out+0xac0)  #5  0xff7b2f24
[Y]Call Stack:  in __libc_start_main /home/wuhuang/fuzz/qasan/libqasan/libqasan.c:91  #6  0x10810
[Y]Call Stack:  in _start /home/tcwg-buildslave/workspace/tcwg-make-release/label/tcwg-x86_64-ex40/target/arm-linux-gnueabi/snapshots/eglibc.git~linaro_eglibc-2_19/libc/csu/../ports/sysdeps/arm/start.S:128
using ASAN_GIOVESE
Calling good()...
A String
A String
Finished good()
Calling bad()...
A String
Finished bad()

=== Memory Leak Detected ===
Memory Range: [0x22218 - 0x2227c]
Call Stack (depth 8):
  #0  0xff67afe0
[Y]Call Stack:  in syscall (/home/wuhuang/fuzz/qasan/cramfs-root/lib/arm-linux-gnueabi/libc-2.13.so+0xcdfe0)  #1  0xff7b3f6c
[Y]Call Stack:  in __libqasan_malloc /home/wuhuang/fuzz/qasan/libqasan/malloc.c:207  #2  0xff7b4162
[Y]Call Stack:  in __libqasan_calloc /home/wuhuang/fuzz/qasan/libqasan/malloc.c:283  #3  0xff7b30b2
[Y]Call Stack:  in calloc /home/wuhuang/fuzz/qasan/libqasan/hooks.c:80  #4  0x10920
[Y]Call Stack:  in CWE401_Memory_Leak__char_calloc_32_bad (/home/wuhuang/fuzz/qasan/Juliet_memLeak/testcase_test/CWE401_Memory_Leak/CWE401_Memory_Leak__char_calloc_32.out+0x920)  #5  0x10a68
[Y]Call Stack:  in main (/home/wuhuang/fuzz/qasan/Juliet_memLeak/testcase_test/CWE401_Memory_Leak/CWE401_Memory_Leak__char_calloc_32.out+0xa68)  #6  0xff7b2f24
[Y]Call Stack:  in __libc_start_main /home/wuhuang/fuzz/qasan/libqasan/libqasan.c:91  #7  0x10840
[Y]Call Stack:  in _start /home/tcwg-buildslave/workspace/tcwg-make-release/label/tcwg-x86_64-ex40/target/arm-linux-gnueabi/snapshots/eglibc.git~linaro_eglibc-2_19/libc/csu/../ports/sysdeps/arm/start.S:128
using ASAN_GIOVESE
Calling good()...
A String
A String
Finished good()
Calling bad()...
A String
Finished bad()

=== Memory Leak Detected ===
Memory Range: [0x22218 - 0x2227c]
Call Stack (depth 7):
  #0  0xff580fe0
[Y]Call Stack:  in syscall (/home/wuhuang/fuzz/qasan/cramfs-root/lib/arm-linux-gnueabi/libc-2.13.so+0xcdfe0)  #1  0xff7b3f6c
[Y]Call Stack:  in __libqasan_malloc /home/wuhuang/fuzz/qasan/libqasan/malloc.c:207  #2  0xff7b308e
[Y]Call Stack:  in malloc /home/wuhuang/fuzz/qasan/libqasan/hooks.c:68  #3  0x10ac4
[Y]Call Stack:  in _ZN37CWE401_Memory_Leak__new_array_char_813badEv (/home/wuhuang/fuzz/qasan/Juliet_memLeak/testcase_test/CWE401_Memory_Leak/CWE401_Memory_Leak__new_array_char_81.out+0xac4)  #4  0x10bf8
[Y]Call Stack:  in main (/home/wuhuang/fuzz/qasan/Juliet_memLeak/testcase_test/CWE401_Memory_Leak/CWE401_Memory_Leak__new_array_char_81.out+0xbf8)  #5  0xff7b2f24
[Y]Call Stack:  in __libc_start_main /home/wuhuang/fuzz/qasan/libqasan/libqasan.c:91  #6  0x109f4
[Y]Call Stack:  in _start /home/tcwg-buildslave/workspace/tcwg-make-release/label/tcwg-x86_64-ex40/target/arm-linux-gnueabi/snapshots/eglibc.git~linaro_eglibc-2_19/libc/csu/../ports/sysdeps/arm/start.S:128
using ASAN_GIOVESE
Calling good()...
5
5
Finished good()
Calling bad()...
5
Finished bad()

=== Memory Leak Detected ===
Memory Range: [0x22340 - 0x224d0]
Call Stack (depth 7):
  #0  0xff67afe0
[Y]Call Stack:  in syscall (/home/wuhuang/fuzz/qasan/cramfs-root/lib/arm-linux-gnueabi/libc-2.13.so+0xcdfe0)  #1  0xff7b3f6c
[Y]Call Stack:  in __libqasan_malloc /home/wuhuang/fuzz/qasan/libqasan/malloc.c:207  #2  0xff7b308e
[Y]Call Stack:  in malloc /home/wuhuang/fuzz/qasan/libqasan/hooks.c:68  #3  0x108e2
[Y]Call Stack:  in CWE401_Memory_Leak__int_malloc_68_bad (/home/wuhuang/fuzz/qasan/Juliet_memLeak/testcase_test/CWE401_Memory_Leak/CWE401_Memory_Leak__int_malloc_68.out+0x8e2)  #4  0x109f8
[Y]Call Stack:  in main (/home/wuhuang/fuzz/qasan/Juliet_memLeak/testcase_test/CWE401_Memory_Leak/CWE401_Memory_Leak__int_malloc_68.out+0x9f8)  #5  0xff7b2f24
[Y]Call Stack:  in __libc_start_main /home/wuhuang/fuzz/qasan/libqasan/libqasan.c:91  #6  0x10810
[Y]Call Stack:  in _start /home/tcwg-buildslave/workspace/tcwg-make-release/label/tcwg-x86_64-ex40/target/arm-linux-gnueabi/snapshots/eglibc.git~linaro_eglibc-2_19/libc/csu/../ports/sysdeps/arm/start.S:128
using ASAN_GIOVESE
Calling good()...
5
5
Finished good()
Calling bad()...
5
Finished bad()

=== Memory Leak Detected ===
Memory Range: [0x22340 - 0x224d0]
Call Stack (depth 8):
  #0  0xff67afe0
[Y]Call Stack:  in syscall (/home/wuhuang/fuzz/qasan/cramfs-root/lib/arm-linux-gnueabi/libc-2.13.so+0xcdfe0)  #1  0xff7b3f6c
[Y]Call Stack:  in __libqasan_malloc /home/wuhuang/fuzz/qasan/libqasan/malloc.c:207  #2  0xff7b4162
[Y]Call Stack:  in __libqasan_calloc /home/wuhuang/fuzz/qasan/libqasan/malloc.c:283  #3  0xff7b30b2
[Y]Call Stack:  in calloc /home/wuhuang/fuzz/qasan/libqasan/hooks.c:80  #4  0x10912
[Y]Call Stack:  in CWE401_Memory_Leak__int_calloc_01_bad (/home/wuhuang/fuzz/qasan/Juliet_memLeak/testcase_test/CWE401_Memory_Leak/CWE401_Memory_Leak__int_calloc_01.out+0x912)  #5  0x109fc
[Y]Call Stack:  in main (/home/wuhuang/fuzz/qasan/Juliet_memLeak/testcase_test/CWE401_Memory_Leak/CWE401_Memory_Leak__int_calloc_01.out+0x9fc)  #6  0xff7b2f24
[Y]Call Stack:  in __libc_start_main /home/wuhuang/fuzz/qasan/libqasan/libqasan.c:91  #7  0x10840
[Y]Call Stack:  in _start /home/tcwg-buildslave/workspace/tcwg-make-release/label/tcwg-x86_64-ex40/target/arm-linux-gnueabi/snapshots/eglibc.git~linaro_eglibc-2_19/libc/csu/../ports/sysdeps/arm/start.S:128
using ASAN_GIOVESE
Calling good()...
5
5
5
5
Finished good()
Calling bad()...
5
Finished bad()

=== Memory Leak Detected ===
Memory Range: [0x225e8 - 0x22778]
Call Stack (depth 8):
  #0  0xff67afe0
[Y]Call Stack:  in syscall (/home/wuhuang/fuzz/qasan/cramfs-root/lib/arm-linux-gnueabi/libc-2.13.so+0xcdfe0)  #1  0xff7b3f6c
[Y]Call Stack:  in __libqasan_malloc /home/wuhuang/fuzz/qasan/libqasan/malloc.c:207  #2  0xff7b4162
[Y]Call Stack:  in __libqasan_calloc /home/wuhuang/fuzz/qasan/libqasan/malloc.c:283  #3  0xff7b30b2
[Y]Call Stack:  in calloc /home/wuhuang/fuzz/qasan/libqasan/hooks.c:80  #4  0x10918
[Y]Call Stack:  in CWE401_Memory_Leak__int_calloc_06_bad (/home/wuhuang/fuzz/qasan/Juliet_memLeak/testcase_test/CWE401_Memory_Leak/CWE401_Memory_Leak__int_calloc_06.out+0x918)  #5  0x10ab8
[Y]Call Stack:  in main (/home/wuhuang/fuzz/qasan/Juliet_memLeak/testcase_test/CWE401_Memory_Leak/CWE401_Memory_Leak__int_calloc_06.out+0xab8)  #6  0xff7b2f24
[Y]Call Stack:  in __libc_start_main /home/wuhuang/fuzz/qasan/libqasan/libqasan.c:91  #7  0x10840
[Y]Call Stack:  in _start /home/tcwg-buildslave/workspace/tcwg-make-release/label/tcwg-x86_64-ex40/target/arm-linux-gnueabi/snapshots/eglibc.git~linaro_eglibc-2_19/libc/csu/../ports/sysdeps/arm/start.S:128
using ASAN_GIOVESE
Calling good()...
5
10
5
10
Finished good()
Calling bad()...
5
10
Finished bad()
No memory leak detected.
using ASAN_GIOVESE
Calling good()...
5
5
5
5
Finished good()
Calling bad()...
5
Finished bad()

=== Memory Leak Detected ===
Memory Range: [0x225e8 - 0x22778]
Call Stack (depth 7):
  #0  0xff67afe0
[Y]Call Stack:  in syscall (/home/wuhuang/fuzz/qasan/cramfs-root/lib/arm-linux-gnueabi/libc-2.13.so+0xcdfe0)  #1  0xff7b3f6c
[Y]Call Stack:  in __libqasan_malloc /home/wuhuang/fuzz/qasan/libqasan/malloc.c:207  #2  0xff7b308e
[Y]Call Stack:  in malloc /home/wuhuang/fuzz/qasan/libqasan/hooks.c:68  #3  0x108f0
[Y]Call Stack:  in CWE401_Memory_Leak__int_malloc_13_bad (/home/wuhuang/fuzz/qasan/Juliet_memLeak/testcase_test/CWE401_Memory_Leak/CWE401_Memory_Leak__int_malloc_13.out+0x8f0)  #4  0x10ac0
[Y]Call Stack:  in main (/home/wuhuang/fuzz/qasan/Juliet_memLeak/testcase_test/CWE401_Memory_Leak/CWE401_Memory_Leak__int_malloc_13.out+0xac0)  #5  0xff7b2f24
[Y]Call Stack:  in __libc_start_main /home/wuhuang/fuzz/qasan/libqasan/libqasan.c:91  #6  0x10810
[Y]Call Stack:  in _start /home/tcwg-buildslave/workspace/tcwg-make-release/label/tcwg-x86_64-ex40/target/arm-linux-gnueabi/snapshots/eglibc.git~linaro_eglibc-2_19/libc/csu/../ports/sysdeps/arm/start.S:128
using ASAN_GIOVESE
Calling good()...
A String
A String
Finished good()
Calling bad()...
A String
Finished bad()

=== Memory Leak Detected ===
Memory Range: [0x22218 - 0x2227c]
Call Stack (depth 7):
  #0  0xff67afe0
[Y]Call Stack:  in syscall (/home/wuhuang/fuzz/qasan/cramfs-root/lib/arm-linux-gnueabi/libc-2.13.so+0xcdfe0)  #1  0xff7b3f6c
[Y]Call Stack:  in __libqasan_malloc /home/wuhuang/fuzz/qasan/libqasan/malloc.c:207  #2  0xff7b308e
[Y]Call Stack:  in malloc /home/wuhuang/fuzz/qasan/libqasan/hooks.c:68  #3  0x108e0
[Y]Call Stack:  in CWE401_Memory_Leak__char_malloc_31_bad (/home/wuhuang/fuzz/qasan/Juliet_memLeak/testcase_test/CWE401_Memory_Leak/CWE401_Memory_Leak__char_malloc_31.out+0x8e0)  #4  0x10a00
[Y]Call Stack:  in main (/home/wuhuang/fuzz/qasan/Juliet_memLeak/testcase_test/CWE401_Memory_Leak/CWE401_Memory_Leak__char_malloc_31.out+0xa00)  #5  0xff7b2f24
[Y]Call Stack:  in __libc_start_main /home/wuhuang/fuzz/qasan/libqasan/libqasan.c:91  #6  0x10810
[Y]Call Stack:  in _start /home/tcwg-buildslave/workspace/tcwg-make-release/label/tcwg-x86_64-ex40/target/arm-linux-gnueabi/snapshots/eglibc.git~linaro_eglibc-2_19/libc/csu/../ports/sysdeps/arm/start.S:128
using ASAN_GIOVESE
Calling good()...
5
5
Finished good()
Calling bad()...
5
Finished bad()

=== Memory Leak Detected ===
Memory Range: [0x22340 - 0x224d0]
Call Stack (depth 8):
  #0  0xff67afe0
[Y]Call Stack:  in syscall (/home/wuhuang/fuzz/qasan/cramfs-root/lib/arm-linux-gnueabi/libc-2.13.so+0xcdfe0)  #1  0xff7b3f6c
[Y]Call Stack:  in __libqasan_malloc /home/wuhuang/fuzz/qasan/libqasan/malloc.c:207  #2  0xff7b4162
[Y]Call Stack:  in __libqasan_calloc /home/wuhuang/fuzz/qasan/libqasan/malloc.c:283  #3  0xff7b30b2
[Y]Call Stack:  in calloc /home/wuhuang/fuzz/qasan/libqasan/hooks.c:80  #4  0x10918
[Y]Call Stack:  in CWE401_Memory_Leak__int_calloc_17_bad (/home/wuhuang/fuzz/qasan/Juliet_memLeak/testcase_test/CWE401_Memory_Leak/CWE401_Memory_Leak__int_calloc_17.out+0x918)  #5  0x10a68
[Y]Call Stack:  in main (/home/wuhuang/fuzz/qasan/Juliet_memLeak/testcase_test/CWE401_Memory_Leak/CWE401_Memory_Leak__int_calloc_17.out+0xa68)  #6  0xff7b2f24
[Y]Call Stack:  in __libc_start_main /home/wuhuang/fuzz/qasan/libqasan/libqasan.c:91  #7  0x10840
[Y]Call Stack:  in _start /home/tcwg-buildslave/workspace/tcwg-make-release/label/tcwg-x86_64-ex40/target/arm-linux-gnueabi/snapshots/eglibc.git~linaro_eglibc-2_19/libc/csu/../ports/sysdeps/arm/start.S:128
using ASAN_GIOVESE
Calling good()...
5
10
5
10
Finished good()
Calling bad()...
5
10
Finished bad()
No memory leak detected.
using ASAN_GIOVESE
Calling good()...
5
5
5
5
Finished good()
Calling bad()...
5
Finished bad()

=== Memory Leak Detected ===
Memory Range: [0x225e8 - 0x22778]
Call Stack (depth 7):
  #0  0xff67afe0
[Y]Call Stack:  in syscall (/home/wuhuang/fuzz/qasan/cramfs-root/lib/arm-linux-gnueabi/libc-2.13.so+0xcdfe0)  #1  0xff7b3f6c
[Y]Call Stack:  in __libqasan_malloc /home/wuhuang/fuzz/qasan/libqasan/malloc.c:207  #2  0xff7b308e
[Y]Call Stack:  in malloc /home/wuhuang/fuzz/qasan/libqasan/hooks.c:68  #3  0x108e2
[Y]Call Stack:  in CWE401_Memory_Leak__int_malloc_02_bad (/home/wuhuang/fuzz/qasan/Juliet_memLeak/testcase_test/CWE401_Memory_Leak/CWE401_Memory_Leak__int_malloc_02.out+0x8e2)  #4  0x10a40
[Y]Call Stack:  in main (/home/wuhuang/fuzz/qasan/Juliet_memLeak/testcase_test/CWE401_Memory_Leak/CWE401_Memory_Leak__int_malloc_02.out+0xa40)  #5  0xff7b2f24
[Y]Call Stack:  in __libc_start_main /home/wuhuang/fuzz/qasan/libqasan/libqasan.c:91  #6  0x10810
[Y]Call Stack:  in _start /home/tcwg-buildslave/workspace/tcwg-make-release/label/tcwg-x86_64-ex40/target/arm-linux-gnueabi/snapshots/eglibc.git~linaro_eglibc-2_19/libc/csu/../ports/sysdeps/arm/start.S:128
using ASAN_GIOVESE
Calling good()...
A String
A String
Finished good()
Calling bad()...
A String
Finished bad()

=== Memory Leak Detected ===
Memory Range: [0x22218 - 0x2227c]
Call Stack (depth 8):
  #0  0xff67afe0
[Y]Call Stack:  in syscall (/home/wuhuang/fuzz/qasan/cramfs-root/lib/arm-linux-gnueabi/libc-2.13.so+0xcdfe0)  #1  0xff7b3f6c
[Y]Call Stack:  in __libqasan_malloc /home/wuhuang/fuzz/qasan/libqasan/malloc.c:207  #2  0xff7b41b0
[Y]Call Stack:  in __libqasan_realloc /home/wuhuang/fuzz/qasan/libqasan/malloc.c:294  #3  0xff7b30d6
[Y]Call Stack:  in realloc /home/wuhuang/fuzz/qasan/libqasan/hooks.c:92  #4  0x10924
[Y]Call Stack:  in CWE401_Memory_Leak__char_realloc_32_bad (/home/wuhuang/fuzz/qasan/Juliet_memLeak/testcase_test/CWE401_Memory_Leak/CWE401_Memory_Leak__char_realloc_32.out+0x924)  #5  0x10a68
[Y]Call Stack:  in main (/home/wuhuang/fuzz/qasan/Juliet_memLeak/testcase_test/CWE401_Memory_Leak/CWE401_Memory_Leak__char_realloc_32.out+0xa68)  #6  0xff7b2f24
[Y]Call Stack:  in __libc_start_main /home/wuhuang/fuzz/qasan/libqasan/libqasan.c:91  #7  0x10844
[Y]Call Stack:  in _start /home/tcwg-buildslave/workspace/tcwg-make-release/label/tcwg-x86_64-ex40/target/arm-linux-gnueabi/snapshots/eglibc.git~linaro_eglibc-2_19/libc/csu/../ports/sysdeps/arm/start.S:128
using ASAN_GIOVESE
Calling good()...
5
5
5
Finished good()
Calling bad()...
5
Finished bad()

=== Memory Leak Detected ===
Memory Range: [0x225e8 - 0x22778]
Call Stack (depth 8):
  #0  0xff67afe0
[Y]Call Stack:  in syscall (/home/wuhuang/fuzz/qasan/cramfs-root/lib/arm-linux-gnueabi/libc-2.13.so+0xcdfe0)  #1  0xff7b3f6c
[Y]Call Stack:  in __libqasan_malloc /home/wuhuang/fuzz/qasan/libqasan/malloc.c:207  #2  0xff7b41b0
[Y]Call Stack:  in __libqasan_realloc /home/wuhuang/fuzz/qasan/libqasan/malloc.c:294  #3  0xff7b30d6
[Y]Call Stack:  in realloc /home/wuhuang/fuzz/qasan/libqasan/hooks.c:92  #4  0x1092c
[Y]Call Stack:  in CWE401_Memory_Leak__int_realloc_21_bad (/home/wuhuang/fuzz/qasan/Juliet_memLeak/testcase_test/CWE401_Memory_Leak/CWE401_Memory_Leak__int_realloc_21.out+0x92c)  #5  0x10afc
[Y]Call Stack:  in main (/home/wuhuang/fuzz/qasan/Juliet_memLeak/testcase_test/CWE401_Memory_Leak/CWE401_Memory_Leak__int_realloc_21.out+0xafc)  #6  0xff7b2f24
[Y]Call Stack:  in __libc_start_main /home/wuhuang/fuzz/qasan/libqasan/libqasan.c:91  #7  0x10844
[Y]Call Stack:  in _start /home/tcwg-buildslave/workspace/tcwg-make-release/label/tcwg-x86_64-ex40/target/arm-linux-gnueabi/snapshots/eglibc.git~linaro_eglibc-2_19/libc/csu/../ports/sysdeps/arm/start.S:128
using ASAN_GIOVESE
Calling good()...
5
10
5
10
Finished good()
Calling bad()...
5
10
Finished bad()
No memory leak detected.
using ASAN_GIOVESE
Calling good()...
5
5
5
5
Finished good()
Calling bad()...
5
Finished bad()

=== Memory Leak Detected ===
Memory Range: [0x225e8 - 0x22778]
Call Stack (depth 7):
  #0  0xff67afe0
[Y]Call Stack:  in syscall (/home/wuhuang/fuzz/qasan/cramfs-root/lib/arm-linux-gnueabi/libc-2.13.so+0xcdfe0)  #1  0xff7b3f6c
[Y]Call Stack:  in __libqasan_malloc /home/wuhuang/fuzz/qasan/libqasan/malloc.c:207  #2  0xff7b308e
[Y]Call Stack:  in malloc /home/wuhuang/fuzz/qasan/libqasan/hooks.c:68  #3  0x108f0
[Y]Call Stack:  in CWE401_Memory_Leak__int_malloc_05_bad (/home/wuhuang/fuzz/qasan/Juliet_memLeak/testcase_test/CWE401_Memory_Leak/CWE401_Memory_Leak__int_malloc_05.out+0x8f0)  #4  0x10ac0
[Y]Call Stack:  in main (/home/wuhuang/fuzz/qasan/Juliet_memLeak/testcase_test/CWE401_Memory_Leak/CWE401_Memory_Leak__int_malloc_05.out+0xac0)  #5  0xff7b2f24
[Y]Call Stack:  in __libc_start_main /home/wuhuang/fuzz/qasan/libqasan/libqasan.c:91  #6  0x10810
[Y]Call Stack:  in _start /home/tcwg-buildslave/workspace/tcwg-make-release/label/tcwg-x86_64-ex40/target/arm-linux-gnueabi/snapshots/eglibc.git~linaro_eglibc-2_19/libc/csu/../ports/sysdeps/arm/start.S:128
using ASAN_GIOVESE
Calling good()...
5
5
5
5
Finished good()
Calling bad()...
5
Finished bad()

=== Memory Leak Detected ===
Memory Range: [0x225e8 - 0x22778]
Call Stack (depth 8):
  #0  0xff67afe0
[Y]Call Stack:  in syscall (/home/wuhuang/fuzz/qasan/cramfs-root/lib/arm-linux-gnueabi/libc-2.13.so+0xcdfe0)  #1  0xff7b3f6c
[Y]Call Stack:  in __libqasan_malloc /home/wuhuang/fuzz/qasan/libqasan/malloc.c:207  #2  0xff7b4162
[Y]Call Stack:  in __libqasan_calloc /home/wuhuang/fuzz/qasan/libqasan/malloc.c:283  #3  0xff7b30b2
[Y]Call Stack:  in calloc /home/wuhuang/fuzz/qasan/libqasan/hooks.c:80  #4  0x10920
[Y]Call Stack:  in CWE401_Memory_Leak__int_calloc_10_bad (/home/wuhuang/fuzz/qasan/Juliet_memLeak/testcase_test/CWE401_Memory_Leak/CWE401_Memory_Leak__int_calloc_10.out+0x920)  #5  0x10af0
[Y]Call Stack:  in main (/home/wuhuang/fuzz/qasan/Juliet_memLeak/testcase_test/CWE401_Memory_Leak/CWE401_Memory_Leak__int_calloc_10.out+0xaf0)  #6  0xff7b2f24
[Y]Call Stack:  in __libc_start_main /home/wuhuang/fuzz/qasan/libqasan/libqasan.c:91  #7  0x10840
[Y]Call Stack:  in _start /home/tcwg-buildslave/workspace/tcwg-make-release/label/tcwg-x86_64-ex40/target/arm-linux-gnueabi/snapshots/eglibc.git~linaro_eglibc-2_19/libc/csu/../ports/sysdeps/arm/start.S:128
using ASAN_GIOVESE
Calling good()...
A String
A String
Finished good()
Calling bad()...
A String
Finished bad()

=== Memory Leak Detected ===
Memory Range: [0x22218 - 0x2227c]
Call Stack (depth 7):
  #0  0xff580fe0
[Y]Call Stack:  in syscall (/home/wuhuang/fuzz/qasan/cramfs-root/lib/arm-linux-gnueabi/libc-2.13.so+0xcdfe0)  #1  0xff7b3f6c
[Y]Call Stack:  in __libqasan_malloc /home/wuhuang/fuzz/qasan/libqasan/malloc.c:207  #2  0xff7b308e
[Y]Call Stack:  in malloc /home/wuhuang/fuzz/qasan/libqasan/hooks.c:68  #3  0x109f8
[Y]Call Stack:  in _ZN37CWE401_Memory_Leak__new_array_char_413badEv (/home/wuhuang/fuzz/qasan/Juliet_memLeak/testcase_test/CWE401_Memory_Leak/CWE401_Memory_Leak__new_array_char_41.out+0x9f8)  #4  0x10b18
[Y]Call Stack:  in main (/home/wuhuang/fuzz/qasan/Juliet_memLeak/testcase_test/CWE401_Memory_Leak/CWE401_Memory_Leak__new_array_char_41.out+0xb18)  #5  0xff7b2f24
[Y]Call Stack:  in __libc_start_main /home/wuhuang/fuzz/qasan/libqasan/libqasan.c:91  #6  0x10914
[Y]Call Stack:  in _start /home/tcwg-buildslave/workspace/tcwg-make-release/label/tcwg-x86_64-ex40/target/arm-linux-gnueabi/snapshots/eglibc.git~linaro_eglibc-2_19/libc/csu/../ports/sysdeps/arm/start.S:128
using ASAN_GIOVESE
Calling good()...
A String
A String
Finished good()
Calling bad()...
A String
Finished bad()

=== Memory Leak Detected ===
Memory Range: [0x22218 - 0x2227c]
Call Stack (depth 7):
  #0  0xff67afe0
[Y]Call Stack:  in syscall (/home/wuhuang/fuzz/qasan/cramfs-root/lib/arm-linux-gnueabi/libc-2.13.so+0xcdfe0)  #1  0xff7b3f6c
[Y]Call Stack:  in __libqasan_malloc /home/wuhuang/fuzz/qasan/libqasan/malloc.c:207  #2  0xff7b308e
[Y]Call Stack:  in malloc /home/wuhuang/fuzz/qasan/libqasan/hooks.c:68  #3  0x108fe
[Y]Call Stack:  in CWE401_Memory_Leak__char_malloc_44_bad (/home/wuhuang/fuzz/qasan/Juliet_memLeak/testcase_test/CWE401_Memory_Leak/CWE401_Memory_Leak__char_malloc_44.out+0x8fe)  #4  0x10a50
[Y]Call Stack:  in main (/home/wuhuang/fuzz/qasan/Juliet_memLeak/testcase_test/CWE401_Memory_Leak/CWE401_Memory_Leak__char_malloc_44.out+0xa50)  #5  0xff7b2f24
[Y]Call Stack:  in __libc_start_main /home/wuhuang/fuzz/qasan/libqasan/libqasan.c:91  #6  0x10810
[Y]Call Stack:  in _start /home/tcwg-buildslave/workspace/tcwg-make-release/label/tcwg-x86_64-ex40/target/arm-linux-gnueabi/snapshots/eglibc.git~linaro_eglibc-2_19/libc/csu/../ports/sysdeps/arm/start.S:128
using ASAN_GIOVESE
Calling good()...
5
5
Finished good()
Calling bad()...
5
Finished bad()

=== Memory Leak Detected ===
Memory Range: [0x22340 - 0x224d0]
Call Stack (depth 9):
  #0  0xff580fe0
[Y]Call Stack:  in syscall (/home/wuhuang/fuzz/qasan/cramfs-root/lib/arm-linux-gnueabi/libc-2.13.so+0xcdfe0)  #1  0xff7b3f6c
[Y]Call Stack:  in __libqasan_malloc /home/wuhuang/fuzz/qasan/libqasan/malloc.c:207  #2  0xff7b4162
[Y]Call Stack:  in __libqasan_calloc /home/wuhuang/fuzz/qasan/libqasan/malloc.c:283  #3  0xff7b30b2
[Y]Call Stack:  in calloc /home/wuhuang/fuzz/qasan/libqasan/hooks.c:80  #4  0x10a6c
[Y]Call Stack:  in _ZN33CWE401_Memory_Leak__int_calloc_629badSourceERPi (/home/wuhuang/fuzz/qasan/Juliet_memLeak/testcase_test/CWE401_Memory_Leak/CWE401_Memory_Leak__int_calloc_62.out+0xa6c)  #5  0x109b2
[Y]Call Stack:  in _ZN33CWE401_Memory_Leak__int_calloc_623badEv (/home/wuhuang/fuzz/qasan/Juliet_memLeak/testcase_test/CWE401_Memory_Leak/CWE401_Memory_Leak__int_calloc_62.out+0x9b2)  #6  0x10a44
[Y]Call Stack:  in main (/home/wuhuang/fuzz/qasan/Juliet_memLeak/testcase_test/CWE401_Memory_Leak/CWE401_Memory_Leak__int_calloc_62.out+0xa44)  #7  0xff7b2f24
[Y]Call Stack:  in __libc_start_main /home/wuhuang/fuzz/qasan/libqasan/libqasan.c:91  #8  0x108e0
[Y]Call Stack:  in _start /home/tcwg-buildslave/workspace/tcwg-make-release/label/tcwg-x86_64-ex40/target/arm-linux-gnueabi/snapshots/eglibc.git~linaro_eglibc-2_19/libc/csu/../ports/sysdeps/arm/start.S:128
using ASAN_GIOVESE
Calling good()...
A String
A String
Finished good()
Calling bad()...
A String
Finished bad()

=== Memory Leak Detected ===
Memory Range: [0x22218 - 0x2227c]
Call Stack (depth 7):
  #0  0xff580fe0
[Y]Call Stack:  in syscall (/home/wuhuang/fuzz/qasan/cramfs-root/lib/arm-linux-gnueabi/libc-2.13.so+0xcdfe0)  #1  0xff7b3f6c
[Y]Call Stack:  in __libqasan_malloc /home/wuhuang/fuzz/qasan/libqasan/malloc.c:207  #2  0xff7b308e
[Y]Call Stack:  in malloc /home/wuhuang/fuzz/qasan/libqasan/hooks.c:68  #3  0x109e8
[Y]Call Stack:  in _ZN37CWE401_Memory_Leak__new_array_char_333badEv (/home/wuhuang/fuzz/qasan/Juliet_memLeak/testcase_test/CWE401_Memory_Leak/CWE401_Memory_Leak__new_array_char_33.out+0x9e8)  #4  0x10af0
[Y]Call Stack:  in main (/home/wuhuang/fuzz/qasan/Juliet_memLeak/testcase_test/CWE401_Memory_Leak/CWE401_Memory_Leak__new_array_char_33.out+0xaf0)  #5  0xff7b2f24
[Y]Call Stack:  in __libc_start_main /home/wuhuang/fuzz/qasan/libqasan/libqasan.c:91  #6  0x10914
[Y]Call Stack:  in _start /home/tcwg-buildslave/workspace/tcwg-make-release/label/tcwg-x86_64-ex40/target/arm-linux-gnueabi/snapshots/eglibc.git~linaro_eglibc-2_19/libc/csu/../ports/sysdeps/arm/start.S:128
using ASAN_GIOVESE
Calling good()...
A String
A String
Finished good()
Calling bad()...
A String
Finished bad()

=== Memory Leak Detected ===
Memory Range: [0x22218 - 0x2227c]
Call Stack (depth 8):
  #0  0xff67afe0
[Y]Call Stack:  in syscall (/home/wuhuang/fuzz/qasan/cramfs-root/lib/arm-linux-gnueabi/libc-2.13.so+0xcdfe0)  #1  0xff7b3f6c
[Y]Call Stack:  in __libqasan_malloc /home/wuhuang/fuzz/qasan/libqasan/malloc.c:207  #2  0xff7b4162
[Y]Call Stack:  in __libqasan_calloc /home/wuhuang/fuzz/qasan/libqasan/malloc.c:283  #3  0xff7b30b2
[Y]Call Stack:  in calloc /home/wuhuang/fuzz/qasan/libqasan/hooks.c:80  #4  0x10912
[Y]Call Stack:  in CWE401_Memory_Leak__char_calloc_51_bad (/home/wuhuang/fuzz/qasan/Juliet_memLeak/testcase_test/CWE401_Memory_Leak/CWE401_Memory_Leak__char_calloc_51.out+0x912)  #5  0x10a28
[Y]Call Stack:  in main (/home/wuhuang/fuzz/qasan/Juliet_memLeak/testcase_test/CWE401_Memory_Leak/CWE401_Memory_Leak__char_calloc_51.out+0xa28)  #6  0xff7b2f24
[Y]Call Stack:  in __libc_start_main /home/wuhuang/fuzz/qasan/libqasan/libqasan.c:91  #7  0x10840
[Y]Call Stack:  in _start /home/tcwg-buildslave/workspace/tcwg-make-release/label/tcwg-x86_64-ex40/target/arm-linux-gnueabi/snapshots/eglibc.git~linaro_eglibc-2_19/libc/csu/../ports/sysdeps/arm/start.S:128
using ASAN_GIOVESE
Calling good()...
5
5
Finished good()
Calling bad()...
5
Finished bad()

=== Memory Leak Detected ===
Memory Range: [0x22340 - 0x224d0]
Call Stack (depth 8):
  #0  0xff67afe0
[Y]Call Stack:  in syscall (/home/wuhuang/fuzz/qasan/cramfs-root/lib/arm-linux-gnueabi/libc-2.13.so+0xcdfe0)  #1  0xff7b3f6c
[Y]Call Stack:  in __libqasan_malloc /home/wuhuang/fuzz/qasan/libqasan/malloc.c:207  #2  0xff7b41b0
[Y]Call Stack:  in __libqasan_realloc /home/wuhuang/fuzz/qasan/libqasan/malloc.c:294  #3  0xff7b30d6
[Y]Call Stack:  in realloc /home/wuhuang/fuzz/qasan/libqasan/hooks.c:92  #4  0x10918
[Y]Call Stack:  in CWE401_Memory_Leak__int_realloc_53_bad (/home/wuhuang/fuzz/qasan/Juliet_memLeak/testcase_test/CWE401_Memory_Leak/CWE401_Memory_Leak__int_realloc_53.out+0x918)  #5  0x10a0c
[Y]Call Stack:  in main (/home/wuhuang/fuzz/qasan/Juliet_memLeak/testcase_test/CWE401_Memory_Leak/CWE401_Memory_Leak__int_realloc_53.out+0xa0c)  #6  0xff7b2f24
[Y]Call Stack:  in __libc_start_main /home/wuhuang/fuzz/qasan/libqasan/libqasan.c:91  #7  0x10844
[Y]Call Stack:  in _start /home/tcwg-buildslave/workspace/tcwg-make-release/label/tcwg-x86_64-ex40/target/arm-linux-gnueabi/snapshots/eglibc.git~linaro_eglibc-2_19/libc/csu/../ports/sysdeps/arm/start.S:128
using ASAN_GIOVESE
Calling good()...
5
5
Finished good()
Calling bad()...
5
Finished bad()

=== Memory Leak Detected ===
Memory Range: [0x22580 - 0x22710]
Call Stack (depth 8):
  #0  0xff580fe0
[Y]Call Stack:  in syscall (/home/wuhuang/fuzz/qasan/cramfs-root/lib/arm-linux-gnueabi/libc-2.13.so+0xcdfe0)  #1  0xff7b3f6c
[Y]Call Stack:  in __libqasan_malloc /home/wuhuang/fuzz/qasan/libqasan/malloc.c:207  #2  0xff7b41b0
[Y]Call Stack:  in __libqasan_realloc /home/wuhuang/fuzz/qasan/libqasan/malloc.c:294  #3  0xff7b30d6
[Y]Call Stack:  in realloc /home/wuhuang/fuzz/qasan/libqasan/hooks.c:92  #4  0x10b26
[Y]Call Stack:  in _ZN34CWE401_Memory_Leak__int_realloc_823badEv (/home/wuhuang/fuzz/qasan/Juliet_memLeak/testcase_test/CWE401_Memory_Leak/CWE401_Memory_Leak__int_realloc_82.out+0xb26)  #5  0x10c80
[Y]Call Stack:  in main (/home/wuhuang/fuzz/qasan/Juliet_memLeak/testcase_test/CWE401_Memory_Leak/CWE401_Memory_Leak__int_realloc_82.out+0xc80)  #6  0xff7b2f24
[Y]Call Stack:  in __libc_start_main /home/wuhuang/fuzz/qasan/libqasan/libqasan.c:91  #7  0x10a50
[Y]Call Stack:  in _start /home/tcwg-buildslave/workspace/tcwg-make-release/label/tcwg-x86_64-ex40/target/arm-linux-gnueabi/snapshots/eglibc.git~linaro_eglibc-2_19/libc/csu/../ports/sysdeps/arm/start.S:128
using ASAN_GIOVESE
Calling good()...
5
5
Finished good()
Calling bad()...
5
Finished bad()

=== Memory Leak Detected ===
Memory Range: [0x22340 - 0x224d0]
Call Stack (depth 8):
  #0  0xff67afe0
[Y]Call Stack:  in syscall (/home/wuhuang/fuzz/qasan/cramfs-root/lib/arm-linux-gnueabi/libc-2.13.so+0xcdfe0)  #1  0xff7b3f6c
[Y]Call Stack:  in __libqasan_malloc /home/wuhuang/fuzz/qasan/libqasan/malloc.c:207  #2  0xff7b41b0
[Y]Call Stack:  in __libqasan_realloc /home/wuhuang/fuzz/qasan/libqasan/malloc.c:294  #3  0xff7b30d6
[Y]Call Stack:  in realloc /home/wuhuang/fuzz/qasan/libqasan/hooks.c:92  #4  0x10918
[Y]Call Stack:  in CWE401_Memory_Leak__int_realloc_54_bad (/home/wuhuang/fuzz/qasan/Juliet_memLeak/testcase_test/CWE401_Memory_Leak/CWE401_Memory_Leak__int_realloc_54.out+0x918)  #5  0x10a0c
[Y]Call Stack:  in main (/home/wuhuang/fuzz/qasan/Juliet_memLeak/testcase_test/CWE401_Memory_Leak/CWE401_Memory_Leak__int_realloc_54.out+0xa0c)  #6  0xff7b2f24
[Y]Call Stack:  in __libc_start_main /home/wuhuang/fuzz/qasan/libqasan/libqasan.c:91  #7  0x10844
[Y]Call Stack:  in _start /home/tcwg-buildslave/workspace/tcwg-make-release/label/tcwg-x86_64-ex40/target/arm-linux-gnueabi/snapshots/eglibc.git~linaro_eglibc-2_19/libc/csu/../ports/sysdeps/arm/start.S:128
using ASAN_GIOVESE
Calling good()...
A String
A String
Finished good()
Calling bad()...
A String
Finished bad()

=== Memory Leak Detected ===
Memory Range: [0x22218 - 0x2227c]
Call Stack (depth 8):
  #0  0xff580fe0
[Y]Call Stack:  in syscall (/home/wuhuang/fuzz/qasan/cramfs-root/lib/arm-linux-gnueabi/libc-2.13.so+0xcdfe0)  #1  0xff7b3f6c
[Y]Call Stack:  in __libqasan_malloc /home/wuhuang/fuzz/qasan/libqasan/malloc.c:207  #2  0xff7b308e
[Y]Call Stack:  in malloc /home/wuhuang/fuzz/qasan/libqasan/hooks.c:68  #3  0x10980
[Y]Call Stack:  in _ZN34CWE401_Memory_Leak__char_malloc_43L9badSourceERPc CWE401_Memory_Leak__char_malloc_43.cpp:?  #4  0x109d2
[Y]Call Stack:  in _ZN34CWE401_Memory_Leak__char_malloc_433badEv (/home/wuhuang/fuzz/qasan/Juliet_memLeak/testcase_test/CWE401_Memory_Leak/CWE401_Memory_Leak__char_malloc_43.out+0x9d2)  #5  0x10b00
[Y]Call Stack:  in main (/home/wuhuang/fuzz/qasan/Juliet_memLeak/testcase_test/CWE401_Memory_Leak/CWE401_Memory_Leak__char_malloc_43.out+0xb00)  #6  0xff7b2f24
[Y]Call Stack:  in __libc_start_main /home/wuhuang/fuzz/qasan/libqasan/libqasan.c:91  #7  0x108b0
[Y]Call Stack:  in _start /home/tcwg-buildslave/workspace/tcwg-make-release/label/tcwg-x86_64-ex40/target/arm-linux-gnueabi/snapshots/eglibc.git~linaro_eglibc-2_19/libc/csu/../ports/sysdeps/arm/start.S:128
using ASAN_GIOVESE
Calling good()...
5
5
Finished good()
Calling bad()...
5
Finished bad()

=== Memory Leak Detected ===
Memory Range: [0x22340 - 0x224d0]
Call Stack (depth 8):
  #0  0xff67afe0
[Y]Call Stack:  in syscall (/home/wuhuang/fuzz/qasan/cramfs-root/lib/arm-linux-gnueabi/libc-2.13.so+0xcdfe0)  #1  0xff7b3f6c
[Y]Call Stack:  in __libqasan_malloc /home/wuhuang/fuzz/qasan/libqasan/malloc.c:207  #2  0xff7b4162
[Y]Call Stack:  in __libqasan_calloc /home/wuhuang/fuzz/qasan/libqasan/malloc.c:283  #3  0xff7b30b2
[Y]Call Stack:  in calloc /home/wuhuang/fuzz/qasan/libqasan/hooks.c:80  #4  0x1091c
[Y]Call Stack:  in CWE401_Memory_Leak__int_calloc_65_bad (/home/wuhuang/fuzz/qasan/Juliet_memLeak/testcase_test/CWE401_Memory_Leak/CWE401_Memory_Leak__int_calloc_65.out+0x91c)  #5  0x10a28
[Y]Call Stack:  in main (/home/wuhuang/fuzz/qasan/Juliet_memLeak/testcase_test/CWE401_Memory_Leak/CWE401_Memory_Leak__int_calloc_65.out+0xa28)  #6  0xff7b2f24
[Y]Call Stack:  in __libc_start_main /home/wuhuang/fuzz/qasan/libqasan/libqasan.c:91  #7  0x10840
[Y]Call Stack:  in _start /home/tcwg-buildslave/workspace/tcwg-make-release/label/tcwg-x86_64-ex40/target/arm-linux-gnueabi/snapshots/eglibc.git~linaro_eglibc-2_19/libc/csu/../ports/sysdeps/arm/start.S:128
using ASAN_GIOVESE
Calling good()...
A String
A String
Finished good()
Calling bad()...
A String
Finished bad()

=== Memory Leak Detected ===
Memory Range: [0x22218 - 0x2227c]
Call Stack (depth 7):
  #0  0xff580fe0
[Y]Call Stack:  in syscall (/home/wuhuang/fuzz/qasan/cramfs-root/lib/arm-linux-gnueabi/libc-2.13.so+0xcdfe0)  #1  0xff7b3f6c
[Y]Call Stack:  in __libqasan_malloc /home/wuhuang/fuzz/qasan/libqasan/malloc.c:207  #2  0xff7b308e
[Y]Call Stack:  in malloc /home/wuhuang/fuzz/qasan/libqasan/hooks.c:68  #3  0x109e4
[Y]Call Stack:  in _ZN37CWE401_Memory_Leak__new_array_char_343badEv (/home/wuhuang/fuzz/qasan/Juliet_memLeak/testcase_test/CWE401_Memory_Leak/CWE401_Memory_Leak__new_array_char_34.out+0x9e4)  #4  0x10ae4
[Y]Call Stack:  in main (/home/wuhuang/fuzz/qasan/Juliet_memLeak/testcase_test/CWE401_Memory_Leak/CWE401_Memory_Leak__new_array_char_34.out+0xae4)  #5  0xff7b2f24
[Y]Call Stack:  in __libc_start_main /home/wuhuang/fuzz/qasan/libqasan/libqasan.c:91  #6  0x10914
[Y]Call Stack:  in _start /home/tcwg-buildslave/workspace/tcwg-make-release/label/tcwg-x86_64-ex40/target/arm-linux-gnueabi/snapshots/eglibc.git~linaro_eglibc-2_19/libc/csu/../ports/sysdeps/arm/start.S:128
using ASAN_GIOVESE
Calling good()...
A String
A String
Finished good()
Calling bad()...
A String
Finished bad()

=== Memory Leak Detected ===
Memory Range: [0x23b38 - 0x23b9c]
Call Stack (depth 8):
  #0  0xff580fe0
[Y]Call Stack:  in syscall (/home/wuhuang/fuzz/qasan/cramfs-root/lib/arm-linux-gnueabi/libc-2.13.so+0xcdfe0)  #1  0xff7b3f6c
[Y]Call Stack:  in __libqasan_malloc /home/wuhuang/fuzz/qasan/libqasan/malloc.c:207  #2  0xff7b41b0
[Y]Call Stack:  in __libqasan_realloc /home/wuhuang/fuzz/qasan/libqasan/malloc.c:294  #3  0xff7b30d6
[Y]Call Stack:  in realloc /home/wuhuang/fuzz/qasan/libqasan/hooks.c:92  #4  0x10c9e
[Y]Call Stack:  in _ZN35CWE401_Memory_Leak__char_realloc_723badEv (/home/wuhuang/fuzz/qasan/Juliet_memLeak/testcase_test/CWE401_Memory_Leak/CWE401_Memory_Leak__char_realloc_72.out+0xc9e)  #5  0x10f58
[Y]Call Stack:  in main (/home/wuhuang/fuzz/qasan/Juliet_memLeak/testcase_test/CWE401_Memory_Leak/CWE401_Memory_Leak__char_realloc_72.out+0xf58)  #6  0xff7b2f24
[Y]Call Stack:  in __libc_start_main /home/wuhuang/fuzz/qasan/libqasan/libqasan.c:91  #7  0x10bc0
[Y]Call Stack:  in _start /home/tcwg-buildslave/workspace/tcwg-make-release/label/tcwg-x86_64-ex40/target/arm-linux-gnueabi/snapshots/eglibc.git~linaro_eglibc-2_19/libc/csu/../ports/sysdeps/arm/start.S:128
using ASAN_GIOVESE
Calling bad()...
BadClass
Finished bad()

=== Memory Leak Detected ===
Memory Range: [0x22098 - 0x220a1]
Call Stack (depth 8):
  #0  0xff580fe0
[Y]Call Stack:  in syscall (/home/wuhuang/fuzz/qasan/cramfs-root/lib/arm-linux-gnueabi/libc-2.13.so+0xcdfe0)  #1  0xff7b3f6c
[Y]Call Stack:  in __libqasan_malloc /home/wuhuang/fuzz/qasan/libqasan/malloc.c:207  #2  0xff7b308e
[Y]Call Stack:  in malloc /home/wuhuang/fuzz/qasan/libqasan/hooks.c:68  #3  0x10b08
[Y]Call Stack:  in _ZN33CWE401_Memory_Leak__destructor_018BadClassC2EPKc (/home/wuhuang/fuzz/qasan/Juliet_memLeak/testcase_test/CWE401_Memory_Leak/CWE401_Memory_Leak__destructor_01_bad.out+0xb08)  #4  0x10a82
[Y]Call Stack:  in _ZN33CWE401_Memory_Leak__destructor_013badEv (/home/wuhuang/fuzz/qasan/Juliet_memLeak/testcase_test/CWE401_Memory_Leak/CWE401_Memory_Leak__destructor_01_bad.out+0xa82)  #5  0x10ad0
[Y]Call Stack:  in main (/home/wuhuang/fuzz/qasan/Juliet_memLeak/testcase_test/CWE401_Memory_Leak/CWE401_Memory_Leak__destructor_01_bad.out+0xad0)  #6  0xff7b2f24
[Y]Call Stack:  in __libc_start_main /home/wuhuang/fuzz/qasan/libqasan/libqasan.c:91  #7  0x109ac
[Y]Call Stack:  in _start /home/tcwg-buildslave/workspace/tcwg-make-release/label/tcwg-x86_64-ex40/target/arm-linux-gnueabi/snapshots/eglibc.git~linaro_eglibc-2_19/libc/csu/../ports/sysdeps/arm/start.S:128
using ASAN_GIOVESE
Calling good()...
GoodClass
Finished good()
No memory leak detected.
using ASAN_GIOVESE
Calling good()...
0 -- 0
1 -- 1
Finished good()
Calling bad()...
0 -- 0
1 -- 1
Finished bad()
No memory leak detected.
using ASAN_GIOVESE
Calling good()...
5
5
Finished good()
Calling bad()...
5
Finished bad()

=== Memory Leak Detected ===
Memory Range: [0x22340 - 0x224d0]
Call Stack (depth 7):
  #0  0xff67afe0
[Y]Call Stack:  in syscall (/home/wuhuang/fuzz/qasan/cramfs-root/lib/arm-linux-gnueabi/libc-2.13.so+0xcdfe0)  #1  0xff7b3f6c
[Y]Call Stack:  in __libqasan_malloc /home/wuhuang/fuzz/qasan/libqasan/malloc.c:207  #2  0xff7b308e
[Y]Call Stack:  in malloc /home/wuhuang/fuzz/qasan/libqasan/hooks.c:68  #3  0x108fe
[Y]Call Stack:  in CWE401_Memory_Leak__int_malloc_45_bad (/home/wuhuang/fuzz/qasan/Juliet_memLeak/testcase_test/CWE401_Memory_Leak/CWE401_Memory_Leak__int_malloc_45.out+0x8fe)  #4  0x10a50
[Y]Call Stack:  in main (/home/wuhuang/fuzz/qasan/Juliet_memLeak/testcase_test/CWE401_Memory_Leak/CWE401_Memory_Leak__int_malloc_45.out+0xa50)  #5  0xff7b2f24
[Y]Call Stack:  in __libc_start_main /home/wuhuang/fuzz/qasan/libqasan/libqasan.c:91  #6  0x10810
[Y]Call Stack:  in _start /home/tcwg-buildslave/workspace/tcwg-make-release/label/tcwg-x86_64-ex40/target/arm-linux-gnueabi/snapshots/eglibc.git~linaro_eglibc-2_19/libc/csu/../ports/sysdeps/arm/start.S:128
using ASAN_GIOVESE
Calling good()...
5
5
Finished good()
Calling bad()...
5
Finished bad()

=== Memory Leak Detected ===
Memory Range: [0x22340 - 0x224d0]
Call Stack (depth 9):
  #0  0xff67afe0
[Y]Call Stack:  in syscall (/home/wuhuang/fuzz/qasan/cramfs-root/lib/arm-linux-gnueabi/libc-2.13.so+0xcdfe0)  #1  0xff7b3f6c
[Y]Call Stack:  in __libqasan_malloc /home/wuhuang/fuzz/qasan/libqasan/malloc.c:207  #2  0xff7b41b0
[Y]Call Stack:  in __libqasan_realloc /home/wuhuang/fuzz/qasan/libqasan/malloc.c:294  #3  0xff7b30d6
[Y]Call Stack:  in realloc /home/wuhuang/fuzz/qasan/libqasan/hooks.c:92  #4  0x109d2
[Y]Call Stack:  in CWE401_Memory_Leak__int_realloc_61b_badSource (/home/wuhuang/fuzz/qasan/Juliet_memLeak/testcase_test/CWE401_Memory_Leak/CWE401_Memory_Leak__int_realloc_61.out+0x9d2)  #5  0x10914
[Y]Call Stack:  in CWE401_Memory_Leak__int_realloc_61_bad (/home/wuhuang/fuzz/qasan/Juliet_memLeak/testcase_test/CWE401_Memory_Leak/CWE401_Memory_Leak__int_realloc_61.out+0x914)  #6  0x109a8
[Y]Call Stack:  in main (/home/wuhuang/fuzz/qasan/Juliet_memLeak/testcase_test/CWE401_Memory_Leak/CWE401_Memory_Leak__int_realloc_61.out+0x9a8)  #7  0xff7b2f24
[Y]Call Stack:  in __libc_start_main /home/wuhuang/fuzz/qasan/libqasan/libqasan.c:91  #8  0x10844
[Y]Call Stack:  in _start /home/tcwg-buildslave/workspace/tcwg-make-release/label/tcwg-x86_64-ex40/target/arm-linux-gnueabi/snapshots/eglibc.git~linaro_eglibc-2_19/libc/csu/../ports/sysdeps/arm/start.S:128
using ASAN_GIOVESE
Calling good()...
A String
A String
Finished good()
Calling bad()...
A String
Finished bad()

=== Memory Leak Detected ===
Memory Range: [0x22218 - 0x2227c]
Call Stack (depth 8):
  #0  0xff67afe0
[Y]Call Stack:  in syscall (/home/wuhuang/fuzz/qasan/cramfs-root/lib/arm-linux-gnueabi/libc-2.13.so+0xcdfe0)  #1  0xff7b3f6c
[Y]Call Stack:  in __libqasan_malloc /home/wuhuang/fuzz/qasan/libqasan/malloc.c:207  #2  0xff7b4162
[Y]Call Stack:  in __libqasan_calloc /home/wuhuang/fuzz/qasan/libqasan/malloc.c:283  #3  0xff7b30b2
[Y]Call Stack:  in calloc /home/wuhuang/fuzz/qasan/libqasan/hooks.c:80  #4  0x10912
[Y]Call Stack:  in CWE401_Memory_Leak__char_calloc_63_bad (/home/wuhuang/fuzz/qasan/Juliet_memLeak/testcase_test/CWE401_Memory_Leak/CWE401_Memory_Leak__char_calloc_63.out+0x912)  #5  0x10a34
[Y]Call Stack:  in main (/home/wuhuang/fuzz/qasan/Juliet_memLeak/testcase_test/CWE401_Memory_Leak/CWE401_Memory_Leak__char_calloc_63.out+0xa34)  #6  0xff7b2f24
[Y]Call Stack:  in __libc_start_main /home/wuhuang/fuzz/qasan/libqasan/libqasan.c:91  #7  0x10840
[Y]Call Stack:  in _start /home/tcwg-buildslave/workspace/tcwg-make-release/label/tcwg-x86_64-ex40/target/arm-linux-gnueabi/snapshots/eglibc.git~linaro_eglibc-2_19/libc/csu/../ports/sysdeps/arm/start.S:128
using ASAN_GIOVESE
Calling good()...
5
5
Finished good()
Calling bad()...
5
Finished bad()

=== Memory Leak Detected ===
Memory Range: [0x22340 - 0x224d0]
Call Stack (depth 8):
  #0  0xff580fe0
[Y]Call Stack:  in syscall (/home/wuhuang/fuzz/qasan/cramfs-root/lib/arm-linux-gnueabi/libc-2.13.so+0xcdfe0)  #1  0xff7b3f6c
[Y]Call Stack:  in __libqasan_malloc /home/wuhuang/fuzz/qasan/libqasan/malloc.c:207  #2  0xff7b4162
[Y]Call Stack:  in __libqasan_calloc /home/wuhuang/fuzz/qasan/libqasan/malloc.c:283  #3  0xff7b30b2
[Y]Call Stack:  in calloc /home/wuhuang/fuzz/qasan/libqasan/hooks.c:80  #4  0x10aa6
[Y]Call Stack:  in _ZN33CWE401_Memory_Leak__int_calloc_813badEv (/home/wuhuang/fuzz/qasan/Juliet_memLeak/testcase_test/CWE401_Memory_Leak/CWE401_Memory_Leak__int_calloc_81.out+0xaa6)  #5  0x10bf0
[Y]Call Stack:  in main (/home/wuhuang/fuzz/qasan/Juliet_memLeak/testcase_test/CWE401_Memory_Leak/CWE401_Memory_Leak__int_calloc_81.out+0xbf0)  #6  0xff7b2f24
[Y]Call Stack:  in __libc_start_main /home/wuhuang/fuzz/qasan/libqasan/libqasan.c:91  #7  0x109d4
[Y]Call Stack:  in _start /home/tcwg-buildslave/workspace/tcwg-make-release/label/tcwg-x86_64-ex40/target/arm-linux-gnueabi/snapshots/eglibc.git~linaro_eglibc-2_19/libc/csu/../ports/sysdeps/arm/start.S:128
using ASAN_GIOVESE
Calling good()...
A String
New String
A String
New String
Finished good()
Calling bad()...
A String
New String
Finished bad()
No memory leak detected.
using ASAN_GIOVESE
Calling good()...
A String
A String
Finished good()
Calling bad()...
A String
Finished bad()

=== Memory Leak Detected ===
Memory Range: [0x22218 - 0x2227c]
Call Stack (depth 7):
  #0  0xff580fe0
[Y]Call Stack:  in syscall (/home/wuhuang/fuzz/qasan/cramfs-root/lib/arm-linux-gnueabi/libc-2.13.so+0xcdfe0)  #1  0xff7b3f6c
[Y]Call Stack:  in __libqasan_malloc /home/wuhuang/fuzz/qasan/libqasan/malloc.c:207  #2  0xff7b308e
[Y]Call Stack:  in malloc /home/wuhuang/fuzz/qasan/libqasan/hooks.c:68  #3  0x109e4
[Y]Call Stack:  in _ZN37CWE401_Memory_Leak__new_array_char_013badEv (/home/wuhuang/fuzz/qasan/Juliet_memLeak/testcase_test/CWE401_Memory_Leak/CWE401_Memory_Leak__new_array_char_01.out+0x9e4)  #4  0x10acc
[Y]Call Stack:  in main (/home/wuhuang/fuzz/qasan/Juliet_memLeak/testcase_test/CWE401_Memory_Leak/CWE401_Memory_Leak__new_array_char_01.out+0xacc)  #5  0xff7b2f24
[Y]Call Stack:  in __libc_start_main /home/wuhuang/fuzz/qasan/libqasan/libqasan.c:91  #6  0x10914
[Y]Call Stack:  in _start /home/tcwg-buildslave/workspace/tcwg-make-release/label/tcwg-x86_64-ex40/target/arm-linux-gnueabi/snapshots/eglibc.git~linaro_eglibc-2_19/libc/csu/../ports/sysdeps/arm/start.S:128
using ASAN_GIOVESE
Calling good()...
A String
A String
A String
A String
Finished good()
Calling bad()...
A String
Finished bad()

=== Memory Leak Detected ===
Memory Range: [0x22398 - 0x223fc]
Call Stack (depth 8):
  #0  0xff67afe0
[Y]Call Stack:  in syscall (/home/wuhuang/fuzz/qasan/cramfs-root/lib/arm-linux-gnueabi/libc-2.13.so+0xcdfe0)  #1  0xff7b3f6c
[Y]Call Stack:  in __libqasan_malloc /home/wuhuang/fuzz/qasan/libqasan/malloc.c:207  #2  0xff7b41b0
[Y]Call Stack:  in __libqasan_realloc /home/wuhuang/fuzz/qasan/libqasan/malloc.c:294  #3  0xff7b30d6
[Y]Call Stack:  in realloc /home/wuhuang/fuzz/qasan/libqasan/hooks.c:92  #4  0x10924
[Y]Call Stack:  in CWE401_Memory_Leak__char_realloc_09_bad (/home/wuhuang/fuzz/qasan/Juliet_memLeak/testcase_test/CWE401_Memory_Leak/CWE401_Memory_Leak__char_realloc_09.out+0x924)  #5  0x10b20
[Y]Call Stack:  in main (/home/wuhuang/fuzz/qasan/Juliet_memLeak/testcase_test/CWE401_Memory_Leak/CWE401_Memory_Leak__char_realloc_09.out+0xb20)  #6  0xff7b2f24
[Y]Call Stack:  in __libc_start_main /home/wuhuang/fuzz/qasan/libqasan/libqasan.c:91  #7  0x10844
[Y]Call Stack:  in _start /home/tcwg-buildslave/workspace/tcwg-make-release/label/tcwg-x86_64-ex40/target/arm-linux-gnueabi/snapshots/eglibc.git~linaro_eglibc-2_19/libc/csu/../ports/sysdeps/arm/start.S:128
using ASAN_GIOVESE
Calling good()...
A String
New String
Finished good()
Calling bad()...
A String
New String
Finished bad()
No memory leak detected.
using ASAN_GIOVESE
Calling good()...
A String
A String
A String
A String
Finished good()
Calling bad()...
A String
Finished bad()

=== Memory Leak Detected ===
Memory Range: [0x22398 - 0x223fc]
Call Stack (depth 7):
  #0  0xff580fe0
[Y]Call Stack:  in syscall (/home/wuhuang/fuzz/qasan/cramfs-root/lib/arm-linux-gnueabi/libc-2.13.so+0xcdfe0)  #1  0xff7b3f6c
[Y]Call Stack:  in __libqasan_malloc /home/wuhuang/fuzz/qasan/libqasan/malloc.c:207  #2  0xff7b308e
[Y]Call Stack:  in malloc /home/wuhuang/fuzz/qasan/libqasan/hooks.c:68  #3  0x109e4
[Y]Call Stack:  in _ZN37CWE401_Memory_Leak__new_array_char_063badEv (/home/wuhuang/fuzz/qasan/Juliet_memLeak/testcase_test/CWE401_Memory_Leak/CWE401_Memory_Leak__new_array_char_06.out+0x9e4)  #4  0x10b44
[Y]Call Stack:  in main (/home/wuhuang/fuzz/qasan/Juliet_memLeak/testcase_test/CWE401_Memory_Leak/CWE401_Memory_Leak__new_array_char_06.out+0xb44)  #5  0xff7b2f24
[Y]Call Stack:  in __libc_start_main /home/wuhuang/fuzz/qasan/libqasan/libqasan.c:91  #6  0x10914
[Y]Call Stack:  in _start /home/tcwg-buildslave/workspace/tcwg-make-release/label/tcwg-x86_64-ex40/target/arm-linux-gnueabi/snapshots/eglibc.git~linaro_eglibc-2_19/libc/csu/../ports/sysdeps/arm/start.S:128
using ASAN_GIOVESE
Calling good()...
A String
A String
Finished good()
Calling bad()...
A String
Finished bad()

=== Memory Leak Detected ===
Memory Range: [0x22218 - 0x2227c]
Call Stack (depth 8):
  #0  0xff67afe0
[Y]Call Stack:  in syscall (/home/wuhuang/fuzz/qasan/cramfs-root/lib/arm-linux-gnueabi/libc-2.13.so+0xcdfe0)  #1  0xff7b3f6c
[Y]Call Stack:  in __libqasan_malloc /home/wuhuang/fuzz/qasan/libqasan/malloc.c:207  #2  0xff7b4162
[Y]Call Stack:  in __libqasan_calloc /home/wuhuang/fuzz/qasan/libqasan/malloc.c:283  #3  0xff7b30b2
[Y]Call Stack:  in calloc /home/wuhuang/fuzz/qasan/libqasan/hooks.c:80  #4  0x10914
[Y]Call Stack:  in CWE401_Memory_Leak__char_calloc_18_bad (/home/wuhuang/fuzz/qasan/Juliet_memLeak/testcase_test/CWE401_Memory_Leak/CWE401_Memory_Leak__char_calloc_18.out+0x914)  #5  0x10a28
[Y]Call Stack:  in main (/home/wuhuang/fuzz/qasan/Juliet_memLeak/testcase_test/CWE401_Memory_Leak/CWE401_Memory_Leak__char_calloc_18.out+0xa28)  #6  0xff7b2f24
[Y]Call Stack:  in __libc_start_main /home/wuhuang/fuzz/qasan/libqasan/libqasan.c:91  #7  0x10840
[Y]Call Stack:  in _start /home/tcwg-buildslave/workspace/tcwg-make-release/label/tcwg-x86_64-ex40/target/arm-linux-gnueabi/snapshots/eglibc.git~linaro_eglibc-2_19/libc/csu/../ports/sysdeps/arm/start.S:128
using ASAN_GIOVESE
Calling good()...
5
5
Finished good()
Calling bad()...
5
Finished bad()

=== Memory Leak Detected ===
Memory Range: [0x22340 - 0x224d0]
Call Stack (depth 8):
  #0  0xff67afe0
[Y]Call Stack:  in syscall (/home/wuhuang/fuzz/qasan/cramfs-root/lib/arm-linux-gnueabi/libc-2.13.so+0xcdfe0)  #1  0xff7b3f6c
[Y]Call Stack:  in __libqasan_malloc /home/wuhuang/fuzz/qasan/libqasan/malloc.c:207  #2  0xff7b308e
[Y]Call Stack:  in malloc /home/wuhuang/fuzz/qasan/libqasan/hooks.c:68  #3  0x108e0
[Y]Call Stack:  in badSource CWE401_Memory_Leak__int_malloc_42.c:?  #4  0x1091c
[Y]Call Stack:  in CWE401_Memory_Leak__int_malloc_42_bad (/home/wuhuang/fuzz/qasan/Juliet_memLeak/testcase_test/CWE401_Memory_Leak/CWE401_Memory_Leak__int_malloc_42.out+0x91c)  #5  0x10a1c
[Y]Call Stack:  in main (/home/wuhuang/fuzz/qasan/Juliet_memLeak/testcase_test/CWE401_Memory_Leak/CWE401_Memory_Leak__int_malloc_42.out+0xa1c)  #6  0xff7b2f24
[Y]Call Stack:  in __libc_start_main /home/wuhuang/fuzz/qasan/libqasan/libqasan.c:91  #7  0x10810
[Y]Call Stack:  in _start /home/tcwg-buildslave/workspace/tcwg-make-release/label/tcwg-x86_64-ex40/target/arm-linux-gnueabi/snapshots/eglibc.git~linaro_eglibc-2_19/libc/csu/../ports/sysdeps/arm/start.S:128
using ASAN_GIOVESE
Calling good()...
0 -- 0
1 -- 1
0 -- 0
1 -- 1
Finished good()
Calling bad()...
0 -- 0
1 -- 1
Finished bad()
No memory leak detected.
using ASAN_GIOVESE
Calling good()...
5
5
Finished good()
Calling bad()...
5
Finished bad()

=== Memory Leak Detected ===
Memory Range: [0x22340 - 0x224d0]
Call Stack (depth 8):
  #0  0xff67afe0
[Y]Call Stack:  in syscall (/home/wuhuang/fuzz/qasan/cramfs-root/lib/arm-linux-gnueabi/libc-2.13.so+0xcdfe0)  #1  0xff7b3f6c
[Y]Call Stack:  in __libqasan_malloc /home/wuhuang/fuzz/qasan/libqasan/malloc.c:207  #2  0xff7b41b0
[Y]Call Stack:  in __libqasan_realloc /home/wuhuang/fuzz/qasan/libqasan/malloc.c:294  #3  0xff7b30d6
[Y]Call Stack:  in realloc /home/wuhuang/fuzz/qasan/libqasan/hooks.c:92  #4  0x10918
[Y]Call Stack:  in CWE401_Memory_Leak__int_realloc_66_bad (/home/wuhuang/fuzz/qasan/Juliet_memLeak/testcase_test/CWE401_Memory_Leak/CWE401_Memory_Leak__int_realloc_66.out+0x918)  #5  0x10a20
[Y]Call Stack:  in main (/home/wuhuang/fuzz/qasan/Juliet_memLeak/testcase_test/CWE401_Memory_Leak/CWE401_Memory_Leak__int_realloc_66.out+0xa20)  #6  0xff7b2f24
[Y]Call Stack:  in __libc_start_main /home/wuhuang/fuzz/qasan/libqasan/libqasan.c:91  #7  0x10844
[Y]Call Stack:  in _start /home/tcwg-buildslave/workspace/tcwg-make-release/label/tcwg-x86_64-ex40/target/arm-linux-gnueabi/snapshots/eglibc.git~linaro_eglibc-2_19/libc/csu/../ports/sysdeps/arm/start.S:128
using ASAN_GIOVESE
Calling good()...
A String
A String
Finished good()
Calling bad()...
A String
Finished bad()

=== Memory Leak Detected ===
Memory Range: [0x22218 - 0x2227c]
Call Stack (depth 8):
  #0  0xff67afe0
[Y]Call Stack:  in syscall (/home/wuhuang/fuzz/qasan/cramfs-root/lib/arm-linux-gnueabi/libc-2.13.so+0xcdfe0)  #1  0xff7b3f6c
[Y]Call Stack:  in __libqasan_malloc /home/wuhuang/fuzz/qasan/libqasan/malloc.c:207  #2  0xff7b4162
[Y]Call Stack:  in __libqasan_calloc /home/wuhuang/fuzz/qasan/libqasan/malloc.c:283  #3  0xff7b30b2
[Y]Call Stack:  in calloc /home/wuhuang/fuzz/qasan/libqasan/hooks.c:80  #4  0x10912
[Y]Call Stack:  in CWE401_Memory_Leak__char_calloc_64_bad (/home/wuhuang/fuzz/qasan/Juliet_memLeak/testcase_test/CWE401_Memory_Leak/CWE401_Memory_Leak__char_calloc_64.out+0x912)  #5  0x10a34
[Y]Call Stack:  in main (/home/wuhuang/fuzz/qasan/Juliet_memLeak/testcase_test/CWE401_Memory_Leak/CWE401_Memory_Leak__char_calloc_64.out+0xa34)  #6  0xff7b2f24
[Y]Call Stack:  in __libc_start_main /home/wuhuang/fuzz/qasan/libqasan/libqasan.c:91  #7  0x10840
[Y]Call Stack:  in _start /home/tcwg-buildslave/workspace/tcwg-make-release/label/tcwg-x86_64-ex40/target/arm-linux-gnueabi/snapshots/eglibc.git~linaro_eglibc-2_19/libc/csu/../ports/sysdeps/arm/start.S:128
using ASAN_GIOVESE
Calling good()...
A String
A String
A String
A String
Finished good()
Calling bad()...
A String
Finished bad()

=== Memory Leak Detected ===
Memory Range: [0x22398 - 0x223fc]
Call Stack (depth 8):
  #0  0xff67afe0
[Y]Call Stack:  in syscall (/home/wuhuang/fuzz/qasan/cramfs-root/lib/arm-linux-gnueabi/libc-2.13.so+0xcdfe0)  #1  0xff7b3f6c
[Y]Call Stack:  in __libqasan_malloc /home/wuhuang/fuzz/qasan/libqasan/malloc.c:207  #2  0xff7b41b0
[Y]Call Stack:  in __libqasan_realloc /home/wuhuang/fuzz/qasan/libqasan/malloc.c:294  #3  0xff7b30d6
[Y]Call Stack:  in realloc /home/wuhuang/fuzz/qasan/libqasan/hooks.c:92  #4  0x10924
[Y]Call Stack:  in CWE401_Memory_Leak__char_realloc_07_bad (/home/wuhuang/fuzz/qasan/Juliet_memLeak/testcase_test/CWE401_Memory_Leak/CWE401_Memory_Leak__char_realloc_07.out+0x924)  #5  0x10b20
[Y]Call Stack:  in main (/home/wuhuang/fuzz/qasan/Juliet_memLeak/testcase_test/CWE401_Memory_Leak/CWE401_Memory_Leak__char_realloc_07.out+0xb20)  #6  0xff7b2f24
[Y]Call Stack:  in __libc_start_main /home/wuhuang/fuzz/qasan/libqasan/libqasan.c:91  #7  0x10844
[Y]Call Stack:  in _start /home/tcwg-buildslave/workspace/tcwg-make-release/label/tcwg-x86_64-ex40/target/arm-linux-gnueabi/snapshots/eglibc.git~linaro_eglibc-2_19/libc/csu/../ports/sysdeps/arm/start.S:128
using ASAN_GIOVESE
Calling good()...
0 -- 0
1 -- 1
0 -- 0
1 -- 1
Finished good()
Calling bad()...
0 -- 0
1 -- 1
Finished bad()
No memory leak detected.
using ASAN_GIOVESE
Calling good()...
5
10
5
10
Finished good()
Calling bad()...
5
10
Finished bad()
No memory leak detected.
using ASAN_GIOVESE
Calling good()...
A String
A String
A String
A String
Finished good()
Calling bad()...
A String
Finished bad()

=== Memory Leak Detected ===
Memory Range: [0x22398 - 0x223fc]
Call Stack (depth 7):
  #0  0xff580fe0
[Y]Call Stack:  in syscall (/home/wuhuang/fuzz/qasan/cramfs-root/lib/arm-linux-gnueabi/libc-2.13.so+0xcdfe0)  #1  0xff7b3f6c
[Y]Call Stack:  in __libqasan_malloc /home/wuhuang/fuzz/qasan/libqasan/malloc.c:207  #2  0xff7b308e
[Y]Call Stack:  in malloc /home/wuhuang/fuzz/qasan/libqasan/hooks.c:68  #3  0x10a18
[Y]Call Stack:  in _ZN37CWE401_Memory_Leak__new_array_char_083badEv (/home/wuhuang/fuzz/qasan/Juliet_memLeak/testcase_test/CWE401_Memory_Leak/CWE401_Memory_Leak__new_array_char_08.out+0xa18)  #4  0x10c24
[Y]Call Stack:  in main (/home/wuhuang/fuzz/qasan/Juliet_memLeak/testcase_test/CWE401_Memory_Leak/CWE401_Memory_Leak__new_array_char_08.out+0xc24)  #5  0xff7b2f24
[Y]Call Stack:  in __libc_start_main /home/wuhuang/fuzz/qasan/libqasan/libqasan.c:91  #6  0x10914
[Y]Call Stack:  in _start /home/tcwg-buildslave/workspace/tcwg-make-release/label/tcwg-x86_64-ex40/target/arm-linux-gnueabi/snapshots/eglibc.git~linaro_eglibc-2_19/libc/csu/../ports/sysdeps/arm/start.S:128
using ASAN_GIOVESE
Calling good()...
5
5
5
5
Finished good()
Calling bad()...
5
Finished bad()

=== Memory Leak Detected ===
Memory Range: [0x225e8 - 0x22778]
Call Stack (depth 8):
  #0  0xff67afe0
[Y]Call Stack:  in syscall (/home/wuhuang/fuzz/qasan/cramfs-root/lib/arm-linux-gnueabi/libc-2.13.so+0xcdfe0)  #1  0xff7b3f6c
[Y]Call Stack:  in __libqasan_malloc /home/wuhuang/fuzz/qasan/libqasan/malloc.c:207  #2  0xff7b41b0
[Y]Call Stack:  in __libqasan_realloc /home/wuhuang/fuzz/qasan/libqasan/malloc.c:294  #3  0xff7b30d6
[Y]Call Stack:  in realloc /home/wuhuang/fuzz/qasan/libqasan/hooks.c:92  #4  0x10926
[Y]Call Stack:  in CWE401_Memory_Leak__int_realloc_14_bad (/home/wuhuang/fuzz/qasan/Juliet_memLeak/testcase_test/CWE401_Memory_Leak/CWE401_Memory_Leak__int_realloc_14.out+0x926)  #5  0x10af4
[Y]Call Stack:  in main (/home/wuhuang/fuzz/qasan/Juliet_memLeak/testcase_test/CWE401_Memory_Leak/CWE401_Memory_Leak__int_realloc_14.out+0xaf4)  #6  0xff7b2f24
[Y]Call Stack:  in __libc_start_main /home/wuhuang/fuzz/qasan/libqasan/libqasan.c:91  #7  0x10844
[Y]Call Stack:  in _start /home/tcwg-buildslave/workspace/tcwg-make-release/label/tcwg-x86_64-ex40/target/arm-linux-gnueabi/snapshots/eglibc.git~linaro_eglibc-2_19/libc/csu/../ports/sysdeps/arm/start.S:128
using ASAN_GIOVESE
Calling good()...
A String
A String
Finished good()
Calling bad()...
A String
Finished bad()

=== Memory Leak Detected ===
Memory Range: [0x22218 - 0x2227c]
Call Stack (depth 8):
  #0  0xff67afe0
[Y]Call Stack:  in syscall (/home/wuhuang/fuzz/qasan/cramfs-root/lib/arm-linux-gnueabi/libc-2.13.so+0xcdfe0)  #1  0xff7b3f6c
[Y]Call Stack:  in __libqasan_malloc /home/wuhuang/fuzz/qasan/libqasan/malloc.c:207  #2  0xff7b4162
[Y]Call Stack:  in __libqasan_calloc /home/wuhuang/fuzz/qasan/libqasan/malloc.c:283  #3  0xff7b30b2
[Y]Call Stack:  in calloc /home/wuhuang/fuzz/qasan/libqasan/hooks.c:80  #4  0x10912
[Y]Call Stack:  in CWE401_Memory_Leak__char_calloc_16_bad (/home/wuhuang/fuzz/qasan/Juliet_memLeak/testcase_test/CWE401_Memory_Leak/CWE401_Memory_Leak__char_calloc_16.out+0x912)  #5  0x10a28
[Y]Call Stack:  in main (/home/wuhuang/fuzz/qasan/Juliet_memLeak/testcase_test/CWE401_Memory_Leak/CWE401_Memory_Leak__char_calloc_16.out+0xa28)  #6  0xff7b2f24
[Y]Call Stack:  in __libc_start_main /home/wuhuang/fuzz/qasan/libqasan/libqasan.c:91  #7  0x10840
[Y]Call Stack:  in _start /home/tcwg-buildslave/workspace/tcwg-make-release/label/tcwg-x86_64-ex40/target/arm-linux-gnueabi/snapshots/eglibc.git~linaro_eglibc-2_19/libc/csu/../ports/sysdeps/arm/start.S:128
using ASAN_GIOVESE
Calling good()...
A String
A String
A String
A String
Finished good()
Calling bad()...
A String
Finished bad()

=== Memory Leak Detected ===
Memory Range: [0x22398 - 0x223fc]
Call Stack (depth 7):
  #0  0xff67afe0
[Y]Call Stack:  in syscall (/home/wuhuang/fuzz/qasan/cramfs-root/lib/arm-linux-gnueabi/libc-2.13.so+0xcdfe0)  #1  0xff7b3f6c
[Y]Call Stack:  in __libqasan_malloc /home/wuhuang/fuzz/qasan/libqasan/malloc.c:207  #2  0xff7b308e
[Y]Call Stack:  in malloc /home/wuhuang/fuzz/qasan/libqasan/hooks.c:68  #3  0x108e0
[Y]Call Stack:  in CWE401_Memory_Leak__char_malloc_03_bad (/home/wuhuang/fuzz/qasan/Juliet_memLeak/testcase_test/CWE401_Memory_Leak/CWE401_Memory_Leak__char_malloc_03.out+0x8e0)  #4  0x10a70
[Y]Call Stack:  in main (/home/wuhuang/fuzz/qasan/Juliet_memLeak/testcase_test/CWE401_Memory_Leak/CWE401_Memory_Leak__char_malloc_03.out+0xa70)  #5  0xff7b2f24
[Y]Call Stack:  in __libc_start_main /home/wuhuang/fuzz/qasan/libqasan/libqasan.c:91  #6  0x10810
[Y]Call Stack:  in _start /home/tcwg-buildslave/workspace/tcwg-make-release/label/tcwg-x86_64-ex40/target/arm-linux-gnueabi/snapshots/eglibc.git~linaro_eglibc-2_19/libc/csu/../ports/sysdeps/arm/start.S:128
using ASAN_GIOVESE
Calling good()...
5
5
Finished good()
Calling bad()...
5
Finished bad()

=== Memory Leak Detected ===
Memory Range: [0x22340 - 0x224d0]
Call Stack (depth 8):
  #0  0xff67afe0
[Y]Call Stack:  in syscall (/home/wuhuang/fuzz/qasan/cramfs-root/lib/arm-linux-gnueabi/libc-2.13.so+0xcdfe0)  #1  0xff7b3f6c
[Y]Call Stack:  in __libqasan_malloc /home/wuhuang/fuzz/qasan/libqasan/malloc.c:207  #2  0xff7b41b0
[Y]Call Stack:  in __libqasan_realloc /home/wuhuang/fuzz/qasan/libqasan/malloc.c:294  #3  0xff7b30d6
[Y]Call Stack:  in realloc /home/wuhuang/fuzz/qasan/libqasan/hooks.c:92  #4  0x10918
[Y]Call Stack:  in CWE401_Memory_Leak__int_realloc_68_bad (/home/wuhuang/fuzz/qasan/Juliet_memLeak/testcase_test/CWE401_Memory_Leak/CWE401_Memory_Leak__int_realloc_68.out+0x918)  #5  0x10a2c
[Y]Call Stack:  in main (/home/wuhuang/fuzz/qasan/Juliet_memLeak/testcase_test/CWE401_Memory_Leak/CWE401_Memory_Leak__int_realloc_68.out+0xa2c)  #6  0xff7b2f24
[Y]Call Stack:  in __libc_start_main /home/wuhuang/fuzz/qasan/libqasan/libqasan.c:91  #7  0x10844
[Y]Call Stack:  in _start /home/tcwg-buildslave/workspace/tcwg-make-release/label/tcwg-x86_64-ex40/target/arm-linux-gnueabi/snapshots/eglibc.git~linaro_eglibc-2_19/libc/csu/../ports/sysdeps/arm/start.S:128
using ASAN_GIOVESE
Calling good()...
A String
A String
Finished good()
Calling bad()...
A String
Finished bad()

=== Memory Leak Detected ===
Memory Range: [0x24058 - 0x240bc]
Call Stack (depth 7):
  #0  0xff580fe0
[Y]Call Stack:  in syscall (/home/wuhuang/fuzz/qasan/cramfs-root/lib/arm-linux-gnueabi/libc-2.13.so+0xcdfe0)  #1  0xff7b3f6c
[Y]Call Stack:  in __libqasan_malloc /home/wuhuang/fuzz/qasan/libqasan/malloc.c:207  #2  0xff7b308e
[Y]Call Stack:  in malloc /home/wuhuang/fuzz/qasan/libqasan/hooks.c:68  #3  0x10d44
[Y]Call Stack:  in _ZN37CWE401_Memory_Leak__new_array_char_743badEv (/home/wuhuang/fuzz/qasan/Juliet_memLeak/testcase_test/CWE401_Memory_Leak/CWE401_Memory_Leak__new_array_char_74.out+0xd44)  #4  0x10ff4
[Y]Call Stack:  in main (/home/wuhuang/fuzz/qasan/Juliet_memLeak/testcase_test/CWE401_Memory_Leak/CWE401_Memory_Leak__new_array_char_74.out+0xff4)  #5  0xff7b2f24
[Y]Call Stack:  in __libc_start_main /home/wuhuang/fuzz/qasan/libqasan/libqasan.c:91  #6  0x10c6c
[Y]Call Stack:  in _start /home/tcwg-buildslave/workspace/tcwg-make-release/label/tcwg-x86_64-ex40/target/arm-linux-gnueabi/snapshots/eglibc.git~linaro_eglibc-2_19/libc/csu/../ports/sysdeps/arm/start.S:128
using ASAN_GIOVESE
Calling good()...
5
5
5
Finished good()
Calling bad()...
5
Finished bad()

=== Memory Leak Detected ===
Memory Range: [0x225e8 - 0x22778]
Call Stack (depth 8):
  #0  0xff67afe0
[Y]Call Stack:  in syscall (/home/wuhuang/fuzz/qasan/cramfs-root/lib/arm-linux-gnueabi/libc-2.13.so+0xcdfe0)  #1  0xff7b3f6c
[Y]Call Stack:  in __libqasan_malloc /home/wuhuang/fuzz/qasan/libqasan/malloc.c:207  #2  0xff7b4162
[Y]Call Stack:  in __libqasan_calloc /home/wuhuang/fuzz/qasan/libqasan/malloc.c:283  #3  0xff7b30b2
[Y]Call Stack:  in calloc /home/wuhuang/fuzz/qasan/libqasan/hooks.c:80  #4  0x10912
[Y]Call Stack:  in CWE401_Memory_Leak__int_calloc_22_bad (/home/wuhuang/fuzz/qasan/Juliet_memLeak/testcase_test/CWE401_Memory_Leak/CWE401_Memory_Leak__int_calloc_22.out+0x912)  #5  0x10a7c
[Y]Call Stack:  in main (/home/wuhuang/fuzz/qasan/Juliet_memLeak/testcase_test/CWE401_Memory_Leak/CWE401_Memory_Leak__int_calloc_22.out+0xa7c)  #6  0xff7b2f24
[Y]Call Stack:  in __libc_start_main /home/wuhuang/fuzz/qasan/libqasan/libqasan.c:91  #7  0x10840
[Y]Call Stack:  in _start /home/tcwg-buildslave/workspace/tcwg-make-release/label/tcwg-x86_64-ex40/target/arm-linux-gnueabi/snapshots/eglibc.git~linaro_eglibc-2_19/libc/csu/../ports/sysdeps/arm/start.S:128
using ASAN_GIOVESE
Calling good()...
A String
A String
A String
A String
Finished good()
Calling bad()...
A String
Finished bad()

=== Memory Leak Detected ===
Memory Range: [0x22398 - 0x223fc]
Call Stack (depth 7):
  #0  0xff67afe0
[Y]Call Stack:  in syscall (/home/wuhuang/fuzz/qasan/cramfs-root/lib/arm-linux-gnueabi/libc-2.13.so+0xcdfe0)  #1  0xff7b3f6c
[Y]Call Stack:  in __libqasan_malloc /home/wuhuang/fuzz/qasan/libqasan/malloc.c:207  #2  0xff7b308e
[Y]Call Stack:  in malloc /home/wuhuang/fuzz/qasan/libqasan/hooks.c:68  #3  0x108e6
[Y]Call Stack:  in CWE401_Memory_Leak__char_malloc_04_bad (/home/wuhuang/fuzz/qasan/Juliet_memLeak/testcase_test/CWE401_Memory_Leak/CWE401_Memory_Leak__char_malloc_04.out+0x8e6)  #4  0x10ab4
[Y]Call Stack:  in main (/home/wuhuang/fuzz/qasan/Juliet_memLeak/testcase_test/CWE401_Memory_Leak/CWE401_Memory_Leak__char_malloc_04.out+0xab4)  #5  0xff7b2f24
[Y]Call Stack:  in __libc_start_main /home/wuhuang/fuzz/qasan/libqasan/libqasan.c:91  #6  0x10810
[Y]Call Stack:  in _start /home/tcwg-buildslave/workspace/tcwg-make-release/label/tcwg-x86_64-ex40/target/arm-linux-gnueabi/snapshots/eglibc.git~linaro_eglibc-2_19/libc/csu/../ports/sysdeps/arm/start.S:128
using ASAN_GIOVESE
Calling good()...
0 -- 0
1 -- 1
Finished good()
Calling bad()...
0 -- 0
1 -- 1
Finished bad()
No memory leak detected.
using ASAN_GIOVESE
Calling good()...
A String
A String
Finished good()
Calling bad()...
A String
Finished bad()

=== Memory Leak Detected ===
Memory Range: [0x22ff8 - 0x2305c]
Call Stack (depth 7):
  #0  0xff580fe0
[Y]Call Stack:  in syscall (/home/wuhuang/fuzz/qasan/cramfs-root/lib/arm-linux-gnueabi/libc-2.13.so+0xcdfe0)  #1  0xff7b3f6c
[Y]Call Stack:  in __libqasan_malloc /home/wuhuang/fuzz/qasan/libqasan/malloc.c:207  #2  0xff7b308e
[Y]Call Stack:  in malloc /home/wuhuang/fuzz/qasan/libqasan/hooks.c:68  #3  0x10b9c
[Y]Call Stack:  in _ZN37CWE401_Memory_Leak__new_array_char_733badEv (/home/wuhuang/fuzz/qasan/Juliet_memLeak/testcase_test/CWE401_Memory_Leak/CWE401_Memory_Leak__new_array_char_73.out+0xb9c)  #4  0x10de4
[Y]Call Stack:  in main (/home/wuhuang/fuzz/qasan/Juliet_memLeak/testcase_test/CWE401_Memory_Leak/CWE401_Memory_Leak__new_array_char_73.out+0xde4)  #5  0xff7b2f24
[Y]Call Stack:  in __libc_start_main /home/wuhuang/fuzz/qasan/libqasan/libqasan.c:91  #6  0x10ac4
[Y]Call Stack:  in _start /home/tcwg-buildslave/workspace/tcwg-make-release/label/tcwg-x86_64-ex40/target/arm-linux-gnueabi/snapshots/eglibc.git~linaro_eglibc-2_19/libc/csu/../ports/sysdeps/arm/start.S:128
using ASAN_GIOVESE
Calling good()...
0 -- 0
1 -- 1
0 -- 0
1 -- 1
Finished good()
Calling bad()...
0 -- 0
1 -- 1
Finished bad()
No memory leak detected.
using ASAN_GIOVESE
Calling good()...
5
10
Finished good()
Calling bad()...
5
10
Finished bad()
No memory leak detected.
using ASAN_GIOVESE
Calling good()...
5
5
5
5
Finished good()
Calling bad()...
5
Finished bad()

=== Memory Leak Detected ===
Memory Range: [0x225e8 - 0x22778]
Call Stack (depth 8):
  #0  0xff67afe0
[Y]Call Stack:  in syscall (/home/wuhuang/fuzz/qasan/cramfs-root/lib/arm-linux-gnueabi/libc-2.13.so+0xcdfe0)  #1  0xff7b3f6c
[Y]Call Stack:  in __libqasan_malloc /home/wuhuang/fuzz/qasan/libqasan/malloc.c:207  #2  0xff7b41b0
[Y]Call Stack:  in __libqasan_realloc /home/wuhuang/fuzz/qasan/libqasan/malloc.c:294  #3  0xff7b30d6
[Y]Call Stack:  in realloc /home/wuhuang/fuzz/qasan/libqasan/hooks.c:92  #4  0x10926
[Y]Call Stack:  in CWE401_Memory_Leak__int_realloc_13_bad (/home/wuhuang/fuzz/qasan/Juliet_memLeak/testcase_test/CWE401_Memory_Leak/CWE401_Memory_Leak__int_realloc_13.out+0x926)  #5  0x10af4
[Y]Call Stack:  in main (/home/wuhuang/fuzz/qasan/Juliet_memLeak/testcase_test/CWE401_Memory_Leak/CWE401_Memory_Leak__int_realloc_13.out+0xaf4)  #6  0xff7b2f24
[Y]Call Stack:  in __libc_start_main /home/wuhuang/fuzz/qasan/libqasan/libqasan.c:91  #7  0x10844
[Y]Call Stack:  in _start /home/tcwg-buildslave/workspace/tcwg-make-release/label/tcwg-x86_64-ex40/target/arm-linux-gnueabi/snapshots/eglibc.git~linaro_eglibc-2_19/libc/csu/../ports/sysdeps/arm/start.S:128
using ASAN_GIOVESE
Calling good()...
A String
A String
A String
A String
Finished good()
Calling bad()...
A String
Finished bad()

=== Memory Leak Detected ===
Memory Range: [0x22398 - 0x223fc]
Call Stack (depth 8):
  #0  0xff67afe0
[Y]Call Stack:  in syscall (/home/wuhuang/fuzz/qasan/cramfs-root/lib/arm-linux-gnueabi/libc-2.13.so+0xcdfe0)  #1  0xff7b3f6c
[Y]Call Stack:  in __libqasan_malloc /home/wuhuang/fuzz/qasan/libqasan/malloc.c:207  #2  0xff7b4162
[Y]Call Stack:  in __libqasan_calloc /home/wuhuang/fuzz/qasan/libqasan/malloc.c:283  #3  0xff7b30b2
[Y]Call Stack:  in calloc /home/wuhuang/fuzz/qasan/libqasan/hooks.c:80  #4  0x1091c
[Y]Call Stack:  in CWE401_Memory_Leak__char_calloc_11_bad (/home/wuhuang/fuzz/qasan/Juliet_memLeak/testcase_test/CWE401_Memory_Leak/CWE401_Memory_Leak__char_calloc_11.out+0x91c)  #5  0x10b14
[Y]Call Stack:  in main (/home/wuhuang/fuzz/qasan/Juliet_memLeak/testcase_test/CWE401_Memory_Leak/CWE401_Memory_Leak__char_calloc_11.out+0xb14)  #6  0xff7b2f24
[Y]Call Stack:  in __libc_start_main /home/wuhuang/fuzz/qasan/libqasan/libqasan.c:91  #7  0x10840
[Y]Call Stack:  in _start /home/tcwg-buildslave/workspace/tcwg-make-release/label/tcwg-x86_64-ex40/target/arm-linux-gnueabi/snapshots/eglibc.git~linaro_eglibc-2_19/libc/csu/../ports/sysdeps/arm/start.S:128
using ASAN_GIOVESE
Calling good()...
5
5
5
5
Finished good()
Calling bad()...
5
Finished bad()

=== Memory Leak Detected ===
Memory Range: [0x225e8 - 0x22778]
Call Stack (depth 8):
  #0  0xff67afe0
[Y]Call Stack:  in syscall (/home/wuhuang/fuzz/qasan/cramfs-root/lib/arm-linux-gnueabi/libc-2.13.so+0xcdfe0)  #1  0xff7b3f6c
[Y]Call Stack:  in __libqasan_malloc /home/wuhuang/fuzz/qasan/libqasan/malloc.c:207  #2  0xff7b4162
[Y]Call Stack:  in __libqasan_calloc /home/wuhuang/fuzz/qasan/libqasan/malloc.c:283  #3  0xff7b30b2
[Y]Call Stack:  in calloc /home/wuhuang/fuzz/qasan/libqasan/hooks.c:80  #4  0x10920
[Y]Call Stack:  in CWE401_Memory_Leak__int_calloc_07_bad (/home/wuhuang/fuzz/qasan/Juliet_memLeak/testcase_test/CWE401_Memory_Leak/CWE401_Memory_Leak__int_calloc_07.out+0x920)  #5  0x10af0
[Y]Call Stack:  in main (/home/wuhuang/fuzz/qasan/Juliet_memLeak/testcase_test/CWE401_Memory_Leak/CWE401_Memory_Leak__int_calloc_07.out+0xaf0)  #6  0xff7b2f24
[Y]Call Stack:  in __libc_start_main /home/wuhuang/fuzz/qasan/libqasan/libqasan.c:91  #7  0x10840
[Y]Call Stack:  in _start /home/tcwg-buildslave/workspace/tcwg-make-release/label/tcwg-x86_64-ex40/target/arm-linux-gnueabi/snapshots/eglibc.git~linaro_eglibc-2_19/libc/csu/../ports/sysdeps/arm/start.S:128
using ASAN_GIOVESE
Calling good()...
A String
A String
A String
Finished good()
Calling bad()...
A String
Finished bad()

=== Memory Leak Detected ===
Memory Range: [0x22398 - 0x223fc]
Call Stack (depth 7):
  #0  0xff67afe0
[Y]Call Stack:  in syscall (/home/wuhuang/fuzz/qasan/cramfs-root/lib/arm-linux-gnueabi/libc-2.13.so+0xcdfe0)  #1  0xff7b3f6c
[Y]Call Stack:  in __libqasan_malloc /home/wuhuang/fuzz/qasan/libqasan/malloc.c:207  #2  0xff7b308e
[Y]Call Stack:  in malloc /home/wuhuang/fuzz/qasan/libqasan/hooks.c:68  #3  0x108f4
[Y]Call Stack:  in CWE401_Memory_Leak__char_malloc_21_bad (/home/wuhuang/fuzz/qasan/Juliet_memLeak/testcase_test/CWE401_Memory_Leak/CWE401_Memory_Leak__char_malloc_21.out+0x8f4)  #4  0x10ae8
[Y]Call Stack:  in main (/home/wuhuang/fuzz/qasan/Juliet_memLeak/testcase_test/CWE401_Memory_Leak/CWE401_Memory_Leak__char_malloc_21.out+0xae8)  #5  0xff7b2f24
[Y]Call Stack:  in __libc_start_main /home/wuhuang/fuzz/qasan/libqasan/libqasan.c:91  #6  0x10810
[Y]Call Stack:  in _start /home/tcwg-buildslave/workspace/tcwg-make-release/label/tcwg-x86_64-ex40/target/arm-linux-gnueabi/snapshots/eglibc.git~linaro_eglibc-2_19/libc/csu/../ports/sysdeps/arm/start.S:128
using ASAN_GIOVESE
Calling good()...
5
10
Finished good()
Calling bad()...
5
10
Finished bad()
No memory leak detected.
using ASAN_GIOVESE
Calling good()...
5
5
Finished good()
Calling bad()...
5
Finished bad()
No memory leak detected.
using ASAN_GIOVESE
Calling good()...
A String
A String
Finished good()
Calling bad()...
A String
Finished bad()

=== Memory Leak Detected ===
Memory Range: [0x22218 - 0x2227c]
Call Stack (depth 8):
  #0  0xff67afe0
[Y]Call Stack:  in syscall (/home/wuhuang/fuzz/qasan/cramfs-root/lib/arm-linux-gnueabi/libc-2.13.so+0xcdfe0)  #1  0xff7b3f6c
[Y]Call Stack:  in __libqasan_malloc /home/wuhuang/fuzz/qasan/libqasan/malloc.c:207  #2  0xff7b4162
[Y]Call Stack:  in __libqasan_calloc /home/wuhuang/fuzz/qasan/libqasan/malloc.c:283  #3  0xff7b30b2
[Y]Call Stack:  in calloc /home/wuhuang/fuzz/qasan/libqasan/hooks.c:80  #4  0x10912
[Y]Call Stack:  in CWE401_Memory_Leak__char_calloc_34_bad (/home/wuhuang/fuzz/qasan/Juliet_memLeak/testcase_test/CWE401_Memory_Leak/CWE401_Memory_Leak__char_calloc_34.out+0x912)  #5  0x10a34
[Y]Call Stack:  in main (/home/wuhuang/fuzz/qasan/Juliet_memLeak/testcase_test/CWE401_Memory_Leak/CWE401_Memory_Leak__char_calloc_34.out+0xa34)  #6  0xff7b2f24
[Y]Call Stack:  in __libc_start_main /home/wuhuang/fuzz/qasan/libqasan/libqasan.c:91  #7  0x10840
[Y]Call Stack:  in _start /home/tcwg-buildslave/workspace/tcwg-make-release/label/tcwg-x86_64-ex40/target/arm-linux-gnueabi/snapshots/eglibc.git~linaro_eglibc-2_19/libc/csu/../ports/sysdeps/arm/start.S:128
using ASAN_GIOVESE
Calling good()...
5
10
5
10
Finished good()
Calling bad()...
5
10
Finished bad()
No memory leak detected.
using ASAN_GIOVESE
Calling good()...
5
5
5
5
Finished good()
Calling bad()...
5
Finished bad()

=== Memory Leak Detected ===
Memory Range: [0x225e8 - 0x22778]
Call Stack (depth 7):
  #0  0xff67afe0
[Y]Call Stack:  in syscall (/home/wuhuang/fuzz/qasan/cramfs-root/lib/arm-linux-gnueabi/libc-2.13.so+0xcdfe0)  #1  0xff7b3f6c
[Y]Call Stack:  in __libqasan_malloc /home/wuhuang/fuzz/qasan/libqasan/malloc.c:207  #2  0xff7b308e
[Y]Call Stack:  in malloc /home/wuhuang/fuzz/qasan/libqasan/hooks.c:68  #3  0x108e2
[Y]Call Stack:  in CWE401_Memory_Leak__int_malloc_15_bad (/home/wuhuang/fuzz/qasan/Juliet_memLeak/testcase_test/CWE401_Memory_Leak/CWE401_Memory_Leak__int_malloc_15.out+0x8e2)  #4  0x10a54
[Y]Call Stack:  in main (/home/wuhuang/fuzz/qasan/Juliet_memLeak/testcase_test/CWE401_Memory_Leak/CWE401_Memory_Leak__int_malloc_15.out+0xa54)  #5  0xff7b2f24
[Y]Call Stack:  in __libc_start_main /home/wuhuang/fuzz/qasan/libqasan/libqasan.c:91  #6  0x10810
[Y]Call Stack:  in _start /home/tcwg-buildslave/workspace/tcwg-make-release/label/tcwg-x86_64-ex40/target/arm-linux-gnueabi/snapshots/eglibc.git~linaro_eglibc-2_19/libc/csu/../ports/sysdeps/arm/start.S:128
using ASAN_GIOVESE
Calling good()...
A String
A String
Finished good()
Calling bad()...
A String
Finished bad()

=== Memory Leak Detected ===
Memory Range: [0x22218 - 0x2227c]
Call Stack (depth 8):
  #0  0xff580fe0
[Y]Call Stack:  in syscall (/home/wuhuang/fuzz/qasan/cramfs-root/lib/arm-linux-gnueabi/libc-2.13.so+0xcdfe0)  #1  0xff7b3f6c
[Y]Call Stack:  in __libqasan_malloc /home/wuhuang/fuzz/qasan/libqasan/malloc.c:207  #2  0xff7b4162
[Y]Call Stack:  in __libqasan_calloc /home/wuhuang/fuzz/qasan/libqasan/malloc.c:283  #3  0xff7b30b2
[Y]Call Stack:  in calloc /home/wuhuang/fuzz/qasan/libqasan/hooks.c:80  #4  0x109b6
[Y]Call Stack:  in _ZN34CWE401_Memory_Leak__char_calloc_333badEv (/home/wuhuang/fuzz/qasan/Juliet_memLeak/testcase_test/CWE401_Memory_Leak/CWE401_Memory_Leak__char_calloc_33.out+0x9b6)  #5  0x10aec
[Y]Call Stack:  in main (/home/wuhuang/fuzz/qasan/Juliet_memLeak/testcase_test/CWE401_Memory_Leak/CWE401_Memory_Leak__char_calloc_33.out+0xaec)  #6  0xff7b2f24
[Y]Call Stack:  in __libc_start_main /home/wuhuang/fuzz/qasan/libqasan/libqasan.c:91  #7  0x108e0
[Y]Call Stack:  in _start /home/tcwg-buildslave/workspace/tcwg-make-release/label/tcwg-x86_64-ex40/target/arm-linux-gnueabi/snapshots/eglibc.git~linaro_eglibc-2_19/libc/csu/../ports/sysdeps/arm/start.S:128
using ASAN_GIOVESE
Calling good()...
5
5
Finished good()
Calling bad()...
5
Finished bad()

=== Memory Leak Detected ===
Memory Range: [0x22340 - 0x224d0]
Call Stack (depth 8):
  #0  0xff67afe0
[Y]Call Stack:  in syscall (/home/wuhuang/fuzz/qasan/cramfs-root/lib/arm-linux-gnueabi/libc-2.13.so+0xcdfe0)  #1  0xff7b3f6c
[Y]Call Stack:  in __libqasan_malloc /home/wuhuang/fuzz/qasan/libqasan/malloc.c:207  #2  0xff7b41b0
[Y]Call Stack:  in __libqasan_realloc /home/wuhuang/fuzz/qasan/libqasan/malloc.c:294  #3  0xff7b30d6
[Y]Call Stack:  in realloc /home/wuhuang/fuzz/qasan/libqasan/hooks.c:92  #4  0x10918
[Y]Call Stack:  in CWE401_Memory_Leak__int_realloc_31_bad (/home/wuhuang/fuzz/qasan/Juliet_memLeak/testcase_test/CWE401_Memory_Leak/CWE401_Memory_Leak__int_realloc_31.out+0x918)  #5  0x10a18
[Y]Call Stack:  in main (/home/wuhuang/fuzz/qasan/Juliet_memLeak/testcase_test/CWE401_Memory_Leak/CWE401_Memory_Leak__int_realloc_31.out+0xa18)  #6  0xff7b2f24
[Y]Call Stack:  in __libc_start_main /home/wuhuang/fuzz/qasan/libqasan/libqasan.c:91  #7  0x10844
[Y]Call Stack:  in _start /home/tcwg-buildslave/workspace/tcwg-make-release/label/tcwg-x86_64-ex40/target/arm-linux-gnueabi/snapshots/eglibc.git~linaro_eglibc-2_19/libc/csu/../ports/sysdeps/arm/start.S:128
using ASAN_GIOVESE
Calling good()...
A String
A String
A String
Finished good()
Calling bad()...
A String
Finished bad()

=== Memory Leak Detected ===
Memory Range: [0x22398 - 0x223fc]
Call Stack (depth 8):
  #0  0xff67afe0
[Y]Call Stack:  in syscall (/home/wuhuang/fuzz/qasan/cramfs-root/lib/arm-linux-gnueabi/libc-2.13.so+0xcdfe0)  #1  0xff7b3f6c
[Y]Call Stack:  in __libqasan_malloc /home/wuhuang/fuzz/qasan/libqasan/malloc.c:207  #2  0xff7b41b0
[Y]Call Stack:  in __libqasan_realloc /home/wuhuang/fuzz/qasan/libqasan/malloc.c:294  #3  0xff7b30d6
[Y]Call Stack:  in realloc /home/wuhuang/fuzz/qasan/libqasan/hooks.c:92  #4  0x10916
[Y]Call Stack:  in CWE401_Memory_Leak__char_realloc_22_bad (/home/wuhuang/fuzz/qasan/Juliet_memLeak/testcase_test/CWE401_Memory_Leak/CWE401_Memory_Leak__char_realloc_22.out+0x916)  #5  0x10aa0
[Y]Call Stack:  in main (/home/wuhuang/fuzz/qasan/Juliet_memLeak/testcase_test/CWE401_Memory_Leak/CWE401_Memory_Leak__char_realloc_22.out+0xaa0)  #6  0xff7b2f24
[Y]Call Stack:  in __libc_start_main /home/wuhuang/fuzz/qasan/libqasan/libqasan.c:91  #7  0x10844
[Y]Call Stack:  in _start /home/tcwg-buildslave/workspace/tcwg-make-release/label/tcwg-x86_64-ex40/target/arm-linux-gnueabi/snapshots/eglibc.git~linaro_eglibc-2_19/libc/csu/../ports/sysdeps/arm/start.S:128
using ASAN_GIOVESE
Calling good()...
A String
A String
Finished good()
Calling bad()...
A String
Finished bad()

=== Memory Leak Detected ===
Memory Range: [0x22218 - 0x2227c]
Call Stack (depth 7):
  #0  0xff580fe0
[Y]Call Stack:  in syscall (/home/wuhuang/fuzz/qasan/cramfs-root/lib/arm-linux-gnueabi/libc-2.13.so+0xcdfe0)  #1  0xff7b3f6c
[Y]Call Stack:  in __libqasan_malloc /home/wuhuang/fuzz/qasan/libqasan/malloc.c:207  #2  0xff7b308e
[Y]Call Stack:  in malloc /home/wuhuang/fuzz/qasan/libqasan/hooks.c:68  #3  0x109e4
[Y]Call Stack:  in _ZN37CWE401_Memory_Leak__new_array_char_513badEv (/home/wuhuang/fuzz/qasan/Juliet_memLeak/testcase_test/CWE401_Memory_Leak/CWE401_Memory_Leak__new_array_char_51.out+0x9e4)  #4  0x10ad4
[Y]Call Stack:  in main (/home/wuhuang/fuzz/qasan/Juliet_memLeak/testcase_test/CWE401_Memory_Leak/CWE401_Memory_Leak__new_array_char_51.out+0xad4)  #5  0xff7b2f24
[Y]Call Stack:  in __libc_start_main /home/wuhuang/fuzz/qasan/libqasan/libqasan.c:91  #6  0x10914
[Y]Call Stack:  in _start /home/tcwg-buildslave/workspace/tcwg-make-release/label/tcwg-x86_64-ex40/target/arm-linux-gnueabi/snapshots/eglibc.git~linaro_eglibc-2_19/libc/csu/../ports/sysdeps/arm/start.S:128
using ASAN_GIOVESE
Calling good()...
5
5
Finished good()
Calling bad()...
5
Finished bad()

=== Memory Leak Detected ===
Memory Range: [0x23c60 - 0x23df0]
Call Stack (depth 8):
  #0  0xff580fe0
[Y]Call Stack:  in syscall (/home/wuhuang/fuzz/qasan/cramfs-root/lib/arm-linux-gnueabi/libc-2.13.so+0xcdfe0)  #1  0xff7b3f6c
[Y]Call Stack:  in __libqasan_malloc /home/wuhuang/fuzz/qasan/libqasan/malloc.c:207  #2  0xff7b4162
[Y]Call Stack:  in __libqasan_calloc /home/wuhuang/fuzz/qasan/libqasan/malloc.c:283  #3  0xff7b30b2
[Y]Call Stack:  in calloc /home/wuhuang/fuzz/qasan/libqasan/hooks.c:80  #4  0x10c9a
[Y]Call Stack:  in _ZN33CWE401_Memory_Leak__int_calloc_723badEv (/home/wuhuang/fuzz/qasan/Juliet_memLeak/testcase_test/CWE401_Memory_Leak/CWE401_Memory_Leak__int_calloc_72.out+0xc9a)  #5  0x10f2c
[Y]Call Stack:  in main (/home/wuhuang/fuzz/qasan/Juliet_memLeak/testcase_test/CWE401_Memory_Leak/CWE401_Memory_Leak__int_calloc_72.out+0xf2c)  #6  0xff7b2f24
[Y]Call Stack:  in __libc_start_main /home/wuhuang/fuzz/qasan/libqasan/libqasan.c:91  #7  0x10bc0
[Y]Call Stack:  in _start /home/tcwg-buildslave/workspace/tcwg-make-release/label/tcwg-x86_64-ex40/target/arm-linux-gnueabi/snapshots/eglibc.git~linaro_eglibc-2_19/libc/csu/../ports/sysdeps/arm/start.S:128
using ASAN_GIOVESE
Calling good()...
A String
A String
Finished good()
Calling bad()...
A String
Finished bad()

=== Memory Leak Detected ===
Memory Range: [0x22218 - 0x2227c]
Call Stack (depth 7):
  #0  0xff67afe0
[Y]Call Stack:  in syscall (/home/wuhuang/fuzz/qasan/cramfs-root/lib/arm-linux-gnueabi/libc-2.13.so+0xcdfe0)  #1  0xff7b3f6c
[Y]Call Stack:  in __libqasan_malloc /home/wuhuang/fuzz/qasan/libqasan/malloc.c:207  #2  0xff7b308e
[Y]Call Stack:  in malloc /home/wuhuang/fuzz/qasan/libqasan/hooks.c:68  #3  0x108e0
[Y]Call Stack:  in CWE401_Memory_Leak__char_malloc_54_bad (/home/wuhuang/fuzz/qasan/Juliet_memLeak/testcase_test/CWE401_Memory_Leak/CWE401_Memory_Leak__char_malloc_54.out+0x8e0)  #4  0x109f0
[Y]Call Stack:  in main (/home/wuhuang/fuzz/qasan/Juliet_memLeak/testcase_test/CWE401_Memory_Leak/CWE401_Memory_Leak__char_malloc_54.out+0x9f0)  #5  0xff7b2f24
[Y]Call Stack:  in __libc_start_main /home/wuhuang/fuzz/qasan/libqasan/libqasan.c:91  #6  0x10810
[Y]Call Stack:  in _start /home/tcwg-buildslave/workspace/tcwg-make-release/label/tcwg-x86_64-ex40/target/arm-linux-gnueabi/snapshots/eglibc.git~linaro_eglibc-2_19/libc/csu/../ports/sysdeps/arm/start.S:128
using ASAN_GIOVESE
Calling good()...
5
5
Finished good()
Calling bad()...
5
Finished bad()

=== Memory Leak Detected ===
Memory Range: [0x22340 - 0x224d0]
Call Stack (depth 7):
  #0  0xff67afe0
[Y]Call Stack:  in syscall (/home/wuhuang/fuzz/qasan/cramfs-root/lib/arm-linux-gnueabi/libc-2.13.so+0xcdfe0)  #1  0xff7b3f6c
[Y]Call Stack:  in __libqasan_malloc /home/wuhuang/fuzz/qasan/libqasan/malloc.c:207  #2  0xff7b308e
[Y]Call Stack:  in malloc /home/wuhuang/fuzz/qasan/libqasan/hooks.c:68  #3  0x108e2
[Y]Call Stack:  in CWE401_Memory_Leak__int_malloc_67_bad (/home/wuhuang/fuzz/qasan/Juliet_memLeak/testcase_test/CWE401_Memory_Leak/CWE401_Memory_Leak__int_malloc_67.out+0x8e2)  #4  0x109e4
[Y]Call Stack:  in main (/home/wuhuang/fuzz/qasan/Juliet_memLeak/testcase_test/CWE401_Memory_Leak/CWE401_Memory_Leak__int_malloc_67.out+0x9e4)  #5  0xff7b2f24
[Y]Call Stack:  in __libc_start_main /home/wuhuang/fuzz/qasan/libqasan/libqasan.c:91  #6  0x10810
[Y]Call Stack:  in _start /home/tcwg-buildslave/workspace/tcwg-make-release/label/tcwg-x86_64-ex40/target/arm-linux-gnueabi/snapshots/eglibc.git~linaro_eglibc-2_19/libc/csu/../ports/sysdeps/arm/start.S:128
using ASAN_GIOVESE
Calling good()...
A String
A String
Finished good()
Calling bad()...
A String
Finished bad()

=== Memory Leak Detected ===
Memory Range: [0x22218 - 0x2227c]
Call Stack (depth 8):
  #0  0xff67afe0
[Y]Call Stack:  in syscall (/home/wuhuang/fuzz/qasan/cramfs-root/lib/arm-linux-gnueabi/libc-2.13.so+0xcdfe0)  #1  0xff7b3f6c
[Y]Call Stack:  in __libqasan_malloc /home/wuhuang/fuzz/qasan/libqasan/malloc.c:207  #2  0xff7b4162
[Y]Call Stack:  in __libqasan_calloc /home/wuhuang/fuzz/qasan/libqasan/malloc.c:283  #3  0xff7b30b2
[Y]Call Stack:  in calloc /home/wuhuang/fuzz/qasan/libqasan/hooks.c:80  #4  0x10926
[Y]Call Stack:  in CWE401_Memory_Leak__char_calloc_41_bad (/home/wuhuang/fuzz/qasan/Juliet_memLeak/testcase_test/CWE401_Memory_Leak/CWE401_Memory_Leak__char_calloc_41.out+0x926)  #5  0x10a64
[Y]Call Stack:  in main (/home/wuhuang/fuzz/qasan/Juliet_memLeak/testcase_test/CWE401_Memory_Leak/CWE401_Memory_Leak__char_calloc_41.out+0xa64)  #6  0xff7b2f24
[Y]Call Stack:  in __libc_start_main /home/wuhuang/fuzz/qasan/libqasan/libqasan.c:91  #7  0x10840
[Y]Call Stack:  in _start /home/tcwg-buildslave/workspace/tcwg-make-release/label/tcwg-x86_64-ex40/target/arm-linux-gnueabi/snapshots/eglibc.git~linaro_eglibc-2_19/libc/csu/../ports/sysdeps/arm/start.S:128
using ASAN_GIOVESE
Calling good()...
5
5
Finished good()
Calling bad()...
5
Finished bad()

=== Memory Leak Detected ===
Memory Range: [0x22340 - 0x224d0]
Call Stack (depth 9):
  #0  0xff580fe0
[Y]Call Stack:  in syscall (/home/wuhuang/fuzz/qasan/cramfs-root/lib/arm-linux-gnueabi/libc-2.13.so+0xcdfe0)  #1  0xff7b3f6c
[Y]Call Stack:  in __libqasan_malloc /home/wuhuang/fuzz/qasan/libqasan/malloc.c:207  #2  0xff7b41b0
[Y]Call Stack:  in __libqasan_realloc /home/wuhuang/fuzz/qasan/libqasan/malloc.c:294  #3  0xff7b30d6
[Y]Call Stack:  in realloc /home/wuhuang/fuzz/qasan/libqasan/hooks.c:92  #4  0x109b8
[Y]Call Stack:  in _ZN34CWE401_Memory_Leak__int_realloc_43L9badSourceERPi CWE401_Memory_Leak__int_realloc_43.cpp:?  #5  0x109fa
[Y]Call Stack:  in _ZN34CWE401_Memory_Leak__int_realloc_433badEv (/home/wuhuang/fuzz/qasan/Juliet_memLeak/testcase_test/CWE401_Memory_Leak/CWE401_Memory_Leak__int_realloc_43.out+0x9fa)  #6  0x10b14
[Y]Call Stack:  in main (/home/wuhuang/fuzz/qasan/Juliet_memLeak/testcase_test/CWE401_Memory_Leak/CWE401_Memory_Leak__int_realloc_43.out+0xb14)  #7  0xff7b2f24
[Y]Call Stack:  in __libc_start_main /home/wuhuang/fuzz/qasan/libqasan/libqasan.c:91  #8  0x108e0
[Y]Call Stack:  in _start /home/tcwg-buildslave/workspace/tcwg-make-release/label/tcwg-x86_64-ex40/target/arm-linux-gnueabi/snapshots/eglibc.git~linaro_eglibc-2_19/libc/csu/../ports/sysdeps/arm/start.S:128
using ASAN_GIOVESE
Calling good()...
A String
A String
Finished good()
Calling bad()...
A String
Finished bad()

=== Memory Leak Detected ===
Memory Range: [0x22218 - 0x2227c]
Call Stack (depth 8):
  #0  0xff580fe0
[Y]Call Stack:  in syscall (/home/wuhuang/fuzz/qasan/cramfs-root/lib/arm-linux-gnueabi/libc-2.13.so+0xcdfe0)  #1  0xff7b3f6c
[Y]Call Stack:  in __libqasan_malloc /home/wuhuang/fuzz/qasan/libqasan/malloc.c:207  #2  0xff7b41b0
[Y]Call Stack:  in __libqasan_realloc /home/wuhuang/fuzz/qasan/libqasan/malloc.c:294  #3  0xff7b30d6
[Y]Call Stack:  in realloc /home/wuhuang/fuzz/qasan/libqasan/hooks.c:92  #4  0x10aa8
[Y]Call Stack:  in _ZN35CWE401_Memory_Leak__char_realloc_813badEv (/home/wuhuang/fuzz/qasan/Juliet_memLeak/testcase_test/CWE401_Memory_Leak/CWE401_Memory_Leak__char_realloc_81.out+0xaa8)  #5  0x10c08
[Y]Call Stack:  in main (/home/wuhuang/fuzz/qasan/Juliet_memLeak/testcase_test/CWE401_Memory_Leak/CWE401_Memory_Leak__char_realloc_81.out+0xc08)  #6  0xff7b2f24
[Y]Call Stack:  in __libc_start_main /home/wuhuang/fuzz/qasan/libqasan/libqasan.c:91  #7  0x109d4
[Y]Call Stack:  in _start /home/tcwg-buildslave/workspace/tcwg-make-release/label/tcwg-x86_64-ex40/target/arm-linux-gnueabi/snapshots/eglibc.git~linaro_eglibc-2_19/libc/csu/../ports/sysdeps/arm/start.S:128
using ASAN_GIOVESE
Calling good()...
5
5
Finished good()
Calling bad()...
5
Finished bad()

=== Memory Leak Detected ===
Memory Range: [0x22340 - 0x224d0]
Call Stack (depth 8):
  #0  0xff67afe0
[Y]Call Stack:  in syscall (/home/wuhuang/fuzz/qasan/cramfs-root/lib/arm-linux-gnueabi/libc-2.13.so+0xcdfe0)  #1  0xff7b3f6c
[Y]Call Stack:  in __libqasan_malloc /home/wuhuang/fuzz/qasan/libqasan/malloc.c:207  #2  0xff7b41b0
[Y]Call Stack:  in __libqasan_realloc /home/wuhuang/fuzz/qasan/libqasan/malloc.c:294  #3  0xff7b30d6
[Y]Call Stack:  in realloc /home/wuhuang/fuzz/qasan/libqasan/hooks.c:92  #4  0x10936
[Y]Call Stack:  in CWE401_Memory_Leak__int_realloc_44_bad (/home/wuhuang/fuzz/qasan/Juliet_memLeak/testcase_test/CWE401_Memory_Leak/CWE401_Memory_Leak__int_realloc_44.out+0x936)  #5  0x10a68
[Y]Call Stack:  in main (/home/wuhuang/fuzz/qasan/Juliet_memLeak/testcase_test/CWE401_Memory_Leak/CWE401_Memory_Leak__int_realloc_44.out+0xa68)  #6  0xff7b2f24
[Y]Call Stack:  in __libc_start_main /home/wuhuang/fuzz/qasan/libqasan/libqasan.c:91  #7  0x10844
[Y]Call Stack:  in _start /home/tcwg-buildslave/workspace/tcwg-make-release/label/tcwg-x86_64-ex40/target/arm-linux-gnueabi/snapshots/eglibc.git~linaro_eglibc-2_19/libc/csu/../ports/sysdeps/arm/start.S:128
using ASAN_GIOVESE
Calling good()...
5
5
5
5
Finished good()
Calling bad()...
5
Finished bad()

=== Memory Leak Detected ===
Memory Range: [0x225e8 - 0x22778]
Call Stack (depth 8):
  #0  0xff67afe0
[Y]Call Stack:  in syscall (/home/wuhuang/fuzz/qasan/cramfs-root/lib/arm-linux-gnueabi/libc-2.13.so+0xcdfe0)  #1  0xff7b3f6c
[Y]Call Stack:  in __libqasan_malloc /home/wuhuang/fuzz/qasan/libqasan/malloc.c:207  #2  0xff7b4162
[Y]Call Stack:  in __libqasan_calloc /home/wuhuang/fuzz/qasan/libqasan/malloc.c:283  #3  0xff7b30b2
[Y]Call Stack:  in calloc /home/wuhuang/fuzz/qasan/libqasan/hooks.c:80  #4  0x10920
[Y]Call Stack:  in CWE401_Memory_Leak__int_calloc_09_bad (/home/wuhuang/fuzz/qasan/Juliet_memLeak/testcase_test/CWE401_Memory_Leak/CWE401_Memory_Leak__int_calloc_09.out+0x920)  #5  0x10af0
[Y]Call Stack:  in main (/home/wuhuang/fuzz/qasan/Juliet_memLeak/testcase_test/CWE401_Memory_Leak/CWE401_Memory_Leak__int_calloc_09.out+0xaf0)  #6  0xff7b2f24
[Y]Call Stack:  in __libc_start_main /home/wuhuang/fuzz/qasan/libqasan/libqasan.c:91  #7  0x10840
[Y]Call Stack:  in _start /home/tcwg-buildslave/workspace/tcwg-make-release/label/tcwg-x86_64-ex40/target/arm-linux-gnueabi/snapshots/eglibc.git~linaro_eglibc-2_19/libc/csu/../ports/sysdeps/arm/start.S:128
using ASAN_GIOVESE
Calling good()...
A String
A String
Finished good()
Calling bad()...
A String
Finished bad()

=== Memory Leak Detected ===
Memory Range: [0x22458 - 0x224bc]
Call Stack (depth 7):
  #0  0xff580fe0
[Y]Call Stack:  in syscall (/home/wuhuang/fuzz/qasan/cramfs-root/lib/arm-linux-gnueabi/libc-2.13.so+0xcdfe0)  #1  0xff7b3f6c
[Y]Call Stack:  in __libqasan_malloc /home/wuhuang/fuzz/qasan/libqasan/malloc.c:207  #2  0xff7b308e
[Y]Call Stack:  in malloc /home/wuhuang/fuzz/qasan/libqasan/hooks.c:68  #3  0x10af2
[Y]Call Stack:  in _ZN34CWE401_Memory_Leak__char_malloc_823badEv (/home/wuhuang/fuzz/qasan/Juliet_memLeak/testcase_test/CWE401_Memory_Leak/CWE401_Memory_Leak__char_malloc_82.out+0xaf2)  #4  0x10c68
[Y]Call Stack:  in main (/home/wuhuang/fuzz/qasan/Juliet_memLeak/testcase_test/CWE401_Memory_Leak/CWE401_Memory_Leak__char_malloc_82.out+0xc68)  #5  0xff7b2f24
[Y]Call Stack:  in __libc_start_main /home/wuhuang/fuzz/qasan/libqasan/libqasan.c:91  #6  0x10a20
[Y]Call Stack:  in _start /home/tcwg-buildslave/workspace/tcwg-make-release/label/tcwg-x86_64-ex40/target/arm-linux-gnueabi/snapshots/eglibc.git~linaro_eglibc-2_19/libc/csu/../ports/sysdeps/arm/start.S:128
using ASAN_GIOVESE
Calling good()...
A String
A String
Finished good()
Calling bad()...
A String
Finished bad()

=== Memory Leak Detected ===
Memory Range: [0x22218 - 0x2227c]
Call Stack (depth 7):
  #0  0xff67afe0
[Y]Call Stack:  in syscall (/home/wuhuang/fuzz/qasan/cramfs-root/lib/arm-linux-gnueabi/libc-2.13.so+0xcdfe0)  #1  0xff7b3f6c
[Y]Call Stack:  in __libqasan_malloc /home/wuhuang/fuzz/qasan/libqasan/malloc.c:207  #2  0xff7b308e
[Y]Call Stack:  in malloc /home/wuhuang/fuzz/qasan/libqasan/hooks.c:68  #3  0x108e0
[Y]Call Stack:  in CWE401_Memory_Leak__char_malloc_53_bad (/home/wuhuang/fuzz/qasan/Juliet_memLeak/testcase_test/CWE401_Memory_Leak/CWE401_Memory_Leak__char_malloc_53.out+0x8e0)  #4  0x109f0
[Y]Call Stack:  in main (/home/wuhuang/fuzz/qasan/Juliet_memLeak/testcase_test/CWE401_Memory_Leak/CWE401_Memory_Leak__char_malloc_53.out+0x9f0)  #5  0xff7b2f24
[Y]Call Stack:  in __libc_start_main /home/wuhuang/fuzz/qasan/libqasan/libqasan.c:91  #6  0x10810
[Y]Call Stack:  in _start /home/tcwg-buildslave/workspace/tcwg-make-release/label/tcwg-x86_64-ex40/target/arm-linux-gnueabi/snapshots/eglibc.git~linaro_eglibc-2_19/libc/csu/../ports/sysdeps/arm/start.S:128
using ASAN_GIOVESE
Calling good()...
A String
A String
Finished good()
Calling bad()...
A String
Finished bad()

=== Memory Leak Detected ===
Memory Range: [0x22ff8 - 0x2305c]
Call Stack (depth 8):
  #0  0xff580fe0
[Y]Call Stack:  in syscall (/home/wuhuang/fuzz/qasan/cramfs-root/lib/arm-linux-gnueabi/libc-2.13.so+0xcdfe0)  #1  0xff7b3f6c
[Y]Call Stack:  in __libqasan_malloc /home/wuhuang/fuzz/qasan/libqasan/malloc.c:207  #2  0xff7b4162
[Y]Call Stack:  in __libqasan_calloc /home/wuhuang/fuzz/qasan/libqasan/malloc.c:283  #3  0xff7b30b2
[Y]Call Stack:  in calloc /home/wuhuang/fuzz/qasan/libqasan/hooks.c:80  #4  0x10b96
[Y]Call Stack:  in _ZN34CWE401_Memory_Leak__char_calloc_733badEv (/home/wuhuang/fuzz/qasan/Juliet_memLeak/testcase_test/CWE401_Memory_Leak/CWE401_Memory_Leak__char_calloc_73.out+0xb96)  #5  0x10e04
[Y]Call Stack:  in main (/home/wuhuang/fuzz/qasan/Juliet_memLeak/testcase_test/CWE401_Memory_Leak/CWE401_Memory_Leak__char_calloc_73.out+0xe04)  #6  0xff7b2f24
[Y]Call Stack:  in __libc_start_main /home/wuhuang/fuzz/qasan/libqasan/libqasan.c:91  #7  0x10abc
[Y]Call Stack:  in _start /home/tcwg-buildslave/workspace/tcwg-make-release/label/tcwg-x86_64-ex40/target/arm-linux-gnueabi/snapshots/eglibc.git~linaro_eglibc-2_19/libc/csu/../ports/sysdeps/arm/start.S:128
using ASAN_GIOVESE
Calling good()...
5
5
Finished good()
Calling bad()...
5
Finished bad()

=== Memory Leak Detected ===
Memory Range: [0x226a0 - 0x22830]
Call Stack (depth 8):
  #0  0xff580fe0
[Y]Call Stack:  in syscall (/home/wuhuang/fuzz/qasan/cramfs-root/lib/arm-linux-gnueabi/libc-2.13.so+0xcdfe0)  #1  0xff7b3f6c
[Y]Call Stack:  in __libqasan_malloc /home/wuhuang/fuzz/qasan/libqasan/malloc.c:207  #2  0xff7b308e
[Y]Call Stack:  in malloc /home/wuhuang/fuzz/qasan/libqasan/hooks.c:68  #3  0x10bda
[Y]Call Stack:  in _ZN33CWE401_Memory_Leak__int_malloc_8437CWE401_Memory_Leak__int_malloc_84_badC2EPi (/home/wuhuang/fuzz/qasan/Juliet_memLeak/testcase_test/CWE401_Memory_Leak/CWE401_Memory_Leak__int_malloc_84.out+0xbda)  #4  0x10aae
[Y]Call Stack:  in _ZN33CWE401_Memory_Leak__int_malloc_843badEv (/home/wuhuang/fuzz/qasan/Juliet_memLeak/testcase_test/CWE401_Memory_Leak/CWE401_Memory_Leak__int_malloc_84.out+0xaae)  #5  0x10ba8
[Y]Call Stack:  in main (/home/wuhuang/fuzz/qasan/Juliet_memLeak/testcase_test/CWE401_Memory_Leak/CWE401_Memory_Leak__int_malloc_84.out+0xba8)  #6  0xff7b2f24
[Y]Call Stack:  in __libc_start_main /home/wuhuang/fuzz/qasan/libqasan/libqasan.c:91  #7  0x109d4
[Y]Call Stack:  in _start /home/tcwg-buildslave/workspace/tcwg-make-release/label/tcwg-x86_64-ex40/target/arm-linux-gnueabi/snapshots/eglibc.git~linaro_eglibc-2_19/libc/csu/../ports/sysdeps/arm/start.S:128
using ASAN_GIOVESE
Calling good()...
0 -- 0
1 -- 1
0 -- 0
1 -- 1
Finished good()
Calling bad()...
0 -- 0
1 -- 1
Finished bad()
No memory leak detected.
using ASAN_GIOVESE
Calling good()...
A String
A String
Finished good()
Calling bad()...
A String
Finished bad()

=== Memory Leak Detected ===
Memory Range: [0x22218 - 0x2227c]
Call Stack (depth 9):
  #0  0xff580fe0
[Y]Call Stack:  in syscall (/home/wuhuang/fuzz/qasan/cramfs-root/lib/arm-linux-gnueabi/libc-2.13.so+0xcdfe0)  #1  0xff7b3f6c
[Y]Call Stack:  in __libqasan_malloc /home/wuhuang/fuzz/qasan/libqasan/malloc.c:207  #2  0xff7b41b0
[Y]Call Stack:  in __libqasan_realloc /home/wuhuang/fuzz/qasan/libqasan/malloc.c:294  #3  0xff7b30d6
[Y]Call Stack:  in realloc /home/wuhuang/fuzz/qasan/libqasan/hooks.c:92  #4  0x10a72
[Y]Call Stack:  in _ZN35CWE401_Memory_Leak__char_realloc_629badSourceERPc (/home/wuhuang/fuzz/qasan/Juliet_memLeak/testcase_test/CWE401_Memory_Leak/CWE401_Memory_Leak__char_realloc_62.out+0xa72)  #5  0x109b2
[Y]Call Stack:  in _ZN35CWE401_Memory_Leak__char_realloc_623badEv (/home/wuhuang/fuzz/qasan/Juliet_memLeak/testcase_test/CWE401_Memory_Leak/CWE401_Memory_Leak__char_realloc_62.out+0x9b2)  #6  0x10a44
[Y]Call Stack:  in main (/home/wuhuang/fuzz/qasan/Juliet_memLeak/testcase_test/CWE401_Memory_Leak/CWE401_Memory_Leak__char_realloc_62.out+0xa44)  #7  0xff7b2f24
[Y]Call Stack:  in __libc_start_main /home/wuhuang/fuzz/qasan/libqasan/libqasan.c:91  #8  0x108e0
[Y]Call Stack:  in _start /home/tcwg-buildslave/workspace/tcwg-make-release/label/tcwg-x86_64-ex40/target/arm-linux-gnueabi/snapshots/eglibc.git~linaro_eglibc-2_19/libc/csu/../ports/sysdeps/arm/start.S:128
using ASAN_GIOVESE
Calling good()...
A String
A String
A String
A String
Finished good()
Calling bad()...
A String
Finished bad()

=== Memory Leak Detected ===
Memory Range: [0x22398 - 0x223fc]
Call Stack (depth 7):
  #0  0xff580fe0
[Y]Call Stack:  in syscall (/home/wuhuang/fuzz/qasan/cramfs-root/lib/arm-linux-gnueabi/libc-2.13.so+0xcdfe0)  #1  0xff7b3f6c
[Y]Call Stack:  in __libqasan_malloc /home/wuhuang/fuzz/qasan/libqasan/malloc.c:207  #2  0xff7b308e
[Y]Call Stack:  in malloc /home/wuhuang/fuzz/qasan/libqasan/hooks.c:68  #3  0x109f8
[Y]Call Stack:  in _ZN37CWE401_Memory_Leak__new_array_char_113badEv (/home/wuhuang/fuzz/qasan/Juliet_memLeak/testcase_test/CWE401_Memory_Leak/CWE401_Memory_Leak__new_array_char_11.out+0x9f8)  #4  0x10c04
[Y]Call Stack:  in main (/home/wuhuang/fuzz/qasan/Juliet_memLeak/testcase_test/CWE401_Memory_Leak/CWE401_Memory_Leak__new_array_char_11.out+0xc04)  #5  0xff7b2f24
[Y]Call Stack:  in __libc_start_main /home/wuhuang/fuzz/qasan/libqasan/libqasan.c:91  #6  0x10914
[Y]Call Stack:  in _start /home/tcwg-buildslave/workspace/tcwg-make-release/label/tcwg-x86_64-ex40/target/arm-linux-gnueabi/snapshots/eglibc.git~linaro_eglibc-2_19/libc/csu/../ports/sysdeps/arm/start.S:128
using ASAN_GIOVESE
Calling good()...
A String
New String
A String
New String
Finished good()
Calling bad()...
A String
New String
Finished bad()
No memory leak detected.
using ASAN_GIOVESE
Calling good()...
A String
A String
Finished good()
Calling bad()...
A String
Finished bad()

=== Memory Leak Detected ===
Memory Range: [0x22218 - 0x2227c]
Call Stack (depth 7):
  #0  0xff67afe0
[Y]Call Stack:  in syscall (/home/wuhuang/fuzz/qasan/cramfs-root/lib/arm-linux-gnueabi/libc-2.13.so+0xcdfe0)  #1  0xff7b3f6c
[Y]Call Stack:  in __libqasan_malloc /home/wuhuang/fuzz/qasan/libqasan/malloc.c:207  #2  0xff7b308e
[Y]Call Stack:  in malloc /home/wuhuang/fuzz/qasan/libqasan/hooks.c:68  #3  0x108e0
[Y]Call Stack:  in CWE401_Memory_Leak__char_malloc_66_bad (/home/wuhuang/fuzz/qasan/Juliet_memLeak/testcase_test/CWE401_Memory_Leak/CWE401_Memory_Leak__char_malloc_66.out+0x8e0)  #4  0x10a08
[Y]Call Stack:  in main (/home/wuhuang/fuzz/qasan/Juliet_memLeak/testcase_test/CWE401_Memory_Leak/CWE401_Memory_Leak__char_malloc_66.out+0xa08)  #5  0xff7b2f24
[Y]Call Stack:  in __libc_start_main /home/wuhuang/fuzz/qasan/libqasan/libqasan.c:91  #6  0x10810
[Y]Call Stack:  in _start /home/tcwg-buildslave/workspace/tcwg-make-release/label/tcwg-x86_64-ex40/target/arm-linux-gnueabi/snapshots/eglibc.git~linaro_eglibc-2_19/libc/csu/../ports/sysdeps/arm/start.S:128
using ASAN_GIOVESE
Calling good()...
5
10
5
10
Finished good()
Calling bad()...
5
10
Finished bad()
No memory leak detected.
using ASAN_GIOVESE
Calling good()...
A String
A String
Finished good()
Calling bad()...
A String
Finished bad()

=== Memory Leak Detected ===
Memory Range: [0x22218 - 0x2227c]
Call Stack (depth 7):
  #0  0xff580fe0
[Y]Call Stack:  in syscall (/home/wuhuang/fuzz/qasan/cramfs-root/lib/arm-linux-gnueabi/libc-2.13.so+0xcdfe0)  #1  0xff7b3f6c
[Y]Call Stack:  in __libqasan_malloc /home/wuhuang/fuzz/qasan/libqasan/malloc.c:207  #2  0xff7b308e
[Y]Call Stack:  in malloc /home/wuhuang/fuzz/qasan/libqasan/hooks.c:68  #3  0x109e4
[Y]Call Stack:  in _ZN37CWE401_Memory_Leak__new_array_char_163badEv (/home/wuhuang/fuzz/qasan/Juliet_memLeak/testcase_test/CWE401_Memory_Leak/CWE401_Memory_Leak__new_array_char_16.out+0x9e4)  #4  0x10ad8
[Y]Call Stack:  in main (/home/wuhuang/fuzz/qasan/Juliet_memLeak/testcase_test/CWE401_Memory_Leak/CWE401_Memory_Leak__new_array_char_16.out+0xad8)  #5  0xff7b2f24
[Y]Call Stack:  in __libc_start_main /home/wuhuang/fuzz/qasan/libqasan/libqasan.c:91  #6  0x10914
[Y]Call Stack:  in _start /home/tcwg-buildslave/workspace/tcwg-make-release/label/tcwg-x86_64-ex40/target/arm-linux-gnueabi/snapshots/eglibc.git~linaro_eglibc-2_19/libc/csu/../ports/sysdeps/arm/start.S:128
using ASAN_GIOVESE
Calling good()...
A String
A String
A String
A String
Finished good()
Calling bad()...
A String
Finished bad()

=== Memory Leak Detected ===
Memory Range: [0x22398 - 0x223fc]
Call Stack (depth 8):
  #0  0xff67afe0
[Y]Call Stack:  in syscall (/home/wuhuang/fuzz/qasan/cramfs-root/lib/arm-linux-gnueabi/libc-2.13.so+0xcdfe0)  #1  0xff7b3f6c
[Y]Call Stack:  in __libqasan_malloc /home/wuhuang/fuzz/qasan/libqasan/malloc.c:207  #2  0xff7b4162
[Y]Call Stack:  in __libqasan_calloc /home/wuhuang/fuzz/qasan/libqasan/malloc.c:283  #3  0xff7b30b2
[Y]Call Stack:  in calloc /home/wuhuang/fuzz/qasan/libqasan/hooks.c:80  #4  0x1093c
[Y]Call Stack:  in CWE401_Memory_Leak__char_calloc_08_bad (/home/wuhuang/fuzz/qasan/Juliet_memLeak/testcase_test/CWE401_Memory_Leak/CWE401_Memory_Leak__char_calloc_08.out+0x93c)  #5  0x10b34
[Y]Call Stack:  in main (/home/wuhuang/fuzz/qasan/Juliet_memLeak/testcase_test/CWE401_Memory_Leak/CWE401_Memory_Leak__char_calloc_08.out+0xb34)  #6  0xff7b2f24
[Y]Call Stack:  in __libc_start_main /home/wuhuang/fuzz/qasan/libqasan/libqasan.c:91  #7  0x10840
[Y]Call Stack:  in _start /home/tcwg-buildslave/workspace/tcwg-make-release/label/tcwg-x86_64-ex40/target/arm-linux-gnueabi/snapshots/eglibc.git~linaro_eglibc-2_19/libc/csu/../ports/sysdeps/arm/start.S:128
using ASAN_GIOVESE
Calling good()...
A String
New String
A String
New String
Finished good()
Calling bad()...
A String
New String
Finished bad()
No memory leak detected.
using ASAN_GIOVESE
Calling good()...
A String
A String
Finished good()
Calling bad()...
A String
Finished bad()

=== Memory Leak Detected ===
Memory Range: [0x22218 - 0x2227c]
Call Stack (depth 8):
  #0  0xff67afe0
[Y]Call Stack:  in syscall (/home/wuhuang/fuzz/qasan/cramfs-root/lib/arm-linux-gnueabi/libc-2.13.so+0xcdfe0)  #1  0xff7b3f6c
[Y]Call Stack:  in __libqasan_malloc /home/wuhuang/fuzz/qasan/libqasan/malloc.c:207  #2  0xff7b308e
[Y]Call Stack:  in malloc /home/wuhuang/fuzz/qasan/libqasan/hooks.c:68  #3  0x1099a
[Y]Call Stack:  in CWE401_Memory_Leak__char_malloc_61b_badSource (/home/wuhuang/fuzz/qasan/Juliet_memLeak/testcase_test/CWE401_Memory_Leak/CWE401_Memory_Leak__char_malloc_61.out+0x99a)  #4  0x108e0
[Y]Call Stack:  in CWE401_Memory_Leak__char_malloc_61_bad (/home/wuhuang/fuzz/qasan/Juliet_memLeak/testcase_test/CWE401_Memory_Leak/CWE401_Memory_Leak__char_malloc_61.out+0x8e0)  #5  0x10974
[Y]Call Stack:  in main (/home/wuhuang/fuzz/qasan/Juliet_memLeak/testcase_test/CWE401_Memory_Leak/CWE401_Memory_Leak__char_malloc_61.out+0x974)  #6  0xff7b2f24
[Y]Call Stack:  in __libc_start_main /home/wuhuang/fuzz/qasan/libqasan/libqasan.c:91  #7  0x10810
[Y]Call Stack:  in _start /home/tcwg-buildslave/workspace/tcwg-make-release/label/tcwg-x86_64-ex40/target/arm-linux-gnueabi/snapshots/eglibc.git~linaro_eglibc-2_19/libc/csu/../ports/sysdeps/arm/start.S:128
using ASAN_GIOVESE
Calling good()...
5
5
Finished good()
Calling bad()...
5
Finished bad()

=== Memory Leak Detected ===
Memory Range: [0x22340 - 0x224d0]
Call Stack (depth 8):
  #0  0xff580fe0
[Y]Call Stack:  in syscall (/home/wuhuang/fuzz/qasan/cramfs-root/lib/arm-linux-gnueabi/libc-2.13.so+0xcdfe0)  #1  0xff7b3f6c
[Y]Call Stack:  in __libqasan_malloc /home/wuhuang/fuzz/qasan/libqasan/malloc.c:207  #2  0xff7b308e
[Y]Call Stack:  in malloc /home/wuhuang/fuzz/qasan/libqasan/hooks.c:68  #3  0x10a62
[Y]Call Stack:  in _ZN33CWE401_Memory_Leak__int_malloc_8337CWE401_Memory_Leak__int_malloc_83_badC1EPi (/home/wuhuang/fuzz/qasan/Juliet_memLeak/testcase_test/CWE401_Memory_Leak/CWE401_Memory_Leak__int_malloc_83.out+0xa62)  #4  0x10984
[Y]Call Stack:  in _ZN33CWE401_Memory_Leak__int_malloc_833badEv (/home/wuhuang/fuzz/qasan/Juliet_memLeak/testcase_test/CWE401_Memory_Leak/CWE401_Memory_Leak__int_malloc_83.out+0x984)  #5  0x10a30
[Y]Call Stack:  in main (/home/wuhuang/fuzz/qasan/Juliet_memLeak/testcase_test/CWE401_Memory_Leak/CWE401_Memory_Leak__int_malloc_83.out+0xa30)  #6  0xff7b2f24
[Y]Call Stack:  in __libc_start_main /home/wuhuang/fuzz/qasan/libqasan/libqasan.c:91  #7  0x108b0
[Y]Call Stack:  in _start /home/tcwg-buildslave/workspace/tcwg-make-release/label/tcwg-x86_64-ex40/target/arm-linux-gnueabi/snapshots/eglibc.git~linaro_eglibc-2_19/libc/csu/../ports/sysdeps/arm/start.S:128
using ASAN_GIOVESE
Calling good()...
A String
A String
Finished good()
Calling bad()...
A String
Finished bad()

=== Memory Leak Detected ===
Memory Range: [0x24058 - 0x240bc]
Call Stack (depth 8):
  #0  0xff580fe0
[Y]Call Stack:  in syscall (/home/wuhuang/fuzz/qasan/cramfs-root/lib/arm-linux-gnueabi/libc-2.13.so+0xcdfe0)  #1  0xff7b3f6c
[Y]Call Stack:  in __libqasan_malloc /home/wuhuang/fuzz/qasan/libqasan/malloc.c:207  #2  0xff7b4162
[Y]Call Stack:  in __libqasan_calloc /home/wuhuang/fuzz/qasan/libqasan/malloc.c:283  #3  0xff7b30b2
[Y]Call Stack:  in calloc /home/wuhuang/fuzz/qasan/libqasan/hooks.c:80  #4  0x10d3e
[Y]Call Stack:  in _ZN34CWE401_Memory_Leak__char_calloc_743badEv (/home/wuhuang/fuzz/qasan/Juliet_memLeak/testcase_test/CWE401_Memory_Leak/CWE401_Memory_Leak__char_calloc_74.out+0xd3e)  #5  0x11000
[Y]Call Stack:  in main (/home/wuhuang/fuzz/qasan/Juliet_memLeak/testcase_test/CWE401_Memory_Leak/CWE401_Memory_Leak__char_calloc_74.out+0x1000)  #6  0xff7b2f24
[Y]Call Stack:  in __libc_start_main /home/wuhuang/fuzz/qasan/libqasan/libqasan.c:91  #7  0x10c64
[Y]Call Stack:  in _start /home/tcwg-buildslave/workspace/tcwg-make-release/label/tcwg-x86_64-ex40/target/arm-linux-gnueabi/snapshots/eglibc.git~linaro_eglibc-2_19/libc/csu/../ports/sysdeps/arm/start.S:128
using ASAN_GIOVESE
Calling good()...
5
5
Finished good()
Calling bad()...
5
Finished bad()

=== Memory Leak Detected ===
Memory Range: [0x22340 - 0x224d0]
Call Stack (depth 7):
  #0  0xff67afe0
[Y]Call Stack:  in syscall (/home/wuhuang/fuzz/qasan/cramfs-root/lib/arm-linux-gnueabi/libc-2.13.so+0xcdfe0)  #1  0xff7b3f6c
[Y]Call Stack:  in __libqasan_malloc /home/wuhuang/fuzz/qasan/libqasan/malloc.c:207  #2  0xff7b308e
[Y]Call Stack:  in malloc /home/wuhuang/fuzz/qasan/libqasan/hooks.c:68  #3  0x108e2
[Y]Call Stack:  in CWE401_Memory_Leak__int_malloc_52_bad (/home/wuhuang/fuzz/qasan/Juliet_memLeak/testcase_test/CWE401_Memory_Leak/CWE401_Memory_Leak__int_malloc_52.out+0x8e2)  #4  0x109d8
[Y]Call Stack:  in main (/home/wuhuang/fuzz/qasan/Juliet_memLeak/testcase_test/CWE401_Memory_Leak/CWE401_Memory_Leak__int_malloc_52.out+0x9d8)  #5  0xff7b2f24
[Y]Call Stack:  in __libc_start_main /home/wuhuang/fuzz/qasan/libqasan/libqasan.c:91  #6  0x10810
[Y]Call Stack:  in _start /home/tcwg-buildslave/workspace/tcwg-make-release/label/tcwg-x86_64-ex40/target/arm-linux-gnueabi/snapshots/eglibc.git~linaro_eglibc-2_19/libc/csu/../ports/sysdeps/arm/start.S:128
using ASAN_GIOVESE
Calling good()...
0 -- 0
1 -- 1
Finished good()
Calling bad()...
0 -- 0
1 -- 1
Finished bad()
No memory leak detected.
using ASAN_GIOVESE
Calling good()...
A String
A String
Finished good()
Calling bad()...
A String
Finished bad()

=== Memory Leak Detected ===
Memory Range: [0x22218 - 0x2227c]
Call Stack (depth 8):
  #0  0xff67afe0
[Y]Call Stack:  in syscall (/home/wuhuang/fuzz/qasan/cramfs-root/lib/arm-linux-gnueabi/libc-2.13.so+0xcdfe0)  #1  0xff7b3f6c
[Y]Call Stack:  in __libqasan_malloc /home/wuhuang/fuzz/qasan/libqasan/malloc.c:207  #2  0xff7b41b0
[Y]Call Stack:  in __libqasan_realloc /home/wuhuang/fuzz/qasan/libqasan/malloc.c:294  #3  0xff7b30d6
[Y]Call Stack:  in realloc /home/wuhuang/fuzz/qasan/libqasan/hooks.c:92  #4  0x10920
[Y]Call Stack:  in CWE401_Memory_Leak__char_realloc_65_bad (/home/wuhuang/fuzz/qasan/Juliet_memLeak/testcase_test/CWE401_Memory_Leak/CWE401_Memory_Leak__char_realloc_65.out+0x920)  #5  0x10a48
[Y]Call Stack:  in main (/home/wuhuang/fuzz/qasan/Juliet_memLeak/testcase_test/CWE401_Memory_Leak/CWE401_Memory_Leak__char_realloc_65.out+0xa48)  #6  0xff7b2f24
[Y]Call Stack:  in __libc_start_main /home/wuhuang/fuzz/qasan/libqasan/libqasan.c:91  #7  0x10844
[Y]Call Stack:  in _start /home/tcwg-buildslave/workspace/tcwg-make-release/label/tcwg-x86_64-ex40/target/arm-linux-gnueabi/snapshots/eglibc.git~linaro_eglibc-2_19/libc/csu/../ports/sysdeps/arm/start.S:128
using ASAN_GIOVESE
Calling good()...
A String
A String
Finished good()
Calling bad()...
A String
Finished bad()

=== Memory Leak Detected ===
Memory Range: [0x22218 - 0x2227c]
Call Stack (depth 7):
  #0  0xff580fe0
[Y]Call Stack:  in syscall (/home/wuhuang/fuzz/qasan/cramfs-root/lib/arm-linux-gnueabi/libc-2.13.so+0xcdfe0)  #1  0xff7b3f6c
[Y]Call Stack:  in __libqasan_malloc /home/wuhuang/fuzz/qasan/libqasan/malloc.c:207  #2  0xff7b308e
[Y]Call Stack:  in malloc /home/wuhuang/fuzz/qasan/libqasan/hooks.c:68  #3  0x109e6
[Y]Call Stack:  in _ZN37CWE401_Memory_Leak__new_array_char_183badEv (/home/wuhuang/fuzz/qasan/Juliet_memLeak/testcase_test/CWE401_Memory_Leak/CWE401_Memory_Leak__new_array_char_18.out+0x9e6)  #4  0x10ad8
[Y]Call Stack:  in main (/home/wuhuang/fuzz/qasan/Juliet_memLeak/testcase_test/CWE401_Memory_Leak/CWE401_Memory_Leak__new_array_char_18.out+0xad8)  #5  0xff7b2f24
[Y]Call Stack:  in __libc_start_main /home/wuhuang/fuzz/qasan/libqasan/libqasan.c:91  #6  0x10914
[Y]Call Stack:  in _start /home/tcwg-buildslave/workspace/tcwg-make-release/label/tcwg-x86_64-ex40/target/arm-linux-gnueabi/snapshots/eglibc.git~linaro_eglibc-2_19/libc/csu/../ports/sysdeps/arm/start.S:128
using ASAN_GIOVESE
Calling good()...
5
5
5
5
Finished good()
Calling bad()...
5
Finished bad()

=== Memory Leak Detected ===
Memory Range: [0x225e8 - 0x22778]
Call Stack (depth 8):
  #0  0xff67afe0
[Y]Call Stack:  in syscall (/home/wuhuang/fuzz/qasan/cramfs-root/lib/arm-linux-gnueabi/libc-2.13.so+0xcdfe0)  #1  0xff7b3f6c
[Y]Call Stack:  in __libqasan_malloc /home/wuhuang/fuzz/qasan/libqasan/malloc.c:207  #2  0xff7b41b0
[Y]Call Stack:  in __libqasan_realloc /home/wuhuang/fuzz/qasan/libqasan/malloc.c:294  #3  0xff7b30d6
[Y]Call Stack:  in realloc /home/wuhuang/fuzz/qasan/libqasan/hooks.c:92  #4  0x1091e
[Y]Call Stack:  in CWE401_Memory_Leak__int_realloc_04_bad (/home/wuhuang/fuzz/qasan/Juliet_memLeak/testcase_test/CWE401_Memory_Leak/CWE401_Memory_Leak__int_realloc_04.out+0x91e)  #5  0x10abc
[Y]Call Stack:  in main (/home/wuhuang/fuzz/qasan/Juliet_memLeak/testcase_test/CWE401_Memory_Leak/CWE401_Memory_Leak__int_realloc_04.out+0xabc)  #6  0xff7b2f24
[Y]Call Stack:  in __libc_start_main /home/wuhuang/fuzz/qasan/libqasan/libqasan.c:91  #7  0x10844
[Y]Call Stack:  in _start /home/tcwg-buildslave/workspace/tcwg-make-release/label/tcwg-x86_64-ex40/target/arm-linux-gnueabi/snapshots/eglibc.git~linaro_eglibc-2_19/libc/csu/../ports/sysdeps/arm/start.S:128
using ASAN_GIOVESE
Calling good()...
A String
A String
A String
A String
Finished good()
Calling bad()...
A String
Finished bad()

=== Memory Leak Detected ===
Memory Range: [0x22398 - 0x223fc]
Call Stack (depth 8):
  #0  0xff67afe0
[Y]Call Stack:  in syscall (/home/wuhuang/fuzz/qasan/cramfs-root/lib/arm-linux-gnueabi/libc-2.13.so+0xcdfe0)  #1  0xff7b3f6c
[Y]Call Stack:  in __libqasan_malloc /home/wuhuang/fuzz/qasan/libqasan/malloc.c:207  #2  0xff7b4162
[Y]Call Stack:  in __libqasan_calloc /home/wuhuang/fuzz/qasan/libqasan/malloc.c:283  #3  0xff7b30b2
[Y]Call Stack:  in calloc /home/wuhuang/fuzz/qasan/libqasan/hooks.c:80  #4  0x10918
[Y]Call Stack:  in CWE401_Memory_Leak__char_calloc_06_bad (/home/wuhuang/fuzz/qasan/Juliet_memLeak/testcase_test/CWE401_Memory_Leak/CWE401_Memory_Leak__char_calloc_06.out+0x918)  #5  0x10aec
[Y]Call Stack:  in main (/home/wuhuang/fuzz/qasan/Juliet_memLeak/testcase_test/CWE401_Memory_Leak/CWE401_Memory_Leak__char_calloc_06.out+0xaec)  #6  0xff7b2f24
[Y]Call Stack:  in __libc_start_main /home/wuhuang/fuzz/qasan/libqasan/libqasan.c:91  #7  0x10840
[Y]Call Stack:  in _start /home/tcwg-buildslave/workspace/tcwg-make-release/label/tcwg-x86_64-ex40/target/arm-linux-gnueabi/snapshots/eglibc.git~linaro_eglibc-2_19/libc/csu/../ports/sysdeps/arm/start.S:128
using ASAN_GIOVESE
Calling good()...
A String
A String
Finished good()
Calling bad()...
A String
Finished bad()

=== Memory Leak Detected ===
Memory Range: [0x22218 - 0x2227c]
Call Stack (depth 8):
  #0  0xff67afe0
[Y]Call Stack:  in syscall (/home/wuhuang/fuzz/qasan/cramfs-root/lib/arm-linux-gnueabi/libc-2.13.so+0xcdfe0)  #1  0xff7b3f6c
[Y]Call Stack:  in __libqasan_malloc /home/wuhuang/fuzz/qasan/libqasan/malloc.c:207  #2  0xff7b41b0
[Y]Call Stack:  in __libqasan_realloc /home/wuhuang/fuzz/qasan/libqasan/malloc.c:294  #3  0xff7b30d6
[Y]Call Stack:  in realloc /home/wuhuang/fuzz/qasan/libqasan/hooks.c:92  #4  0x1091c
[Y]Call Stack:  in CWE401_Memory_Leak__char_realloc_17_bad (/home/wuhuang/fuzz/qasan/Juliet_memLeak/testcase_test/CWE401_Memory_Leak/CWE401_Memory_Leak__char_realloc_17.out+0x91c)  #5  0x10a88
[Y]Call Stack:  in main (/home/wuhuang/fuzz/qasan/Juliet_memLeak/testcase_test/CWE401_Memory_Leak/CWE401_Memory_Leak__char_realloc_17.out+0xa88)  #6  0xff7b2f24
[Y]Call Stack:  in __libc_start_main /home/wuhuang/fuzz/qasan/libqasan/libqasan.c:91  #7  0x10844
[Y]Call Stack:  in _start /home/tcwg-buildslave/workspace/tcwg-make-release/label/tcwg-x86_64-ex40/target/arm-linux-gnueabi/snapshots/eglibc.git~linaro_eglibc-2_19/libc/csu/../ports/sysdeps/arm/start.S:128
using ASAN_GIOVESE
Calling good()...
0 -- 0
1 -- 1
0 -- 0
1 -- 1
Finished good()
Calling bad()...
0 -- 0
1 -- 1
Finished bad()
No memory leak detected.
using ASAN_GIOVESE
Calling good()...
A String
A String
Finished good()
Calling bad()...
A String
Finished bad()

=== Memory Leak Detected ===
Memory Range: [0x22218 - 0x2227c]
Call Stack (depth 7):
  #0  0xff580fe0
[Y]Call Stack:  in syscall (/home/wuhuang/fuzz/qasan/cramfs-root/lib/arm-linux-gnueabi/libc-2.13.so+0xcdfe0)  #1  0xff7b3f6c
[Y]Call Stack:  in __libqasan_malloc /home/wuhuang/fuzz/qasan/libqasan/malloc.c:207  #2  0xff7b308e
[Y]Call Stack:  in malloc /home/wuhuang/fuzz/qasan/libqasan/hooks.c:68  #3  0x109e4
[Y]Call Stack:  in _ZN37CWE401_Memory_Leak__new_array_char_643badEv (/home/wuhuang/fuzz/qasan/Juliet_memLeak/testcase_test/CWE401_Memory_Leak/CWE401_Memory_Leak__new_array_char_64.out+0x9e4)  #4  0x10ae4
[Y]Call Stack:  in main (/home/wuhuang/fuzz/qasan/Juliet_memLeak/testcase_test/CWE401_Memory_Leak/CWE401_Memory_Leak__new_array_char_64.out+0xae4)  #5  0xff7b2f24
[Y]Call Stack:  in __libc_start_main /home/wuhuang/fuzz/qasan/libqasan/libqasan.c:91  #6  0x10914
[Y]Call Stack:  in _start /home/tcwg-buildslave/workspace/tcwg-make-release/label/tcwg-x86_64-ex40/target/arm-linux-gnueabi/snapshots/eglibc.git~linaro_eglibc-2_19/libc/csu/../ports/sysdeps/arm/start.S:128
using ASAN_GIOVESE
Calling good()...
A String
A String
A String
A String
Finished good()
Calling bad()...
A String
Finished bad()

=== Memory Leak Detected ===
Memory Range: [0x22398 - 0x223fc]
Call Stack (depth 7):
  #0  0xff67afe0
[Y]Call Stack:  in syscall (/home/wuhuang/fuzz/qasan/cramfs-root/lib/arm-linux-gnueabi/libc-2.13.so+0xcdfe0)  #1  0xff7b3f6c
[Y]Call Stack:  in __libqasan_malloc /home/wuhuang/fuzz/qasan/libqasan/malloc.c:207  #2  0xff7b308e
[Y]Call Stack:  in malloc /home/wuhuang/fuzz/qasan/libqasan/hooks.c:68  #3  0x108ee
[Y]Call Stack:  in CWE401_Memory_Leak__char_malloc_13_bad (/home/wuhuang/fuzz/qasan/Juliet_memLeak/testcase_test/CWE401_Memory_Leak/CWE401_Memory_Leak__char_malloc_13.out+0x8ee)  #4  0x10aec
[Y]Call Stack:  in main (/home/wuhuang/fuzz/qasan/Juliet_memLeak/testcase_test/CWE401_Memory_Leak/CWE401_Memory_Leak__char_malloc_13.out+0xaec)  #5  0xff7b2f24
[Y]Call Stack:  in __libc_start_main /home/wuhuang/fuzz/qasan/libqasan/libqasan.c:91  #6  0x10810
[Y]Call Stack:  in _start /home/tcwg-buildslave/workspace/tcwg-make-release/label/tcwg-x86_64-ex40/target/arm-linux-gnueabi/snapshots/eglibc.git~linaro_eglibc-2_19/libc/csu/../ports/sysdeps/arm/start.S:128
using ASAN_GIOVESE
Calling good()...
A String
A String
Finished good()
Calling bad()...
A String
Finished bad()

=== Memory Leak Detected ===
Memory Range: [0x22218 - 0x2227c]
Call Stack (depth 7):
  #0  0xff580fe0
[Y]Call Stack:  in syscall (/home/wuhuang/fuzz/qasan/cramfs-root/lib/arm-linux-gnueabi/libc-2.13.so+0xcdfe0)  #1  0xff7b3f6c
[Y]Call Stack:  in __libqasan_malloc /home/wuhuang/fuzz/qasan/libqasan/malloc.c:207  #2  0xff7b308e
[Y]Call Stack:  in malloc /home/wuhuang/fuzz/qasan/libqasan/hooks.c:68  #3  0x109e4
[Y]Call Stack:  in _ZN37CWE401_Memory_Leak__new_array_char_633badEv (/home/wuhuang/fuzz/qasan/Juliet_memLeak/testcase_test/CWE401_Memory_Leak/CWE401_Memory_Leak__new_array_char_63.out+0x9e4)  #4  0x10ae4
[Y]Call Stack:  in main (/home/wuhuang/fuzz/qasan/Juliet_memLeak/testcase_test/CWE401_Memory_Leak/CWE401_Memory_Leak__new_array_char_63.out+0xae4)  #5  0xff7b2f24
[Y]Call Stack:  in __libc_start_main /home/wuhuang/fuzz/qasan/libqasan/libqasan.c:91  #6  0x10914
[Y]Call Stack:  in _start /home/tcwg-buildslave/workspace/tcwg-make-release/label/tcwg-x86_64-ex40/target/arm-linux-gnueabi/snapshots/eglibc.git~linaro_eglibc-2_19/libc/csu/../ports/sysdeps/arm/start.S:128
using ASAN_GIOVESE
Calling good()...
0 -- 0
1 -- 1
0 -- 0
1 -- 1
Finished good()
Calling bad()...
0 -- 0
1 -- 1
Finished bad()
No memory leak detected.
using ASAN_GIOVESE
Calling good()...
A String
A String
A String
A String
Finished good()
Calling bad()...
A String
Finished bad()

=== Memory Leak Detected ===
Memory Range: [0x22398 - 0x223fc]
Call Stack (depth 7):
  #0  0xff67afe0
[Y]Call Stack:  in syscall (/home/wuhuang/fuzz/qasan/cramfs-root/lib/arm-linux-gnueabi/libc-2.13.so+0xcdfe0)  #1  0xff7b3f6c
[Y]Call Stack:  in __libqasan_malloc /home/wuhuang/fuzz/qasan/libqasan/malloc.c:207  #2  0xff7b308e
[Y]Call Stack:  in malloc /home/wuhuang/fuzz/qasan/libqasan/hooks.c:68  #3  0x108ee
[Y]Call Stack:  in CWE401_Memory_Leak__char_malloc_14_bad (/home/wuhuang/fuzz/qasan/Juliet_memLeak/testcase_test/CWE401_Memory_Leak/CWE401_Memory_Leak__char_malloc_14.out+0x8ee)  #4  0x10aec
[Y]Call Stack:  in main (/home/wuhuang/fuzz/qasan/Juliet_memLeak/testcase_test/CWE401_Memory_Leak/CWE401_Memory_Leak__char_malloc_14.out+0xaec)  #5  0xff7b2f24
[Y]Call Stack:  in __libc_start_main /home/wuhuang/fuzz/qasan/libqasan/libqasan.c:91  #6  0x10810
[Y]Call Stack:  in _start /home/tcwg-buildslave/workspace/tcwg-make-release/label/tcwg-x86_64-ex40/target/arm-linux-gnueabi/snapshots/eglibc.git~linaro_eglibc-2_19/libc/csu/../ports/sysdeps/arm/start.S:128
using ASAN_GIOVESE
Calling good()...
5
5
Finished good()
Calling bad()...
5
Finished bad()

=== Memory Leak Detected ===
Memory Range: [0x22340 - 0x224d0]
Call Stack (depth 8):
  #0  0xff67afe0
[Y]Call Stack:  in syscall (/home/wuhuang/fuzz/qasan/cramfs-root/lib/arm-linux-gnueabi/libc-2.13.so+0xcdfe0)  #1  0xff7b3f6c
[Y]Call Stack:  in __libqasan_malloc /home/wuhuang/fuzz/qasan/libqasan/malloc.c:207  #2  0xff7b4162
[Y]Call Stack:  in __libqasan_calloc /home/wuhuang/fuzz/qasan/libqasan/malloc.c:283  #3  0xff7b30b2
[Y]Call Stack:  in calloc /home/wuhuang/fuzz/qasan/libqasan/hooks.c:80  #4  0x10920
[Y]Call Stack:  in CWE401_Memory_Leak__int_calloc_32_bad (/home/wuhuang/fuzz/qasan/Juliet_memLeak/testcase_test/CWE401_Memory_Leak/CWE401_Memory_Leak__int_calloc_32.out+0x920)  #5  0x10a4c
[Y]Call Stack:  in main (/home/wuhuang/fuzz/qasan/Juliet_memLeak/testcase_test/CWE401_Memory_Leak/CWE401_Memory_Leak__int_calloc_32.out+0xa4c)  #6  0xff7b2f24
[Y]Call Stack:  in __libc_start_main /home/wuhuang/fuzz/qasan/libqasan/libqasan.c:91  #7  0x10840
[Y]Call Stack:  in _start /home/tcwg-buildslave/workspace/tcwg-make-release/label/tcwg-x86_64-ex40/target/arm-linux-gnueabi/snapshots/eglibc.git~linaro_eglibc-2_19/libc/csu/../ports/sysdeps/arm/start.S:128
using ASAN_GIOVESE
Calling good()...
5
5
5
5
Finished good()
Calling bad()...
5
Finished bad()

=== Memory Leak Detected ===
Memory Range: [0x225e8 - 0x22778]
Call Stack (depth 8):
  #0  0xff67afe0
[Y]Call Stack:  in syscall (/home/wuhuang/fuzz/qasan/cramfs-root/lib/arm-linux-gnueabi/libc-2.13.so+0xcdfe0)  #1  0xff7b3f6c
[Y]Call Stack:  in __libqasan_malloc /home/wuhuang/fuzz/qasan/libqasan/malloc.c:207  #2  0xff7b41b0
[Y]Call Stack:  in __libqasan_realloc /home/wuhuang/fuzz/qasan/libqasan/malloc.c:294  #3  0xff7b30d6
[Y]Call Stack:  in realloc /home/wuhuang/fuzz/qasan/libqasan/hooks.c:92  #4  0x10918
[Y]Call Stack:  in CWE401_Memory_Leak__int_realloc_03_bad (/home/wuhuang/fuzz/qasan/Juliet_memLeak/testcase_test/CWE401_Memory_Leak/CWE401_Memory_Leak__int_realloc_03.out+0x918)  #5  0x10a74
[Y]Call Stack:  in main (/home/wuhuang/fuzz/qasan/Juliet_memLeak/testcase_test/CWE401_Memory_Leak/CWE401_Memory_Leak__int_realloc_03.out+0xa74)  #6  0xff7b2f24
[Y]Call Stack:  in __libc_start_main /home/wuhuang/fuzz/qasan/libqasan/libqasan.c:91  #7  0x10844
[Y]Call Stack:  in _start /home/tcwg-buildslave/workspace/tcwg-make-release/label/tcwg-x86_64-ex40/target/arm-linux-gnueabi/snapshots/eglibc.git~linaro_eglibc-2_19/libc/csu/../ports/sysdeps/arm/start.S:128
using ASAN_GIOVESE
Calling good()...
A String
A String
Finished good()
Calling bad()...
A String
Finished bad()

=== Memory Leak Detected ===
Memory Range: [0x22218 - 0x2227c]
Call Stack (depth 8):
  #0  0xff67afe0
[Y]Call Stack:  in syscall (/home/wuhuang/fuzz/qasan/cramfs-root/lib/arm-linux-gnueabi/libc-2.13.so+0xcdfe0)  #1  0xff7b3f6c
[Y]Call Stack:  in __libqasan_malloc /home/wuhuang/fuzz/qasan/libqasan/malloc.c:207  #2  0xff7b4162
[Y]Call Stack:  in __libqasan_calloc /home/wuhuang/fuzz/qasan/libqasan/malloc.c:283  #3  0xff7b30b2
[Y]Call Stack:  in calloc /home/wuhuang/fuzz/qasan/libqasan/hooks.c:80  #4  0x10912
[Y]Call Stack:  in CWE401_Memory_Leak__char_calloc_01_bad (/home/wuhuang/fuzz/qasan/Juliet_memLeak/testcase_test/CWE401_Memory_Leak/CWE401_Memory_Leak__char_calloc_01.out+0x912)  #5  0x10a1c
[Y]Call Stack:  in main (/home/wuhuang/fuzz/qasan/Juliet_memLeak/testcase_test/CWE401_Memory_Leak/CWE401_Memory_Leak__char_calloc_01.out+0xa1c)  #6  0xff7b2f24
[Y]Call Stack:  in __libc_start_main /home/wuhuang/fuzz/qasan/libqasan/libqasan.c:91  #7  0x10840
[Y]Call Stack:  in _start /home/tcwg-buildslave/workspace/tcwg-make-release/label/tcwg-x86_64-ex40/target/arm-linux-gnueabi/snapshots/eglibc.git~linaro_eglibc-2_19/libc/csu/../ports/sysdeps/arm/start.S:128
using ASAN_GIOVESE
Calling good()...
A String
A String
Finished good()
Calling bad()...
A String
Finished bad()

=== Memory Leak Detected ===
Memory Range: [0x22218 - 0x2227c]
Call Stack (depth 7):
  #0  0xff67afe0
[Y]Call Stack:  in syscall (/home/wuhuang/fuzz/qasan/cramfs-root/lib/arm-linux-gnueabi/libc-2.13.so+0xcdfe0)  #1  0xff7b3f6c
[Y]Call Stack:  in __libqasan_malloc /home/wuhuang/fuzz/qasan/libqasan/malloc.c:207  #2  0xff7b308e
[Y]Call Stack:  in malloc /home/wuhuang/fuzz/qasan/libqasan/hooks.c:68  #3  0x108e0
[Y]Call Stack:  in CWE401_Memory_Leak__char_malloc_68_bad (/home/wuhuang/fuzz/qasan/Juliet_memLeak/testcase_test/CWE401_Memory_Leak/CWE401_Memory_Leak__char_malloc_68.out+0x8e0)  #4  0x10a14
[Y]Call Stack:  in main (/home/wuhuang/fuzz/qasan/Juliet_memLeak/testcase_test/CWE401_Memory_Leak/CWE401_Memory_Leak__char_malloc_68.out+0xa14)  #5  0xff7b2f24
[Y]Call Stack:  in __libc_start_main /home/wuhuang/fuzz/qasan/libqasan/libqasan.c:91  #6  0x10810
[Y]Call Stack:  in _start /home/tcwg-buildslave/workspace/tcwg-make-release/label/tcwg-x86_64-ex40/target/arm-linux-gnueabi/snapshots/eglibc.git~linaro_eglibc-2_19/libc/csu/../ports/sysdeps/arm/start.S:128
using ASAN_GIOVESE
Calling good()...
5
10
5
10
Finished good()
Calling bad()...
5
10
Finished bad()
No memory leak detected.
using ASAN_GIOVESE
Calling good()...
A String
A String
A String
A String
Finished good()
Calling bad()...
A String
Finished bad()

=== Memory Leak Detected ===
Memory Range: [0x22398 - 0x223fc]
Call Stack (depth 8):
  #0  0xff67afe0
[Y]Call Stack:  in syscall (/home/wuhuang/fuzz/qasan/cramfs-root/lib/arm-linux-gnueabi/libc-2.13.so+0xcdfe0)  #1  0xff7b3f6c
[Y]Call Stack:  in __libqasan_malloc /home/wuhuang/fuzz/qasan/libqasan/malloc.c:207  #2  0xff7b41b0
[Y]Call Stack:  in __libqasan_realloc /home/wuhuang/fuzz/qasan/libqasan/malloc.c:294  #3  0xff7b30d6
[Y]Call Stack:  in realloc /home/wuhuang/fuzz/qasan/libqasan/hooks.c:92  #4  0x10924
[Y]Call Stack:  in CWE401_Memory_Leak__char_realloc_10_bad (/home/wuhuang/fuzz/qasan/Juliet_memLeak/testcase_test/CWE401_Memory_Leak/CWE401_Memory_Leak__char_realloc_10.out+0x924)  #5  0x10b20
[Y]Call Stack:  in main (/home/wuhuang/fuzz/qasan/Juliet_memLeak/testcase_test/CWE401_Memory_Leak/CWE401_Memory_Leak__char_realloc_10.out+0xb20)  #6  0xff7b2f24
[Y]Call Stack:  in __libc_start_main /home/wuhuang/fuzz/qasan/libqasan/libqasan.c:91  #7  0x10844
[Y]Call Stack:  in _start /home/tcwg-buildslave/workspace/tcwg-make-release/label/tcwg-x86_64-ex40/target/arm-linux-gnueabi/snapshots/eglibc.git~linaro_eglibc-2_19/libc/csu/../ports/sysdeps/arm/start.S:128
using ASAN_GIOVESE
Calling good()...
0 -- 0
1 -- 1
0 -- 0
1 -- 1
Finished good()
Calling bad()...
0 -- 0
1 -- 1
Finished bad()
No memory leak detected.
using ASAN_GIOVESE
Calling good()...
A String
A String
A String
A String
Finished good()
Calling bad()...
A String
Finished bad()

=== Memory Leak Detected ===
Memory Range: [0x22398 - 0x223fc]
Call Stack (depth 7):
  #0  0xff67afe0
[Y]Call Stack:  in syscall (/home/wuhuang/fuzz/qasan/cramfs-root/lib/arm-linux-gnueabi/libc-2.13.so+0xcdfe0)  #1  0xff7b3f6c
[Y]Call Stack:  in __libqasan_malloc /home/wuhuang/fuzz/qasan/libqasan/malloc.c:207  #2  0xff7b308e
[Y]Call Stack:  in malloc /home/wuhuang/fuzz/qasan/libqasan/hooks.c:68  #3  0x108ee
[Y]Call Stack:  in CWE401_Memory_Leak__char_malloc_05_bad (/home/wuhuang/fuzz/qasan/Juliet_memLeak/testcase_test/CWE401_Memory_Leak/CWE401_Memory_Leak__char_malloc_05.out+0x8ee)  #4  0x10aec
[Y]Call Stack:  in main (/home/wuhuang/fuzz/qasan/Juliet_memLeak/testcase_test/CWE401_Memory_Leak/CWE401_Memory_Leak__char_malloc_05.out+0xaec)  #5  0xff7b2f24
[Y]Call Stack:  in __libc_start_main /home/wuhuang/fuzz/qasan/libqasan/libqasan.c:91  #6  0x10810
[Y]Call Stack:  in _start /home/tcwg-buildslave/workspace/tcwg-make-release/label/tcwg-x86_64-ex40/target/arm-linux-gnueabi/snapshots/eglibc.git~linaro_eglibc-2_19/libc/csu/../ports/sysdeps/arm/start.S:128
using ASAN_GIOVESE
Calling good()...
A String
A String
Finished good()
Calling bad()...
A String
Finished bad()

=== Memory Leak Detected ===
Memory Range: [0x23b38 - 0x23b9c]
Call Stack (depth 7):
  #0  0xff580fe0
[Y]Call Stack:  in syscall (/home/wuhuang/fuzz/qasan/cramfs-root/lib/arm-linux-gnueabi/libc-2.13.so+0xcdfe0)  #1  0xff7b3f6c
[Y]Call Stack:  in __libqasan_malloc /home/wuhuang/fuzz/qasan/libqasan/malloc.c:207  #2  0xff7b308e
[Y]Call Stack:  in malloc /home/wuhuang/fuzz/qasan/libqasan/hooks.c:68  #3  0x10c9c
[Y]Call Stack:  in _ZN37CWE401_Memory_Leak__new_array_char_723badEv (/home/wuhuang/fuzz/qasan/Juliet_memLeak/testcase_test/CWE401_Memory_Leak/CWE401_Memory_Leak__new_array_char_72.out+0xc9c)  #4  0x10f34
[Y]Call Stack:  in main (/home/wuhuang/fuzz/qasan/Juliet_memLeak/testcase_test/CWE401_Memory_Leak/CWE401_Memory_Leak__new_array_char_72.out+0xf34)  #5  0xff7b2f24
[Y]Call Stack:  in __libc_start_main /home/wuhuang/fuzz/qasan/libqasan/libqasan.c:91  #6  0x10bc4
[Y]Call Stack:  in _start /home/tcwg-buildslave/workspace/tcwg-make-release/label/tcwg-x86_64-ex40/target/arm-linux-gnueabi/snapshots/eglibc.git~linaro_eglibc-2_19/libc/csu/../ports/sysdeps/arm/start.S:128
using ASAN_GIOVESE
Calling good()...
0 -- 0
1 -- 1
0 -- 0
1 -- 1
Finished good()
Calling bad()...
0 -- 0
1 -- 1
Finished bad()
No memory leak detected.
using ASAN_GIOVESE
Calling good()...
A String
A String
Finished good()
Calling bad()...
A String
Finished bad()

=== Memory Leak Detected ===
Memory Range: [0x22218 - 0x2227c]
Call Stack (depth 8):
  #0  0xff67afe0
[Y]Call Stack:  in syscall (/home/wuhuang/fuzz/qasan/cramfs-root/lib/arm-linux-gnueabi/libc-2.13.so+0xcdfe0)  #1  0xff7b3f6c
[Y]Call Stack:  in __libqasan_malloc /home/wuhuang/fuzz/qasan/libqasan/malloc.c:207  #2  0xff7b41b0
[Y]Call Stack:  in __libqasan_realloc /home/wuhuang/fuzz/qasan/libqasan/malloc.c:294  #3  0xff7b30d6
[Y]Call Stack:  in realloc /home/wuhuang/fuzz/qasan/libqasan/hooks.c:92  #4  0x10916
[Y]Call Stack:  in CWE401_Memory_Leak__char_realloc_01_bad (/home/wuhuang/fuzz/qasan/Juliet_memLeak/testcase_test/CWE401_Memory_Leak/CWE401_Memory_Leak__char_realloc_01.out+0x916)  #5  0x10a1c
[Y]Call Stack:  in main (/home/wuhuang/fuzz/qasan/Juliet_memLeak/testcase_test/CWE401_Memory_Leak/CWE401_Memory_Leak__char_realloc_01.out+0xa1c)  #6  0xff7b2f24
[Y]Call Stack:  in __libc_start_main /home/wuhuang/fuzz/qasan/libqasan/libqasan.c:91  #7  0x10844
[Y]Call Stack:  in _start /home/tcwg-buildslave/workspace/tcwg-make-release/label/tcwg-x86_64-ex40/target/arm-linux-gnueabi/snapshots/eglibc.git~linaro_eglibc-2_19/libc/csu/../ports/sysdeps/arm/start.S:128
using ASAN_GIOVESE
Calling good()...
5
10
Finished good()
Calling bad()...
5
10
Finished bad()
No memory leak detected.
using ASAN_GIOVESE
Calling good()...
5
5
Finished good()
Calling bad()...
5
Finished bad()
No memory leak detected.
using ASAN_GIOVESE
Calling good()...
A String
A String
A String
A String
Finished good()
Calling bad()...
A String
Finished bad()

=== Memory Leak Detected ===
Memory Range: [0x22398 - 0x223fc]
Call Stack (depth 8):
  #0  0xff67afe0
[Y]Call Stack:  in syscall (/home/wuhuang/fuzz/qasan/cramfs-root/lib/arm-linux-gnueabi/libc-2.13.so+0xcdfe0)  #1  0xff7b3f6c
[Y]Call Stack:  in __libqasan_malloc /home/wuhuang/fuzz/qasan/libqasan/malloc.c:207  #2  0xff7b4162
[Y]Call Stack:  in __libqasan_calloc /home/wuhuang/fuzz/qasan/libqasan/malloc.c:283  #3  0xff7b30b2
[Y]Call Stack:  in calloc /home/wuhuang/fuzz/qasan/libqasan/hooks.c:80  #4  0x10920
[Y]Call Stack:  in CWE401_Memory_Leak__char_calloc_10_bad (/home/wuhuang/fuzz/qasan/Juliet_memLeak/testcase_test/CWE401_Memory_Leak/CWE401_Memory_Leak__char_calloc_10.out+0x920)  #5  0x10b24
[Y]Call Stack:  in main (/home/wuhuang/fuzz/qasan/Juliet_memLeak/testcase_test/CWE401_Memory_Leak/CWE401_Memory_Leak__char_calloc_10.out+0xb24)  #6  0xff7b2f24
[Y]Call Stack:  in __libc_start_main /home/wuhuang/fuzz/qasan/libqasan/libqasan.c:91  #7  0x10840
[Y]Call Stack:  in _start /home/tcwg-buildslave/workspace/tcwg-make-release/label/tcwg-x86_64-ex40/target/arm-linux-gnueabi/snapshots/eglibc.git~linaro_eglibc-2_19/libc/csu/../ports/sysdeps/arm/start.S:128
using ASAN_GIOVESE
Calling good()...
0 -- 0
1 -- 1
0 -- 0
1 -- 1
Finished good()
Calling bad()...
0 -- 0
1 -- 1
Finished bad()
No memory leak detected.
using ASAN_GIOVESE
Calling good()...
A String
A String
A String
A String
Finished good()
Calling bad()...
A String
Finished bad()

=== Memory Leak Detected ===
Memory Range: [0x22398 - 0x223fc]
Call Stack (depth 8):
  #0  0xff67afe0
[Y]Call Stack:  in syscall (/home/wuhuang/fuzz/qasan/cramfs-root/lib/arm-linux-gnueabi/libc-2.13.so+0xcdfe0)  #1  0xff7b3f6c
[Y]Call Stack:  in __libqasan_malloc /home/wuhuang/fuzz/qasan/libqasan/malloc.c:207  #2  0xff7b41b0
[Y]Call Stack:  in __libqasan_realloc /home/wuhuang/fuzz/qasan/libqasan/malloc.c:294  #3  0xff7b30d6
[Y]Call Stack:  in realloc /home/wuhuang/fuzz/qasan/libqasan/hooks.c:92  #4  0x1091c
[Y]Call Stack:  in CWE401_Memory_Leak__char_realloc_06_bad (/home/wuhuang/fuzz/qasan/Juliet_memLeak/testcase_test/CWE401_Memory_Leak/CWE401_Memory_Leak__char_realloc_06.out+0x91c)  #5  0x10ae8
[Y]Call Stack:  in main (/home/wuhuang/fuzz/qasan/Juliet_memLeak/testcase_test/CWE401_Memory_Leak/CWE401_Memory_Leak__char_realloc_06.out+0xae8)  #6  0xff7b2f24
[Y]Call Stack:  in __libc_start_main /home/wuhuang/fuzz/qasan/libqasan/libqasan.c:91  #7  0x10844
[Y]Call Stack:  in _start /home/tcwg-buildslave/workspace/tcwg-make-release/label/tcwg-x86_64-ex40/target/arm-linux-gnueabi/snapshots/eglibc.git~linaro_eglibc-2_19/libc/csu/../ports/sysdeps/arm/start.S:128
using ASAN_GIOVESE
Calling good()...
5
10
5
10
Finished good()
Calling bad()...
5
10
Finished bad()
No memory leak detected.
using ASAN_GIOVESE
Calling good()...
5
5
Finished good()
Calling bad()...
5
Finished bad()

=== Memory Leak Detected ===
Memory Range: [0x22340 - 0x224d0]
Call Stack (depth 7):
  #0  0xff67afe0
[Y]Call Stack:  in syscall (/home/wuhuang/fuzz/qasan/cramfs-root/lib/arm-linux-gnueabi/libc-2.13.so+0xcdfe0)  #1  0xff7b3f6c
[Y]Call Stack:  in __libqasan_malloc /home/wuhuang/fuzz/qasan/libqasan/malloc.c:207  #2  0xff7b308e
[Y]Call Stack:  in malloc /home/wuhuang/fuzz/qasan/libqasan/hooks.c:68  #3  0x108e2
[Y]Call Stack:  in CWE401_Memory_Leak__int_malloc_31_bad (/home/wuhuang/fuzz/qasan/Juliet_memLeak/testcase_test/CWE401_Memory_Leak/CWE401_Memory_Leak__int_malloc_31.out+0x8e2)  #4  0x109e4
[Y]Call Stack:  in main (/home/wuhuang/fuzz/qasan/Juliet_memLeak/testcase_test/CWE401_Memory_Leak/CWE401_Memory_Leak__int_malloc_31.out+0x9e4)  #5  0xff7b2f24
[Y]Call Stack:  in __libc_start_main /home/wuhuang/fuzz/qasan/libqasan/libqasan.c:91  #6  0x10810
[Y]Call Stack:  in _start /home/tcwg-buildslave/workspace/tcwg-make-release/label/tcwg-x86_64-ex40/target/arm-linux-gnueabi/snapshots/eglibc.git~linaro_eglibc-2_19/libc/csu/../ports/sysdeps/arm/start.S:128
using ASAN_GIOVESE
Calling good()...
5
5
5
5
Finished good()
Calling bad()...
5
Finished bad()

=== Memory Leak Detected ===
Memory Range: [0x225e8 - 0x22778]
Call Stack (depth 8):
  #0  0xff67afe0
[Y]Call Stack:  in syscall (/home/wuhuang/fuzz/qasan/cramfs-root/lib/arm-linux-gnueabi/libc-2.13.so+0xcdfe0)  #1  0xff7b3f6c
[Y]Call Stack:  in __libqasan_malloc /home/wuhuang/fuzz/qasan/libqasan/malloc.c:207  #2  0xff7b41b0
[Y]Call Stack:  in __libqasan_realloc /home/wuhuang/fuzz/qasan/libqasan/malloc.c:294  #3  0xff7b30d6
[Y]Call Stack:  in realloc /home/wuhuang/fuzz/qasan/libqasan/hooks.c:92  #4  0x10918
[Y]Call Stack:  in CWE401_Memory_Leak__int_realloc_15_bad (/home/wuhuang/fuzz/qasan/Juliet_memLeak/testcase_test/CWE401_Memory_Leak/CWE401_Memory_Leak__int_realloc_15.out+0x918)  #5  0x10a88
[Y]Call Stack:  in main (/home/wuhuang/fuzz/qasan/Juliet_memLeak/testcase_test/CWE401_Memory_Leak/CWE401_Memory_Leak__int_realloc_15.out+0xa88)  #6  0xff7b2f24
[Y]Call Stack:  in __libc_start_main /home/wuhuang/fuzz/qasan/libqasan/libqasan.c:91  #7  0x10844
[Y]Call Stack:  in _start /home/tcwg-buildslave/workspace/tcwg-make-release/label/tcwg-x86_64-ex40/target/arm-linux-gnueabi/snapshots/eglibc.git~linaro_eglibc-2_19/libc/csu/../ports/sysdeps/arm/start.S:128
using ASAN_GIOVESE
Calling good()...
A String
A String
A String
A String
Finished good()
Calling bad()...
A String
Finished bad()

=== Memory Leak Detected ===
Memory Range: [0x22398 - 0x223fc]
Call Stack (depth 7):
  #0  0xff580fe0
[Y]Call Stack:  in syscall (/home/wuhuang/fuzz/qasan/cramfs-root/lib/arm-linux-gnueabi/libc-2.13.so+0xcdfe0)  #1  0xff7b3f6c
[Y]Call Stack:  in __libqasan_malloc /home/wuhuang/fuzz/qasan/libqasan/malloc.c:207  #2  0xff7b308e
[Y]Call Stack:  in malloc /home/wuhuang/fuzz/qasan/libqasan/hooks.c:68  #3  0x109f2
[Y]Call Stack:  in _ZN37CWE401_Memory_Leak__new_array_char_093badEv (/home/wuhuang/fuzz/qasan/Juliet_memLeak/testcase_test/CWE401_Memory_Leak/CWE401_Memory_Leak__new_array_char_09.out+0x9f2)  #4  0x10bc4
[Y]Call Stack:  in main (/home/wuhuang/fuzz/qasan/Juliet_memLeak/testcase_test/CWE401_Memory_Leak/CWE401_Memory_Leak__new_array_char_09.out+0xbc4)  #5  0xff7b2f24
[Y]Call Stack:  in __libc_start_main /home/wuhuang/fuzz/qasan/libqasan/libqasan.c:91  #6  0x10914
[Y]Call Stack:  in _start /home/tcwg-buildslave/workspace/tcwg-make-release/label/tcwg-x86_64-ex40/target/arm-linux-gnueabi/snapshots/eglibc.git~linaro_eglibc-2_19/libc/csu/../ports/sysdeps/arm/start.S:128
using ASAN_GIOVESE
Calling good()...
A String
A String
Finished good()
Calling bad()...
A String
Finished bad()

=== Memory Leak Detected ===
Memory Range: [0x22218 - 0x2227c]
Call Stack (depth 8):
  #0  0xff67afe0
[Y]Call Stack:  in syscall (/home/wuhuang/fuzz/qasan/cramfs-root/lib/arm-linux-gnueabi/libc-2.13.so+0xcdfe0)  #1  0xff7b3f6c
[Y]Call Stack:  in __libqasan_malloc /home/wuhuang/fuzz/qasan/libqasan/malloc.c:207  #2  0xff7b4162
[Y]Call Stack:  in __libqasan_calloc /home/wuhuang/fuzz/qasan/libqasan/malloc.c:283  #3  0xff7b30b2
[Y]Call Stack:  in calloc /home/wuhuang/fuzz/qasan/libqasan/hooks.c:80  #4  0x10918
[Y]Call Stack:  in CWE401_Memory_Leak__char_calloc_17_bad (/home/wuhuang/fuzz/qasan/Juliet_memLeak/testcase_test/CWE401_Memory_Leak/CWE401_Memory_Leak__char_calloc_17.out+0x918)  #5  0x10a88
[Y]Call Stack:  in main (/home/wuhuang/fuzz/qasan/Juliet_memLeak/testcase_test/CWE401_Memory_Leak/CWE401_Memory_Leak__char_calloc_17.out+0xa88)  #6  0xff7b2f24
[Y]Call Stack:  in __libc_start_main /home/wuhuang/fuzz/qasan/libqasan/libqasan.c:91  #7  0x10840
[Y]Call Stack:  in _start /home/tcwg-buildslave/workspace/tcwg-make-release/label/tcwg-x86_64-ex40/target/arm-linux-gnueabi/snapshots/eglibc.git~linaro_eglibc-2_19/libc/csu/../ports/sysdeps/arm/start.S:128
using ASAN_GIOVESE
Calling good()...
A String
A String
A String
A String
Finished good()
Calling bad()...
A String
Finished bad()

=== Memory Leak Detected ===
Memory Range: [0x22398 - 0x223fc]
Call Stack (depth 7):
  #0  0xff67afe0
[Y]Call Stack:  in syscall (/home/wuhuang/fuzz/qasan/cramfs-root/lib/arm-linux-gnueabi/libc-2.13.so+0xcdfe0)  #1  0xff7b3f6c
[Y]Call Stack:  in __libqasan_malloc /home/wuhuang/fuzz/qasan/libqasan/malloc.c:207  #2  0xff7b308e
[Y]Call Stack:  in malloc /home/wuhuang/fuzz/qasan/libqasan/hooks.c:68  #3  0x108e0
[Y]Call Stack:  in CWE401_Memory_Leak__char_malloc_02_bad (/home/wuhuang/fuzz/qasan/Juliet_memLeak/testcase_test/CWE401_Memory_Leak/CWE401_Memory_Leak__char_malloc_02.out+0x8e0)  #4  0x10a70
[Y]Call Stack:  in main (/home/wuhuang/fuzz/qasan/Juliet_memLeak/testcase_test/CWE401_Memory_Leak/CWE401_Memory_Leak__char_malloc_02.out+0xa70)  #5  0xff7b2f24
[Y]Call Stack:  in __libc_start_main /home/wuhuang/fuzz/qasan/libqasan/libqasan.c:91  #6  0x10810
[Y]Call Stack:  in _start /home/tcwg-buildslave/workspace/tcwg-make-release/label/tcwg-x86_64-ex40/target/arm-linux-gnueabi/snapshots/eglibc.git~linaro_eglibc-2_19/libc/csu/../ports/sysdeps/arm/start.S:128
using ASAN_GIOVESE
Calling good()...
A String
A String
A String
A String
Finished good()
Calling bad()...
A String
Finished bad()

=== Memory Leak Detected ===
Memory Range: [0x22398 - 0x223fc]
Call Stack (depth 8):
  #0  0xff67afe0
[Y]Call Stack:  in syscall (/home/wuhuang/fuzz/qasan/cramfs-root/lib/arm-linux-gnueabi/libc-2.13.so+0xcdfe0)  #1  0xff7b3f6c
[Y]Call Stack:  in __libqasan_malloc /home/wuhuang/fuzz/qasan/libqasan/malloc.c:207  #2  0xff7b41b0
[Y]Call Stack:  in __libqasan_realloc /home/wuhuang/fuzz/qasan/libqasan/malloc.c:294  #3  0xff7b30d6
[Y]Call Stack:  in realloc /home/wuhuang/fuzz/qasan/libqasan/hooks.c:92  #4  0x10940
[Y]Call Stack:  in CWE401_Memory_Leak__char_realloc_08_bad (/home/wuhuang/fuzz/qasan/Juliet_memLeak/testcase_test/CWE401_Memory_Leak/CWE401_Memory_Leak__char_realloc_08.out+0x940)  #5  0x10b30
[Y]Call Stack:  in main (/home/wuhuang/fuzz/qasan/Juliet_memLeak/testcase_test/CWE401_Memory_Leak/CWE401_Memory_Leak__char_realloc_08.out+0xb30)  #6  0xff7b2f24
[Y]Call Stack:  in __libc_start_main /home/wuhuang/fuzz/qasan/libqasan/libqasan.c:91  #7  0x10844
[Y]Call Stack:  in _start /home/tcwg-buildslave/workspace/tcwg-make-release/label/tcwg-x86_64-ex40/target/arm-linux-gnueabi/snapshots/eglibc.git~linaro_eglibc-2_19/libc/csu/../ports/sysdeps/arm/start.S:128
using ASAN_GIOVESE
Calling good()...
A String
New String
A String
New String
Finished good()
Calling bad()...
A String
New String
Finished bad()
No memory leak detected.
using ASAN_GIOVESE
Calling good()...
A String
A String
A String
A String
Finished good()
Calling bad()...
A String
Finished bad()

=== Memory Leak Detected ===
Memory Range: [0x22398 - 0x223fc]
Call Stack (depth 7):
  #0  0xff580fe0
[Y]Call Stack:  in syscall (/home/wuhuang/fuzz/qasan/cramfs-root/lib/arm-linux-gnueabi/libc-2.13.so+0xcdfe0)  #1  0xff7b3f6c
[Y]Call Stack:  in __libqasan_malloc /home/wuhuang/fuzz/qasan/libqasan/malloc.c:207  #2  0xff7b308e
[Y]Call Stack:  in malloc /home/wuhuang/fuzz/qasan/libqasan/hooks.c:68  #3  0x109f2
[Y]Call Stack:  in _ZN37CWE401_Memory_Leak__new_array_char_073badEv (/home/wuhuang/fuzz/qasan/Juliet_memLeak/testcase_test/CWE401_Memory_Leak/CWE401_Memory_Leak__new_array_char_07.out+0x9f2)  #4  0x10bc4
[Y]Call Stack:  in main (/home/wuhuang/fuzz/qasan/Juliet_memLeak/testcase_test/CWE401_Memory_Leak/CWE401_Memory_Leak__new_array_char_07.out+0xbc4)  #5  0xff7b2f24
[Y]Call Stack:  in __libc_start_main /home/wuhuang/fuzz/qasan/libqasan/libqasan.c:91  #6  0x10914
[Y]Call Stack:  in _start /home/tcwg-buildslave/workspace/tcwg-make-release/label/tcwg-x86_64-ex40/target/arm-linux-gnueabi/snapshots/eglibc.git~linaro_eglibc-2_19/libc/csu/../ports/sysdeps/arm/start.S:128
using ASAN_GIOVESE
Calling good()...
A String
A String
Finished good()
Calling bad()...
A String
Finished bad()

=== Memory Leak Detected ===
Memory Range: [0x24058 - 0x240bc]
Call Stack (depth 8):
  #0  0xff580fe0
[Y]Call Stack:  in syscall (/home/wuhuang/fuzz/qasan/cramfs-root/lib/arm-linux-gnueabi/libc-2.13.so+0xcdfe0)  #1  0xff7b3f6c
[Y]Call Stack:  in __libqasan_malloc /home/wuhuang/fuzz/qasan/libqasan/malloc.c:207  #2  0xff7b41b0
[Y]Call Stack:  in __libqasan_realloc /home/wuhuang/fuzz/qasan/libqasan/malloc.c:294  #3  0xff7b30d6
[Y]Call Stack:  in realloc /home/wuhuang/fuzz/qasan/libqasan/hooks.c:92  #4  0x10d40
[Y]Call Stack:  in _ZN35CWE401_Memory_Leak__char_realloc_743badEv (/home/wuhuang/fuzz/qasan/Juliet_memLeak/testcase_test/CWE401_Memory_Leak/CWE401_Memory_Leak__char_realloc_74.out+0xd40)  #5  0x11000
[Y]Call Stack:  in main (/home/wuhuang/fuzz/qasan/Juliet_memLeak/testcase_test/CWE401_Memory_Leak/CWE401_Memory_Leak__char_realloc_74.out+0x1000)  #6  0xff7b2f24
[Y]Call Stack:  in __libc_start_main /home/wuhuang/fuzz/qasan/libqasan/libqasan.c:91  #7  0x10c64
[Y]Call Stack:  in _start /home/tcwg-buildslave/workspace/tcwg-make-release/label/tcwg-x86_64-ex40/target/arm-linux-gnueabi/snapshots/eglibc.git~linaro_eglibc-2_19/libc/csu/../ports/sysdeps/arm/start.S:128
using ASAN_GIOVESE
Calling good()...
5
5
Finished good()
Calling bad()...
5
Finished bad()

=== Memory Leak Detected ===
Memory Range: [0x22340 - 0x224d0]
Call Stack (depth 8):
  #0  0xff580fe0
[Y]Call Stack:  in syscall (/home/wuhuang/fuzz/qasan/cramfs-root/lib/arm-linux-gnueabi/libc-2.13.so+0xcdfe0)  #1  0xff7b3f6c
[Y]Call Stack:  in __libqasan_malloc /home/wuhuang/fuzz/qasan/libqasan/malloc.c:207  #2  0xff7b308e
[Y]Call Stack:  in malloc /home/wuhuang/fuzz/qasan/libqasan/hooks.c:68  #3  0x10982
[Y]Call Stack:  in _ZN33CWE401_Memory_Leak__int_malloc_43L9badSourceERPi CWE401_Memory_Leak__int_malloc_43.cpp:?  #4  0x109c6
[Y]Call Stack:  in _ZN33CWE401_Memory_Leak__int_malloc_433badEv (/home/wuhuang/fuzz/qasan/Juliet_memLeak/testcase_test/CWE401_Memory_Leak/CWE401_Memory_Leak__int_malloc_43.out+0x9c6)  #5  0x10adc
[Y]Call Stack:  in main (/home/wuhuang/fuzz/qasan/Juliet_memLeak/testcase_test/CWE401_Memory_Leak/CWE401_Memory_Leak__int_malloc_43.out+0xadc)  #6  0xff7b2f24
[Y]Call Stack:  in __libc_start_main /home/wuhuang/fuzz/qasan/libqasan/libqasan.c:91  #7  0x108b0
[Y]Call Stack:  in _start /home/tcwg-buildslave/workspace/tcwg-make-release/label/tcwg-x86_64-ex40/target/arm-linux-gnueabi/snapshots/eglibc.git~linaro_eglibc-2_19/libc/csu/../ports/sysdeps/arm/start.S:128
using ASAN_GIOVESE
Calling good()...
0 -- 0
1 -- 1
0 -- 0
1 -- 1
Finished good()
Calling bad()...
0 -- 0
1 -- 1
Finished bad()
No memory leak detected.
using ASAN_GIOVESE
Calling good()...
5
5
Finished good()
Calling bad()...
5
Finished bad()

=== Memory Leak Detected ===
Memory Range: [0x22340 - 0x224d0]
Call Stack (depth 8):
  #0  0xff67afe0
[Y]Call Stack:  in syscall (/home/wuhuang/fuzz/qasan/cramfs-root/lib/arm-linux-gnueabi/libc-2.13.so+0xcdfe0)  #1  0xff7b3f6c
[Y]Call Stack:  in __libqasan_malloc /home/wuhuang/fuzz/qasan/libqasan/malloc.c:207  #2  0xff7b41b0
[Y]Call Stack:  in __libqasan_realloc /home/wuhuang/fuzz/qasan/libqasan/malloc.c:294  #3  0xff7b30d6
[Y]Call Stack:  in realloc /home/wuhuang/fuzz/qasan/libqasan/hooks.c:92  #4  0x10918
[Y]Call Stack:  in CWE401_Memory_Leak__int_realloc_67_bad (/home/wuhuang/fuzz/qasan/Juliet_memLeak/testcase_test/CWE401_Memory_Leak/CWE401_Memory_Leak__int_realloc_67.out+0x918)  #5  0x10a18
[Y]Call Stack:  in main (/home/wuhuang/fuzz/qasan/Juliet_memLeak/testcase_test/CWE401_Memory_Leak/CWE401_Memory_Leak__int_realloc_67.out+0xa18)  #6  0xff7b2f24
[Y]Call Stack:  in __libc_start_main /home/wuhuang/fuzz/qasan/libqasan/libqasan.c:91  #7  0x10844
[Y]Call Stack:  in _start /home/tcwg-buildslave/workspace/tcwg-make-release/label/tcwg-x86_64-ex40/target/arm-linux-gnueabi/snapshots/eglibc.git~linaro_eglibc-2_19/libc/csu/../ports/sysdeps/arm/start.S:128
using ASAN_GIOVESE
Calling good()...
A String
A String
Finished good()
Calling bad()...
A String
Finished bad()

=== Memory Leak Detected ===
Memory Range: [0x22218 - 0x2227c]
Call Stack (depth 8):
  #0  0xff67afe0
[Y]Call Stack:  in syscall (/home/wuhuang/fuzz/qasan/cramfs-root/lib/arm-linux-gnueabi/libc-2.13.so+0xcdfe0)  #1  0xff7b3f6c
[Y]Call Stack:  in __libqasan_malloc /home/wuhuang/fuzz/qasan/libqasan/malloc.c:207  #2  0xff7b4162
[Y]Call Stack:  in __libqasan_calloc /home/wuhuang/fuzz/qasan/libqasan/malloc.c:283  #3  0xff7b30b2
[Y]Call Stack:  in calloc /home/wuhuang/fuzz/qasan/libqasan/hooks.c:80  #4  0x1091c
[Y]Call Stack:  in CWE401_Memory_Leak__char_calloc_65_bad (/home/wuhuang/fuzz/qasan/Juliet_memLeak/testcase_test/CWE401_Memory_Leak/CWE401_Memory_Leak__char_calloc_65.out+0x91c)  #5  0x10a44
[Y]Call Stack:  in main (/home/wuhuang/fuzz/qasan/Juliet_memLeak/testcase_test/CWE401_Memory_Leak/CWE401_Memory_Leak__char_calloc_65.out+0xa44)  #6  0xff7b2f24
[Y]Call Stack:  in __libc_start_main /home/wuhuang/fuzz/qasan/libqasan/libqasan.c:91  #7  0x10840
[Y]Call Stack:  in _start /home/tcwg-buildslave/workspace/tcwg-make-release/label/tcwg-x86_64-ex40/target/arm-linux-gnueabi/snapshots/eglibc.git~linaro_eglibc-2_19/libc/csu/../ports/sysdeps/arm/start.S:128
using ASAN_GIOVESE
Calling good()...
A String
A String
Finished good()
Calling bad()...
A String
Finished bad()

=== Memory Leak Detected ===
Memory Range: [0x22ff8 - 0x2305c]
Call Stack (depth 8):
  #0  0xff580fe0
[Y]Call Stack:  in syscall (/home/wuhuang/fuzz/qasan/cramfs-root/lib/arm-linux-gnueabi/libc-2.13.so+0xcdfe0)  #1  0xff7b3f6c
[Y]Call Stack:  in __libqasan_malloc /home/wuhuang/fuzz/qasan/libqasan/malloc.c:207  #2  0xff7b41b0
[Y]Call Stack:  in __libqasan_realloc /home/wuhuang/fuzz/qasan/libqasan/malloc.c:294  #3  0xff7b30d6
[Y]Call Stack:  in realloc /home/wuhuang/fuzz/qasan/libqasan/hooks.c:92  #4  0x10b9a
[Y]Call Stack:  in _ZN35CWE401_Memory_Leak__char_realloc_733badEv (/home/wuhuang/fuzz/qasan/Juliet_memLeak/testcase_test/CWE401_Memory_Leak/CWE401_Memory_Leak__char_realloc_73.out+0xb9a)  #5  0x10e0c
[Y]Call Stack:  in main (/home/wuhuang/fuzz/qasan/Juliet_memLeak/testcase_test/CWE401_Memory_Leak/CWE401_Memory_Leak__char_realloc_73.out+0xe0c)  #6  0xff7b2f24
[Y]Call Stack:  in __libc_start_main /home/wuhuang/fuzz/qasan/libqasan/libqasan.c:91  #7  0x10abc
[Y]Call Stack:  in _start /home/tcwg-buildslave/workspace/tcwg-make-release/label/tcwg-x86_64-ex40/target/arm-linux-gnueabi/snapshots/eglibc.git~linaro_eglibc-2_19/libc/csu/../ports/sysdeps/arm/start.S:128
using ASAN_GIOVESE
Calling good()...
0 -- 0
1 -- 1
Finished good()
Calling bad()...
0 -- 0
1 -- 1
Finished bad()
No memory leak detected.
using ASAN_GIOVESE
Calling good()...
5
5
Finished good()
Calling bad()...
5
Finished bad()

=== Memory Leak Detected ===
Memory Range: [0x22340 - 0x224d0]
Call Stack (depth 7):
  #0  0xff67afe0
[Y]Call Stack:  in syscall (/home/wuhuang/fuzz/qasan/cramfs-root/lib/arm-linux-gnueabi/libc-2.13.so+0xcdfe0)  #1  0xff7b3f6c
[Y]Call Stack:  in __libqasan_malloc /home/wuhuang/fuzz/qasan/libqasan/malloc.c:207  #2  0xff7b308e
[Y]Call Stack:  in malloc /home/wuhuang/fuzz/qasan/libqasan/hooks.c:68  #3  0x10900
[Y]Call Stack:  in CWE401_Memory_Leak__int_malloc_44_bad (/home/wuhuang/fuzz/qasan/Juliet_memLeak/testcase_test/CWE401_Memory_Leak/CWE401_Memory_Leak__int_malloc_44.out+0x900)  #4  0x10a34
[Y]Call Stack:  in main (/home/wuhuang/fuzz/qasan/Juliet_memLeak/testcase_test/CWE401_Memory_Leak/CWE401_Memory_Leak__int_malloc_44.out+0xa34)  #5  0xff7b2f24
[Y]Call Stack:  in __libc_start_main /home/wuhuang/fuzz/qasan/libqasan/libqasan.c:91  #6  0x10810
[Y]Call Stack:  in _start /home/tcwg-buildslave/workspace/tcwg-make-release/label/tcwg-x86_64-ex40/target/arm-linux-gnueabi/snapshots/eglibc.git~linaro_eglibc-2_19/libc/csu/../ports/sysdeps/arm/start.S:128
using ASAN_GIOVESE
Calling good()...
A String
A String
Finished good()
Calling bad()...
A String
Finished bad()

=== Memory Leak Detected ===
Memory Range: [0x22218 - 0x2227c]
Call Stack (depth 9):
  #0  0xff580fe0
[Y]Call Stack:  in syscall (/home/wuhuang/fuzz/qasan/cramfs-root/lib/arm-linux-gnueabi/libc-2.13.so+0xcdfe0)  #1  0xff7b3f6c
[Y]Call Stack:  in __libqasan_malloc /home/wuhuang/fuzz/qasan/libqasan/malloc.c:207  #2  0xff7b4162
[Y]Call Stack:  in __libqasan_calloc /home/wuhuang/fuzz/qasan/libqasan/malloc.c:283  #3  0xff7b30b2
[Y]Call Stack:  in calloc /home/wuhuang/fuzz/qasan/libqasan/hooks.c:80  #4  0x10a6c
[Y]Call Stack:  in _ZN34CWE401_Memory_Leak__char_calloc_629badSourceERPc (/home/wuhuang/fuzz/qasan/Juliet_memLeak/testcase_test/CWE401_Memory_Leak/CWE401_Memory_Leak__char_calloc_62.out+0xa6c)  #5  0x109b2
[Y]Call Stack:  in _ZN34CWE401_Memory_Leak__char_calloc_623badEv (/home/wuhuang/fuzz/qasan/Juliet_memLeak/testcase_test/CWE401_Memory_Leak/CWE401_Memory_Leak__char_calloc_62.out+0x9b2)  #6  0x10a44
[Y]Call Stack:  in main (/home/wuhuang/fuzz/qasan/Juliet_memLeak/testcase_test/CWE401_Memory_Leak/CWE401_Memory_Leak__char_calloc_62.out+0xa44)  #7  0xff7b2f24
[Y]Call Stack:  in __libc_start_main /home/wuhuang/fuzz/qasan/libqasan/libqasan.c:91  #8  0x108e0
[Y]Call Stack:  in _start /home/tcwg-buildslave/workspace/tcwg-make-release/label/tcwg-x86_64-ex40/target/arm-linux-gnueabi/snapshots/eglibc.git~linaro_eglibc-2_19/libc/csu/../ports/sysdeps/arm/start.S:128
using ASAN_GIOVESE
Calling good()...
5
5
Finished good()
Calling bad()...
5
Finished bad()

=== Memory Leak Detected ===
Memory Range: [0x22340 - 0x224d0]
Call Stack (depth 8):
  #0  0xff67afe0
[Y]Call Stack:  in syscall (/home/wuhuang/fuzz/qasan/cramfs-root/lib/arm-linux-gnueabi/libc-2.13.so+0xcdfe0)  #1  0xff7b3f6c
[Y]Call Stack:  in __libqasan_malloc /home/wuhuang/fuzz/qasan/libqasan/malloc.c:207  #2  0xff7b4162
[Y]Call Stack:  in __libqasan_calloc /home/wuhuang/fuzz/qasan/libqasan/malloc.c:283  #3  0xff7b30b2
[Y]Call Stack:  in calloc /home/wuhuang/fuzz/qasan/libqasan/hooks.c:80  #4  0x10912
[Y]Call Stack:  in CWE401_Memory_Leak__int_calloc_51_bad (/home/wuhuang/fuzz/qasan/Juliet_memLeak/testcase_test/CWE401_Memory_Leak/CWE401_Memory_Leak__int_calloc_51.out+0x912)  #5  0x10a08
[Y]Call Stack:  in main (/home/wuhuang/fuzz/qasan/Juliet_memLeak/testcase_test/CWE401_Memory_Leak/CWE401_Memory_Leak__int_calloc_51.out+0xa08)  #6  0xff7b2f24
[Y]Call Stack:  in __libc_start_main /home/wuhuang/fuzz/qasan/libqasan/libqasan.c:91  #7  0x10840
[Y]Call Stack:  in _start /home/tcwg-buildslave/workspace/tcwg-make-release/label/tcwg-x86_64-ex40/target/arm-linux-gnueabi/snapshots/eglibc.git~linaro_eglibc-2_19/libc/csu/../ports/sysdeps/arm/start.S:128
using ASAN_GIOVESE
Calling good()...
5
10
Finished good()
Calling bad()...
5
10
Finished bad()
No memory leak detected.
using ASAN_GIOVESE
Calling good()...
A String
New String
A String
New String
Finished good()
Calling bad()...
A String
New String
Finished bad()
No memory leak detected.
using ASAN_GIOVESE
Calling good()...
5
5
Finished good()
Calling bad()...
5
Finished bad()

=== Memory Leak Detected ===
Memory Range: [0x22340 - 0x224d0]
Call Stack (depth 8):
  #0  0xff67afe0
[Y]Call Stack:  in syscall (/home/wuhuang/fuzz/qasan/cramfs-root/lib/arm-linux-gnueabi/libc-2.13.so+0xcdfe0)  #1  0xff7b3f6c
[Y]Call Stack:  in __libqasan_malloc /home/wuhuang/fuzz/qasan/libqasan/malloc.c:207  #2  0xff7b4162
[Y]Call Stack:  in __libqasan_calloc /home/wuhuang/fuzz/qasan/libqasan/malloc.c:283  #3  0xff7b30b2
[Y]Call Stack:  in calloc /home/wuhuang/fuzz/qasan/libqasan/hooks.c:80  #4  0x10914
[Y]Call Stack:  in CWE401_Memory_Leak__int_calloc_18_bad (/home/wuhuang/fuzz/qasan/Juliet_memLeak/testcase_test/CWE401_Memory_Leak/CWE401_Memory_Leak__int_calloc_18.out+0x914)  #5  0x10a08
[Y]Call Stack:  in main (/home/wuhuang/fuzz/qasan/Juliet_memLeak/testcase_test/CWE401_Memory_Leak/CWE401_Memory_Leak__int_calloc_18.out+0xa08)  #6  0xff7b2f24
[Y]Call Stack:  in __libc_start_main /home/wuhuang/fuzz/qasan/libqasan/libqasan.c:91  #7  0x10840
[Y]Call Stack:  in _start /home/tcwg-buildslave/workspace/tcwg-make-release/label/tcwg-x86_64-ex40/target/arm-linux-gnueabi/snapshots/eglibc.git~linaro_eglibc-2_19/libc/csu/../ports/sysdeps/arm/start.S:128
using ASAN_GIOVESE
Calling good()...
5
5
Finished good()
Calling bad()...
5
Finished bad()

=== Memory Leak Detected ===
Memory Range: [0x226a0 - 0x22830]
Call Stack (depth 9):
  #0  0xff580fe0
[Y]Call Stack:  in syscall (/home/wuhuang/fuzz/qasan/cramfs-root/lib/arm-linux-gnueabi/libc-2.13.so+0xcdfe0)  #1  0xff7b3f6c
[Y]Call Stack:  in __libqasan_malloc /home/wuhuang/fuzz/qasan/libqasan/malloc.c:207  #2  0xff7b41b0
[Y]Call Stack:  in __libqasan_realloc /home/wuhuang/fuzz/qasan/libqasan/malloc.c:294  #3  0xff7b30d6
[Y]Call Stack:  in realloc /home/wuhuang/fuzz/qasan/libqasan/hooks.c:92  #4  0x10c10
[Y]Call Stack:  in _ZN34CWE401_Memory_Leak__int_realloc_8438CWE401_Memory_Leak__int_realloc_84_badC2EPi (/home/wuhuang/fuzz/qasan/Juliet_memLeak/testcase_test/CWE401_Memory_Leak/CWE401_Memory_Leak__int_realloc_84.out+0xc10)  #5  0x10ade
[Y]Call Stack:  in _ZN34CWE401_Memory_Leak__int_realloc_843badEv (/home/wuhuang/fuzz/qasan/Juliet_memLeak/testcase_test/CWE401_Memory_Leak/CWE401_Memory_Leak__int_realloc_84.out+0xade)  #6  0x10bd8
[Y]Call Stack:  in main (/home/wuhuang/fuzz/qasan/Juliet_memLeak/testcase_test/CWE401_Memory_Leak/CWE401_Memory_Leak__int_realloc_84.out+0xbd8)  #7  0xff7b2f24
[Y]Call Stack:  in __libc_start_main /home/wuhuang/fuzz/qasan/libqasan/libqasan.c:91  #8  0x10a04
[Y]Call Stack:  in _start /home/tcwg-buildslave/workspace/tcwg-make-release/label/tcwg-x86_64-ex40/target/arm-linux-gnueabi/snapshots/eglibc.git~linaro_eglibc-2_19/libc/csu/../ports/sysdeps/arm/start.S:128
using ASAN_GIOVESE
Calling good()...
A String
A String
Finished good()
Calling bad()...
A String
Finished bad()

=== Memory Leak Detected ===
Memory Range: [0x22218 - 0x2227c]
Call Stack (depth 8):
  #0  0xff67afe0
[Y]Call Stack:  in syscall (/home/wuhuang/fuzz/qasan/cramfs-root/lib/arm-linux-gnueabi/libc-2.13.so+0xcdfe0)  #1  0xff7b3f6c
[Y]Call Stack:  in __libqasan_malloc /home/wuhuang/fuzz/qasan/libqasan/malloc.c:207  #2  0xff7b308e
[Y]Call Stack:  in malloc /home/wuhuang/fuzz/qasan/libqasan/hooks.c:68  #3  0x108de
[Y]Call Stack:  in badSource CWE401_Memory_Leak__char_malloc_42.c:?  #4  0x10924
[Y]Call Stack:  in CWE401_Memory_Leak__char_malloc_42_bad (/home/wuhuang/fuzz/qasan/Juliet_memLeak/testcase_test/CWE401_Memory_Leak/CWE401_Memory_Leak__char_malloc_42.out+0x924)  #5  0x10a34
[Y]Call Stack:  in main (/home/wuhuang/fuzz/qasan/Juliet_memLeak/testcase_test/CWE401_Memory_Leak/CWE401_Memory_Leak__char_malloc_42.out+0xa34)  #6  0xff7b2f24
[Y]Call Stack:  in __libc_start_main /home/wuhuang/fuzz/qasan/libqasan/libqasan.c:91  #7  0x10810
[Y]Call Stack:  in _start /home/tcwg-buildslave/workspace/tcwg-make-release/label/tcwg-x86_64-ex40/target/arm-linux-gnueabi/snapshots/eglibc.git~linaro_eglibc-2_19/libc/csu/../ports/sysdeps/arm/start.S:128
using ASAN_GIOVESE
Calling good()...
5
5
Finished good()
Calling bad()...
5
Finished bad()

=== Memory Leak Detected ===
Memory Range: [0x22340 - 0x224d0]
Call Stack (depth 8):
  #0  0xff67afe0
[Y]Call Stack:  in syscall (/home/wuhuang/fuzz/qasan/cramfs-root/lib/arm-linux-gnueabi/libc-2.13.so+0xcdfe0)  #1  0xff7b3f6c
[Y]Call Stack:  in __libqasan_malloc /home/wuhuang/fuzz/qasan/libqasan/malloc.c:207  #2  0xff7b4162
[Y]Call Stack:  in __libqasan_calloc /home/wuhuang/fuzz/qasan/libqasan/malloc.c:283  #3  0xff7b30b2
[Y]Call Stack:  in calloc /home/wuhuang/fuzz/qasan/libqasan/hooks.c:80  #4  0x10912
[Y]Call Stack:  in CWE401_Memory_Leak__int_calloc_64_bad (/home/wuhuang/fuzz/qasan/Juliet_memLeak/testcase_test/CWE401_Memory_Leak/CWE401_Memory_Leak__int_calloc_64.out+0x912)  #5  0x10a10
[Y]Call Stack:  in main (/home/wuhuang/fuzz/qasan/Juliet_memLeak/testcase_test/CWE401_Memory_Leak/CWE401_Memory_Leak__int_calloc_64.out+0xa10)  #6  0xff7b2f24
[Y]Call Stack:  in __libc_start_main /home/wuhuang/fuzz/qasan/libqasan/libqasan.c:91  #7  0x10840
[Y]Call Stack:  in _start /home/tcwg-buildslave/workspace/tcwg-make-release/label/tcwg-x86_64-ex40/target/arm-linux-gnueabi/snapshots/eglibc.git~linaro_eglibc-2_19/libc/csu/../ports/sysdeps/arm/start.S:128
using ASAN_GIOVESE
Calling good()...
A String
A String
Finished good()
Calling bad()...
A String
Finished bad()

=== Memory Leak Detected ===
Memory Range: [0x22218 - 0x2227c]
Call Stack (depth 7):
  #0  0xff67afe0
[Y]Call Stack:  in syscall (/home/wuhuang/fuzz/qasan/cramfs-root/lib/arm-linux-gnueabi/libc-2.13.so+0xcdfe0)  #1  0xff7b3f6c
[Y]Call Stack:  in __libqasan_malloc /home/wuhuang/fuzz/qasan/libqasan/malloc.c:207  #2  0xff7b308e
[Y]Call Stack:  in malloc /home/wuhuang/fuzz/qasan/libqasan/hooks.c:68  #3  0x108fc
[Y]Call Stack:  in CWE401_Memory_Leak__char_malloc_45_bad (/home/wuhuang/fuzz/qasan/Juliet_memLeak/testcase_test/CWE401_Memory_Leak/CWE401_Memory_Leak__char_malloc_45.out+0x8fc)  #4  0x10a6c
[Y]Call Stack:  in main (/home/wuhuang/fuzz/qasan/Juliet_memLeak/testcase_test/CWE401_Memory_Leak/CWE401_Memory_Leak__char_malloc_45.out+0xa6c)  #5  0xff7b2f24
[Y]Call Stack:  in __libc_start_main /home/wuhuang/fuzz/qasan/libqasan/libqasan.c:91  #6  0x10810
[Y]Call Stack:  in _start /home/tcwg-buildslave/workspace/tcwg-make-release/label/tcwg-x86_64-ex40/target/arm-linux-gnueabi/snapshots/eglibc.git~linaro_eglibc-2_19/libc/csu/../ports/sysdeps/arm/start.S:128
using ASAN_GIOVESE
Calling good()...
5
5
Finished good()
Calling bad()...
5
Finished bad()

=== Memory Leak Detected ===
Memory Range: [0x22340 - 0x224d0]
Call Stack (depth 8):
  #0  0xff67afe0
[Y]Call Stack:  in syscall (/home/wuhuang/fuzz/qasan/cramfs-root/lib/arm-linux-gnueabi/libc-2.13.so+0xcdfe0)  #1  0xff7b3f6c
[Y]Call Stack:  in __libqasan_malloc /home/wuhuang/fuzz/qasan/libqasan/malloc.c:207  #2  0xff7b4162
[Y]Call Stack:  in __libqasan_calloc /home/wuhuang/fuzz/qasan/libqasan/malloc.c:283  #3  0xff7b30b2
[Y]Call Stack:  in calloc /home/wuhuang/fuzz/qasan/libqasan/hooks.c:80  #4  0x10912
[Y]Call Stack:  in CWE401_Memory_Leak__int_calloc_63_bad (/home/wuhuang/fuzz/qasan/Juliet_memLeak/testcase_test/CWE401_Memory_Leak/CWE401_Memory_Leak__int_calloc_63.out+0x912)  #5  0x10a10
[Y]Call Stack:  in main (/home/wuhuang/fuzz/qasan/Juliet_memLeak/testcase_test/CWE401_Memory_Leak/CWE401_Memory_Leak__int_calloc_63.out+0xa10)  #6  0xff7b2f24
[Y]Call Stack:  in __libc_start_main /home/wuhuang/fuzz/qasan/libqasan/libqasan.c:91  #7  0x10840
[Y]Call Stack:  in _start /home/tcwg-buildslave/workspace/tcwg-make-release/label/tcwg-x86_64-ex40/target/arm-linux-gnueabi/snapshots/eglibc.git~linaro_eglibc-2_19/libc/csu/../ports/sysdeps/arm/start.S:128
using ASAN_GIOVESE
Calling good()...
A String
A String
Finished good()
Calling bad()...
A String
Finished bad()

=== Memory Leak Detected ===
Memory Range: [0x22218 - 0x2227c]
Call Stack (depth 7):
  #0  0xff580fe0
[Y]Call Stack:  in syscall (/home/wuhuang/fuzz/qasan/cramfs-root/lib/arm-linux-gnueabi/libc-2.13.so+0xcdfe0)  #1  0xff7b3f6c
[Y]Call Stack:  in __libqasan_malloc /home/wuhuang/fuzz/qasan/libqasan/malloc.c:207  #2  0xff7b308e
[Y]Call Stack:  in malloc /home/wuhuang/fuzz/qasan/libqasan/hooks.c:68  #3  0x109f2
[Y]Call Stack:  in _ZN37CWE401_Memory_Leak__new_array_char_323badEv (/home/wuhuang/fuzz/qasan/Juliet_memLeak/testcase_test/CWE401_Memory_Leak/CWE401_Memory_Leak__new_array_char_32.out+0x9f2)  #4  0x10b20
[Y]Call Stack:  in main (/home/wuhuang/fuzz/qasan/Juliet_memLeak/testcase_test/CWE401_Memory_Leak/CWE401_Memory_Leak__new_array_char_32.out+0xb20)  #5  0xff7b2f24
[Y]Call Stack:  in __libc_start_main /home/wuhuang/fuzz/qasan/libqasan/libqasan.c:91  #6  0x10914
[Y]Call Stack:  in _start /home/tcwg-buildslave/workspace/tcwg-make-release/label/tcwg-x86_64-ex40/target/arm-linux-gnueabi/snapshots/eglibc.git~linaro_eglibc-2_19/libc/csu/../ports/sysdeps/arm/start.S:128
using ASAN_GIOVESE
Calling good()...
A String
A String
Finished good()
Calling bad()...
A String
Finished bad()

=== Memory Leak Detected ===
Memory Range: [0x22218 - 0x2227c]
Call Stack (depth 8):
  #0  0xff67afe0
[Y]Call Stack:  in syscall (/home/wuhuang/fuzz/qasan/cramfs-root/lib/arm-linux-gnueabi/libc-2.13.so+0xcdfe0)  #1  0xff7b3f6c
[Y]Call Stack:  in __libqasan_malloc /home/wuhuang/fuzz/qasan/libqasan/malloc.c:207  #2  0xff7b41b0
[Y]Call Stack:  in __libqasan_realloc /home/wuhuang/fuzz/qasan/libqasan/malloc.c:294  #3  0xff7b30d6
[Y]Call Stack:  in realloc /home/wuhuang/fuzz/qasan/libqasan/hooks.c:92  #4  0x1092a
[Y]Call Stack:  in CWE401_Memory_Leak__char_realloc_41_bad (/home/wuhuang/fuzz/qasan/Juliet_memLeak/testcase_test/CWE401_Memory_Leak/CWE401_Memory_Leak__char_realloc_41.out+0x92a)  #5  0x10a60
[Y]Call Stack:  in main (/home/wuhuang/fuzz/qasan/Juliet_memLeak/testcase_test/CWE401_Memory_Leak/CWE401_Memory_Leak__char_realloc_41.out+0xa60)  #6  0xff7b2f24
[Y]Call Stack:  in __libc_start_main /home/wuhuang/fuzz/qasan/libqasan/libqasan.c:91  #7  0x10844
[Y]Call Stack:  in _start /home/tcwg-buildslave/workspace/tcwg-make-release/label/tcwg-x86_64-ex40/target/arm-linux-gnueabi/snapshots/eglibc.git~linaro_eglibc-2_19/libc/csu/../ports/sysdeps/arm/start.S:128
using ASAN_GIOVESE
Calling good()...
5
5
Finished good()
Calling bad()...
5
Finished bad()

=== Memory Leak Detected ===
Memory Range: [0x22340 - 0x224d0]
Call Stack (depth 8):
  #0  0xff67afe0
[Y]Call Stack:  in syscall (/home/wuhuang/fuzz/qasan/cramfs-root/lib/arm-linux-gnueabi/libc-2.13.so+0xcdfe0)  #1  0xff7b3f6c
[Y]Call Stack:  in __libqasan_malloc /home/wuhuang/fuzz/qasan/libqasan/malloc.c:207  #2  0xff7b41b0
[Y]Call Stack:  in __libqasan_realloc /home/wuhuang/fuzz/qasan/libqasan/malloc.c:294  #3  0xff7b30d6
[Y]Call Stack:  in realloc /home/wuhuang/fuzz/qasan/libqasan/hooks.c:92  #4  0x10918
[Y]Call Stack:  in CWE401_Memory_Leak__int_realloc_52_bad (/home/wuhuang/fuzz/qasan/Juliet_memLeak/testcase_test/CWE401_Memory_Leak/CWE401_Memory_Leak__int_realloc_52.out+0x918)  #5  0x10a0c
[Y]Call Stack:  in main (/home/wuhuang/fuzz/qasan/Juliet_memLeak/testcase_test/CWE401_Memory_Leak/CWE401_Memory_Leak__int_realloc_52.out+0xa0c)  #6  0xff7b2f24
[Y]Call Stack:  in __libc_start_main /home/wuhuang/fuzz/qasan/libqasan/libqasan.c:91  #7  0x10844
[Y]Call Stack:  in _start /home/tcwg-buildslave/workspace/tcwg-make-release/label/tcwg-x86_64-ex40/target/arm-linux-gnueabi/snapshots/eglibc.git~linaro_eglibc-2_19/libc/csu/../ports/sysdeps/arm/start.S:128
using ASAN_GIOVESE
Calling good()...
5
5
Finished good()
Calling bad()...
5
Finished bad()

=== Memory Leak Detected ===
Memory Range: [0x22340 - 0x224d0]
Call Stack (depth 9):
  #0  0xff580fe0
[Y]Call Stack:  in syscall (/home/wuhuang/fuzz/qasan/cramfs-root/lib/arm-linux-gnueabi/libc-2.13.so+0xcdfe0)  #1  0xff7b3f6c
[Y]Call Stack:  in __libqasan_malloc /home/wuhuang/fuzz/qasan/libqasan/malloc.c:207  #2  0xff7b41b0
[Y]Call Stack:  in __libqasan_realloc /home/wuhuang/fuzz/qasan/libqasan/malloc.c:294  #3  0xff7b30d6
[Y]Call Stack:  in realloc /home/wuhuang/fuzz/qasan/libqasan/hooks.c:92  #4  0x10a98
[Y]Call Stack:  in _ZN34CWE401_Memory_Leak__int_realloc_8338CWE401_Memory_Leak__int_realloc_83_badC2EPi (/home/wuhuang/fuzz/qasan/Juliet_memLeak/testcase_test/CWE401_Memory_Leak/CWE401_Memory_Leak__int_realloc_83.out+0xa98)  #5  0x109b4
[Y]Call Stack:  in _ZN34CWE401_Memory_Leak__int_realloc_833badEv (/home/wuhuang/fuzz/qasan/Juliet_memLeak/testcase_test/CWE401_Memory_Leak/CWE401_Memory_Leak__int_realloc_83.out+0x9b4)  #6  0x10a60
[Y]Call Stack:  in main (/home/wuhuang/fuzz/qasan/Juliet_memLeak/testcase_test/CWE401_Memory_Leak/CWE401_Memory_Leak__int_realloc_83.out+0xa60)  #7  0xff7b2f24
[Y]Call Stack:  in __libc_start_main /home/wuhuang/fuzz/qasan/libqasan/libqasan.c:91  #8  0x108e0
[Y]Call Stack:  in _start /home/tcwg-buildslave/workspace/tcwg-make-release/label/tcwg-x86_64-ex40/target/arm-linux-gnueabi/snapshots/eglibc.git~linaro_eglibc-2_19/libc/csu/../ports/sysdeps/arm/start.S:128
using ASAN_GIOVESE
Calling good()...
A String
A String
Finished good()
Calling bad()...
A String
Finished bad()

=== Memory Leak Detected ===
Memory Range: [0x22218 - 0x2227c]
Call Stack (depth 8):
  #0  0xff580fe0
[Y]Call Stack:  in syscall (/home/wuhuang/fuzz/qasan/cramfs-root/lib/arm-linux-gnueabi/libc-2.13.so+0xcdfe0)  #1  0xff7b3f6c
[Y]Call Stack:  in __libqasan_malloc /home/wuhuang/fuzz/qasan/libqasan/malloc.c:207  #2  0xff7b4162
[Y]Call Stack:  in __libqasan_calloc /home/wuhuang/fuzz/qasan/libqasan/malloc.c:283  #3  0xff7b30b2
[Y]Call Stack:  in calloc /home/wuhuang/fuzz/qasan/libqasan/hooks.c:80  #4  0x10aa6
[Y]Call Stack:  in _ZN34CWE401_Memory_Leak__char_calloc_813badEv (/home/wuhuang/fuzz/qasan/Juliet_memLeak/testcase_test/CWE401_Memory_Leak/CWE401_Memory_Leak__char_calloc_81.out+0xaa6)  #5  0x10c08
[Y]Call Stack:  in main (/home/wuhuang/fuzz/qasan/Juliet_memLeak/testcase_test/CWE401_Memory_Leak/CWE401_Memory_Leak__char_calloc_81.out+0xc08)  #6  0xff7b2f24
[Y]Call Stack:  in __libc_start_main /home/wuhuang/fuzz/qasan/libqasan/libqasan.c:91  #7  0x109d4
[Y]Call Stack:  in _start /home/tcwg-buildslave/workspace/tcwg-make-release/label/tcwg-x86_64-ex40/target/arm-linux-gnueabi/snapshots/eglibc.git~linaro_eglibc-2_19/libc/csu/../ports/sysdeps/arm/start.S:128
using ASAN_GIOVESE
Calling good()...
A String
A String
Finished good()
Calling bad()...
A String
Finished bad()

=== Memory Leak Detected ===
Memory Range: [0x22218 - 0x2227c]
Call Stack (depth 8):
  #0  0xff580fe0
[Y]Call Stack:  in syscall (/home/wuhuang/fuzz/qasan/cramfs-root/lib/arm-linux-gnueabi/libc-2.13.so+0xcdfe0)  #1  0xff7b3f6c
[Y]Call Stack:  in __libqasan_malloc /home/wuhuang/fuzz/qasan/libqasan/malloc.c:207  #2  0xff7b41b0
[Y]Call Stack:  in __libqasan_realloc /home/wuhuang/fuzz/qasan/libqasan/malloc.c:294  #3  0xff7b30d6
[Y]Call Stack:  in realloc /home/wuhuang/fuzz/qasan/libqasan/hooks.c:92  #4  0x109ba
[Y]Call Stack:  in _ZN35CWE401_Memory_Leak__char_realloc_333badEv (/home/wuhuang/fuzz/qasan/Juliet_memLeak/testcase_test/CWE401_Memory_Leak/CWE401_Memory_Leak__char_realloc_33.out+0x9ba)  #5  0x10af4
[Y]Call Stack:  in main (/home/wuhuang/fuzz/qasan/Juliet_memLeak/testcase_test/CWE401_Memory_Leak/CWE401_Memory_Leak__char_realloc_33.out+0xaf4)  #6  0xff7b2f24
[Y]Call Stack:  in __libc_start_main /home/wuhuang/fuzz/qasan/libqasan/libqasan.c:91  #7  0x108e0
[Y]Call Stack:  in _start /home/tcwg-buildslave/workspace/tcwg-make-release/label/tcwg-x86_64-ex40/target/arm-linux-gnueabi/snapshots/eglibc.git~linaro_eglibc-2_19/libc/csu/../ports/sysdeps/arm/start.S:128
using ASAN_GIOVESE
Calling good()...
A String
A String
A String
Finished good()
Calling bad()...
A String
Finished bad()

=== Memory Leak Detected ===
Memory Range: [0x22398 - 0x223fc]
Call Stack (depth 8):
  #0  0xff67afe0
[Y]Call Stack:  in syscall (/home/wuhuang/fuzz/qasan/cramfs-root/lib/arm-linux-gnueabi/libc-2.13.so+0xcdfe0)  #1  0xff7b3f6c
[Y]Call Stack:  in __libqasan_malloc /home/wuhuang/fuzz/qasan/libqasan/malloc.c:207  #2  0xff7b4162
[Y]Call Stack:  in __libqasan_calloc /home/wuhuang/fuzz/qasan/libqasan/malloc.c:283  #3  0xff7b30b2
[Y]Call Stack:  in calloc /home/wuhuang/fuzz/qasan/libqasan/hooks.c:80  #4  0x10912
[Y]Call Stack:  in CWE401_Memory_Leak__char_calloc_22_bad (/home/wuhuang/fuzz/qasan/Juliet_memLeak/testcase_test/CWE401_Memory_Leak/CWE401_Memory_Leak__char_calloc_22.out+0x912)  #5  0x10aa8
[Y]Call Stack:  in main (/home/wuhuang/fuzz/qasan/Juliet_memLeak/testcase_test/CWE401_Memory_Leak/CWE401_Memory_Leak__char_calloc_22.out+0xaa8)  #6  0xff7b2f24
[Y]Call Stack:  in __libc_start_main /home/wuhuang/fuzz/qasan/libqasan/libqasan.c:91  #7  0x10840
[Y]Call Stack:  in _start /home/tcwg-buildslave/workspace/tcwg-make-release/label/tcwg-x86_64-ex40/target/arm-linux-gnueabi/snapshots/eglibc.git~linaro_eglibc-2_19/libc/csu/../ports/sysdeps/arm/start.S:128
using ASAN_GIOVESE
Calling good()...
5
10
5
10
Finished good()
Calling bad()...
5
10
Finished bad()
No memory leak detected.
using ASAN_GIOVESE
Calling good()...
5
5
5
5
Finished good()
Calling bad()...
5
Finished bad()

=== Memory Leak Detected ===
Memory Range: [0x225e8 - 0x22778]
Call Stack (depth 7):
  #0  0xff67afe0
[Y]Call Stack:  in syscall (/home/wuhuang/fuzz/qasan/cramfs-root/lib/arm-linux-gnueabi/libc-2.13.so+0xcdfe0)  #1  0xff7b3f6c
[Y]Call Stack:  in __libqasan_malloc /home/wuhuang/fuzz/qasan/libqasan/malloc.c:207  #2  0xff7b308e
[Y]Call Stack:  in malloc /home/wuhuang/fuzz/qasan/libqasan/hooks.c:68  #3  0x108e8
[Y]Call Stack:  in CWE401_Memory_Leak__int_malloc_04_bad (/home/wuhuang/fuzz/qasan/Juliet_memLeak/testcase_test/CWE401_Memory_Leak/CWE401_Memory_Leak__int_malloc_04.out+0x8e8)  #4  0x10a88
[Y]Call Stack:  in main (/home/wuhuang/fuzz/qasan/Juliet_memLeak/testcase_test/CWE401_Memory_Leak/CWE401_Memory_Leak__int_malloc_04.out+0xa88)  #5  0xff7b2f24
[Y]Call Stack:  in __libc_start_main /home/wuhuang/fuzz/qasan/libqasan/libqasan.c:91  #6  0x10810
[Y]Call Stack:  in _start /home/tcwg-buildslave/workspace/tcwg-make-release/label/tcwg-x86_64-ex40/target/arm-linux-gnueabi/snapshots/eglibc.git~linaro_eglibc-2_19/libc/csu/../ports/sysdeps/arm/start.S:128
using ASAN_GIOVESE
Calling good()...
5
5
5
5
Finished good()
Calling bad()...
5
Finished bad()

=== Memory Leak Detected ===
Memory Range: [0x225e8 - 0x22778]
Call Stack (depth 8):
  #0  0xff67afe0
[Y]Call Stack:  in syscall (/home/wuhuang/fuzz/qasan/cramfs-root/lib/arm-linux-gnueabi/libc-2.13.so+0xcdfe0)  #1  0xff7b3f6c
[Y]Call Stack:  in __libqasan_malloc /home/wuhuang/fuzz/qasan/libqasan/malloc.c:207  #2  0xff7b4162
[Y]Call Stack:  in __libqasan_calloc /home/wuhuang/fuzz/qasan/libqasan/malloc.c:283  #3  0xff7b30b2
[Y]Call Stack:  in calloc /home/wuhuang/fuzz/qasan/libqasan/hooks.c:80  #4  0x1091c
[Y]Call Stack:  in CWE401_Memory_Leak__int_calloc_11_bad (/home/wuhuang/fuzz/qasan/Juliet_memLeak/testcase_test/CWE401_Memory_Leak/CWE401_Memory_Leak__int_calloc_11.out+0x91c)  #5  0x10ae0
[Y]Call Stack:  in main (/home/wuhuang/fuzz/qasan/Juliet_memLeak/testcase_test/CWE401_Memory_Leak/CWE401_Memory_Leak__int_calloc_11.out+0xae0)  #6  0xff7b2f24
[Y]Call Stack:  in __libc_start_main /home/wuhuang/fuzz/qasan/libqasan/libqasan.c:91  #7  0x10840
[Y]Call Stack:  in _start /home/tcwg-buildslave/workspace/tcwg-make-release/label/tcwg-x86_64-ex40/target/arm-linux-gnueabi/snapshots/eglibc.git~linaro_eglibc-2_19/libc/csu/../ports/sysdeps/arm/start.S:128
using ASAN_GIOVESE
Calling good()...
5
5
Finished good()
Calling bad()...
5
Finished bad()

=== Memory Leak Detected ===
Memory Range: [0x22340 - 0x224d0]
Call Stack (depth 8):
  #0  0xff67afe0
[Y]Call Stack:  in syscall (/home/wuhuang/fuzz/qasan/cramfs-root/lib/arm-linux-gnueabi/libc-2.13.so+0xcdfe0)  #1  0xff7b3f6c
[Y]Call Stack:  in __libqasan_malloc /home/wuhuang/fuzz/qasan/libqasan/malloc.c:207  #2  0xff7b4162
[Y]Call Stack:  in __libqasan_calloc /home/wuhuang/fuzz/qasan/libqasan/malloc.c:283  #3  0xff7b30b2
[Y]Call Stack:  in calloc /home/wuhuang/fuzz/qasan/libqasan/hooks.c:80  #4  0x10912
[Y]Call Stack:  in CWE401_Memory_Leak__int_calloc_16_bad (/home/wuhuang/fuzz/qasan/Juliet_memLeak/testcase_test/CWE401_Memory_Leak/CWE401_Memory_Leak__int_calloc_16.out+0x912)  #5  0x10a08
[Y]Call Stack:  in main (/home/wuhuang/fuzz/qasan/Juliet_memLeak/testcase_test/CWE401_Memory_Leak/CWE401_Memory_Leak__int_calloc_16.out+0xa08)  #6  0xff7b2f24
[Y]Call Stack:  in __libc_start_main /home/wuhuang/fuzz/qasan/libqasan/libqasan.c:91  #7  0x10840
[Y]Call Stack:  in _start /home/tcwg-buildslave/workspace/tcwg-make-release/label/tcwg-x86_64-ex40/target/arm-linux-gnueabi/snapshots/eglibc.git~linaro_eglibc-2_19/libc/csu/../ports/sysdeps/arm/start.S:128
using ASAN_GIOVESE
Calling good()...
A String
A String
Finished good()
Calling bad()...
A String
Finished bad()

=== Memory Leak Detected ===
Memory Range: [0x22218 - 0x2227c]
Call Stack (depth 8):
  #0  0xff67afe0
[Y]Call Stack:  in syscall (/home/wuhuang/fuzz/qasan/cramfs-root/lib/arm-linux-gnueabi/libc-2.13.so+0xcdfe0)  #1  0xff7b3f6c
[Y]Call Stack:  in __libqasan_malloc /home/wuhuang/fuzz/qasan/libqasan/malloc.c:207  #2  0xff7b41b0
[Y]Call Stack:  in __libqasan_realloc /home/wuhuang/fuzz/qasan/libqasan/malloc.c:294  #3  0xff7b30d6
[Y]Call Stack:  in realloc /home/wuhuang/fuzz/qasan/libqasan/hooks.c:92  #4  0x10916
[Y]Call Stack:  in CWE401_Memory_Leak__char_realloc_34_bad (/home/wuhuang/fuzz/qasan/Juliet_memLeak/testcase_test/CWE401_Memory_Leak/CWE401_Memory_Leak__char_realloc_34.out+0x916)  #5  0x10a34
[Y]Call Stack:  in main (/home/wuhuang/fuzz/qasan/Juliet_memLeak/testcase_test/CWE401_Memory_Leak/CWE401_Memory_Leak__char_realloc_34.out+0xa34)  #6  0xff7b2f24
[Y]Call Stack:  in __libc_start_main /home/wuhuang/fuzz/qasan/libqasan/libqasan.c:91  #7  0x10844
[Y]Call Stack:  in _start /home/tcwg-buildslave/workspace/tcwg-make-release/label/tcwg-x86_64-ex40/target/arm-linux-gnueabi/snapshots/eglibc.git~linaro_eglibc-2_19/libc/csu/../ports/sysdeps/arm/start.S:128
using ASAN_GIOVESE
Calling good()...
5
10
5
10
Finished good()
Calling bad()...
5
10
Finished bad()
No memory leak detected.
using ASAN_GIOVESE
Calling good()...
5
5
5
5
Finished good()
Calling bad()...
5
Finished bad()

=== Memory Leak Detected ===
Memory Range: [0x225e8 - 0x22778]
Call Stack (depth 7):
  #0  0xff67afe0
[Y]Call Stack:  in syscall (/home/wuhuang/fuzz/qasan/cramfs-root/lib/arm-linux-gnueabi/libc-2.13.so+0xcdfe0)  #1  0xff7b3f6c
[Y]Call Stack:  in __libqasan_malloc /home/wuhuang/fuzz/qasan/libqasan/malloc.c:207  #2  0xff7b308e
[Y]Call Stack:  in malloc /home/wuhuang/fuzz/qasan/libqasan/hooks.c:68  #3  0x108e2
[Y]Call Stack:  in CWE401_Memory_Leak__int_malloc_03_bad (/home/wuhuang/fuzz/qasan/Juliet_memLeak/testcase_test/CWE401_Memory_Leak/CWE401_Memory_Leak__int_malloc_03.out+0x8e2)  #4  0x10a40
[Y]Call Stack:  in main (/home/wuhuang/fuzz/qasan/Juliet_memLeak/testcase_test/CWE401_Memory_Leak/CWE401_Memory_Leak__int_malloc_03.out+0xa40)  #5  0xff7b2f24
[Y]Call Stack:  in __libc_start_main /home/wuhuang/fuzz/qasan/libqasan/libqasan.c:91  #6  0x10810
[Y]Call Stack:  in _start /home/tcwg-buildslave/workspace/tcwg-make-release/label/tcwg-x86_64-ex40/target/arm-linux-gnueabi/snapshots/eglibc.git~linaro_eglibc-2_19/libc/csu/../ports/sysdeps/arm/start.S:128
using ASAN_GIOVESE
Calling good()...
A String
A String
A String
A String
Finished good()
Calling bad()...
A String
Finished bad()

=== Memory Leak Detected ===
Memory Range: [0x22398 - 0x223fc]
Call Stack (depth 8):
  #0  0xff67afe0
[Y]Call Stack:  in syscall (/home/wuhuang/fuzz/qasan/cramfs-root/lib/arm-linux-gnueabi/libc-2.13.so+0xcdfe0)  #1  0xff7b3f6c
[Y]Call Stack:  in __libqasan_malloc /home/wuhuang/fuzz/qasan/libqasan/malloc.c:207  #2  0xff7b41b0
[Y]Call Stack:  in __libqasan_realloc /home/wuhuang/fuzz/qasan/libqasan/malloc.c:294  #3  0xff7b30d6
[Y]Call Stack:  in realloc /home/wuhuang/fuzz/qasan/libqasan/hooks.c:92  #4  0x10924
[Y]Call Stack:  in CWE401_Memory_Leak__char_realloc_05_bad (/home/wuhuang/fuzz/qasan/Juliet_memLeak/testcase_test/CWE401_Memory_Leak/CWE401_Memory_Leak__char_realloc_05.out+0x924)  #5  0x10b20
[Y]Call Stack:  in main (/home/wuhuang/fuzz/qasan/Juliet_memLeak/testcase_test/CWE401_Memory_Leak/CWE401_Memory_Leak__char_realloc_05.out+0xb20)  #6  0xff7b2f24
[Y]Call Stack:  in __libc_start_main /home/wuhuang/fuzz/qasan/libqasan/libqasan.c:91  #7  0x10844
[Y]Call Stack:  in _start /home/tcwg-buildslave/workspace/tcwg-make-release/label/tcwg-x86_64-ex40/target/arm-linux-gnueabi/snapshots/eglibc.git~linaro_eglibc-2_19/libc/csu/../ports/sysdeps/arm/start.S:128
using ASAN_GIOVESE
Calling good()...
0 -- 0
1 -- 1
0 -- 0
1 -- 1
Finished good()
Calling bad()...
0 -- 0
1 -- 1
Finished bad()
No memory leak detected.
using ASAN_GIOVESE
Calling good()...
5
10
Finished good()
Calling bad()...
5
10
Finished bad()
No memory leak detected.
using ASAN_GIOVESE
Calling good()...
5
5
Finished good()
Calling bad()...
5
Finished bad()

=== Memory Leak Detected ===
Memory Range: [0x22340 - 0x224d0]
Call Stack (depth 7):
  #0  0xff67afe0
[Y]Call Stack:  in syscall (/home/wuhuang/fuzz/qasan/cramfs-root/lib/arm-linux-gnueabi/libc-2.13.so+0xcdfe0)  #1  0xff7b3f6c
[Y]Call Stack:  in __libqasan_malloc /home/wuhuang/fuzz/qasan/libqasan/malloc.c:207  #2  0xff7b308e
[Y]Call Stack:  in malloc /home/wuhuang/fuzz/qasan/libqasan/hooks.c:68  #3  0x108f0
[Y]Call Stack:  in CWE401_Memory_Leak__int_malloc_32_bad (/home/wuhuang/fuzz/qasan/Juliet_memLeak/testcase_test/CWE401_Memory_Leak/CWE401_Memory_Leak__int_malloc_32.out+0x8f0)  #4  0x10a1c
[Y]Call Stack:  in main (/home/wuhuang/fuzz/qasan/Juliet_memLeak/testcase_test/CWE401_Memory_Leak/CWE401_Memory_Leak__int_malloc_32.out+0xa1c)  #5  0xff7b2f24
[Y]Call Stack:  in __libc_start_main /home/wuhuang/fuzz/qasan/libqasan/libqasan.c:91  #6  0x10810
[Y]Call Stack:  in _start /home/tcwg-buildslave/workspace/tcwg-make-release/label/tcwg-x86_64-ex40/target/arm-linux-gnueabi/snapshots/eglibc.git~linaro_eglibc-2_19/libc/csu/../ports/sysdeps/arm/start.S:128
using ASAN_GIOVESE
Calling good()...
A String
A String
A String
A String
Finished good()
Calling bad()...
A String
Finished bad()

=== Memory Leak Detected ===
Memory Range: [0x22398 - 0x223fc]
Call Stack (depth 8):
  #0  0xff67afe0
[Y]Call Stack:  in syscall (/home/wuhuang/fuzz/qasan/cramfs-root/lib/arm-linux-gnueabi/libc-2.13.so+0xcdfe0)  #1  0xff7b3f6c
[Y]Call Stack:  in __libqasan_malloc /home/wuhuang/fuzz/qasan/libqasan/malloc.c:207  #2  0xff7b4162
[Y]Call Stack:  in __libqasan_calloc /home/wuhuang/fuzz/qasan/libqasan/malloc.c:283  #3  0xff7b30b2
[Y]Call Stack:  in calloc /home/wuhuang/fuzz/qasan/libqasan/hooks.c:80  #4  0x10920
[Y]Call Stack:  in CWE401_Memory_Leak__char_calloc_14_bad (/home/wuhuang/fuzz/qasan/Juliet_memLeak/testcase_test/CWE401_Memory_Leak/CWE401_Memory_Leak__char_calloc_14.out+0x920)  #5  0x10b24
[Y]Call Stack:  in main (/home/wuhuang/fuzz/qasan/Juliet_memLeak/testcase_test/CWE401_Memory_Leak/CWE401_Memory_Leak__char_calloc_14.out+0xb24)  #6  0xff7b2f24
[Y]Call Stack:  in __libc_start_main /home/wuhuang/fuzz/qasan/libqasan/libqasan.c:91  #7  0x10840
[Y]Call Stack:  in _start /home/tcwg-buildslave/workspace/tcwg-make-release/label/tcwg-x86_64-ex40/target/arm-linux-gnueabi/snapshots/eglibc.git~linaro_eglibc-2_19/libc/csu/../ports/sysdeps/arm/start.S:128
using ASAN_GIOVESE
Calling good()...
5
5
Finished good()
Calling bad()...
5
Finished bad()

=== Memory Leak Detected ===
Memory Range: [0x22340 - 0x224d0]
Call Stack (depth 8):
  #0  0xff67afe0
[Y]Call Stack:  in syscall (/home/wuhuang/fuzz/qasan/cramfs-root/lib/arm-linux-gnueabi/libc-2.13.so+0xcdfe0)  #1  0xff7b3f6c
[Y]Call Stack:  in __libqasan_malloc /home/wuhuang/fuzz/qasan/libqasan/malloc.c:207  #2  0xff7b41b0
[Y]Call Stack:  in __libqasan_realloc /home/wuhuang/fuzz/qasan/libqasan/malloc.c:294  #3  0xff7b30d6
[Y]Call Stack:  in realloc /home/wuhuang/fuzz/qasan/libqasan/hooks.c:92  #4  0x10918
[Y]Call Stack:  in CWE401_Memory_Leak__int_realloc_16_bad (/home/wuhuang/fuzz/qasan/Juliet_memLeak/testcase_test/CWE401_Memory_Leak/CWE401_Memory_Leak__int_realloc_16.out+0x918)  #5  0x10a0c
[Y]Call Stack:  in main (/home/wuhuang/fuzz/qasan/Juliet_memLeak/testcase_test/CWE401_Memory_Leak/CWE401_Memory_Leak__int_realloc_16.out+0xa0c)  #6  0xff7b2f24
[Y]Call Stack:  in __libc_start_main /home/wuhuang/fuzz/qasan/libqasan/libqasan.c:91  #7  0x10844
[Y]Call Stack:  in _start /home/tcwg-buildslave/workspace/tcwg-make-release/label/tcwg-x86_64-ex40/target/arm-linux-gnueabi/snapshots/eglibc.git~linaro_eglibc-2_19/libc/csu/../ports/sysdeps/arm/start.S:128
using ASAN_GIOVESE
Calling good()...
A String
A String
Finished good()
Calling bad()...
A String
Finished bad()

=== Memory Leak Detected ===
Memory Range: [0x22218 - 0x2227c]
Call Stack (depth 7):
  #0  0xff67afe0
[Y]Call Stack:  in syscall (/home/wuhuang/fuzz/qasan/cramfs-root/lib/arm-linux-gnueabi/libc-2.13.so+0xcdfe0)  #1  0xff7b3f6c
[Y]Call Stack:  in __libqasan_malloc /home/wuhuang/fuzz/qasan/libqasan/malloc.c:207  #2  0xff7b308e
[Y]Call Stack:  in malloc /home/wuhuang/fuzz/qasan/libqasan/hooks.c:68  #3  0x108e0
[Y]Call Stack:  in CWE401_Memory_Leak__char_malloc_01_bad (/home/wuhuang/fuzz/qasan/Juliet_memLeak/testcase_test/CWE401_Memory_Leak/CWE401_Memory_Leak__char_malloc_01.out+0x8e0)  #4  0x109e8
[Y]Call Stack:  in main (/home/wuhuang/fuzz/qasan/Juliet_memLeak/testcase_test/CWE401_Memory_Leak/CWE401_Memory_Leak__char_malloc_01.out+0x9e8)  #5  0xff7b2f24
[Y]Call Stack:  in __libc_start_main /home/wuhuang/fuzz/qasan/libqasan/libqasan.c:91  #6  0x10810
[Y]Call Stack:  in _start /home/tcwg-buildslave/workspace/tcwg-make-release/label/tcwg-x86_64-ex40/target/arm-linux-gnueabi/snapshots/eglibc.git~linaro_eglibc-2_19/libc/csu/../ports/sysdeps/arm/start.S:128
using ASAN_GIOVESE
Calling good()...
A String
A String
Finished good()
Calling bad()...
A String
Finished bad()

=== Memory Leak Detected ===
Memory Range: [0x22218 - 0x2227c]
Call Stack (depth 8):
  #0  0xff67afe0
[Y]Call Stack:  in syscall (/home/wuhuang/fuzz/qasan/cramfs-root/lib/arm-linux-gnueabi/libc-2.13.so+0xcdfe0)  #1  0xff7b3f6c
[Y]Call Stack:  in __libqasan_malloc /home/wuhuang/fuzz/qasan/libqasan/malloc.c:207  #2  0xff7b4162
[Y]Call Stack:  in __libqasan_calloc /home/wuhuang/fuzz/qasan/libqasan/malloc.c:283  #3  0xff7b30b2
[Y]Call Stack:  in calloc /home/wuhuang/fuzz/qasan/libqasan/hooks.c:80  #4  0x10912
[Y]Call Stack:  in CWE401_Memory_Leak__char_calloc_68_bad (/home/wuhuang/fuzz/qasan/Juliet_memLeak/testcase_test/CWE401_Memory_Leak/CWE401_Memory_Leak__char_calloc_68.out+0x912)  #5  0x10a44
[Y]Call Stack:  in main (/home/wuhuang/fuzz/qasan/Juliet_memLeak/testcase_test/CWE401_Memory_Leak/CWE401_Memory_Leak__char_calloc_68.out+0xa44)  #6  0xff7b2f24
[Y]Call Stack:  in __libc_start_main /home/wuhuang/fuzz/qasan/libqasan/libqasan.c:91  #7  0x10840
[Y]Call Stack:  in _start /home/tcwg-buildslave/workspace/tcwg-make-release/label/tcwg-x86_64-ex40/target/arm-linux-gnueabi/snapshots/eglibc.git~linaro_eglibc-2_19/libc/csu/../ports/sysdeps/arm/start.S:128
using ASAN_GIOVESE
Calling good()...
A String
A String
A String
A String
Finished good()
Calling bad()...
A String
Finished bad()

=== Memory Leak Detected ===
Memory Range: [0x22398 - 0x223fc]
Call Stack (depth 7):
  #0  0xff67afe0
[Y]Call Stack:  in syscall (/home/wuhuang/fuzz/qasan/cramfs-root/lib/arm-linux-gnueabi/libc-2.13.so+0xcdfe0)  #1  0xff7b3f6c
[Y]Call Stack:  in __libqasan_malloc /home/wuhuang/fuzz/qasan/libqasan/malloc.c:207  #2  0xff7b308e
[Y]Call Stack:  in malloc /home/wuhuang/fuzz/qasan/libqasan/hooks.c:68  #3  0x108e6
[Y]Call Stack:  in CWE401_Memory_Leak__char_malloc_06_bad (/home/wuhuang/fuzz/qasan/Juliet_memLeak/testcase_test/CWE401_Memory_Leak/CWE401_Memory_Leak__char_malloc_06.out+0x8e6)  #4  0x10ab4
[Y]Call Stack:  in main (/home/wuhuang/fuzz/qasan/Juliet_memLeak/testcase_test/CWE401_Memory_Leak/CWE401_Memory_Leak__char_malloc_06.out+0xab4)  #5  0xff7b2f24
[Y]Call Stack:  in __libc_start_main /home/wuhuang/fuzz/qasan/libqasan/libqasan.c:91  #6  0x10810
[Y]Call Stack:  in _start /home/tcwg-buildslave/workspace/tcwg-make-release/label/tcwg-x86_64-ex40/target/arm-linux-gnueabi/snapshots/eglibc.git~linaro_eglibc-2_19/libc/csu/../ports/sysdeps/arm/start.S:128
using ASAN_GIOVESE
Calling good()...
A String
A String
A String
A String
Finished good()
Calling bad()...
A String
Finished bad()

=== Memory Leak Detected ===
Memory Range: [0x22398 - 0x223fc]
Call Stack (depth 8):
  #0  0xff67afe0
[Y]Call Stack:  in syscall (/home/wuhuang/fuzz/qasan/cramfs-root/lib/arm-linux-gnueabi/libc-2.13.so+0xcdfe0)  #1  0xff7b3f6c
[Y]Call Stack:  in __libqasan_malloc /home/wuhuang/fuzz/qasan/libqasan/malloc.c:207  #2  0xff7b41b0
[Y]Call Stack:  in __libqasan_realloc /home/wuhuang/fuzz/qasan/libqasan/malloc.c:294  #3  0xff7b30d6
[Y]Call Stack:  in realloc /home/wuhuang/fuzz/qasan/libqasan/hooks.c:92  #4  0x10916
[Y]Call Stack:  in CWE401_Memory_Leak__char_realloc_02_bad (/home/wuhuang/fuzz/qasan/Juliet_memLeak/testcase_test/CWE401_Memory_Leak/CWE401_Memory_Leak__char_realloc_02.out+0x916)  #5  0x10aa4
[Y]Call Stack:  in main (/home/wuhuang/fuzz/qasan/Juliet_memLeak/testcase_test/CWE401_Memory_Leak/CWE401_Memory_Leak__char_realloc_02.out+0xaa4)  #6  0xff7b2f24
[Y]Call Stack:  in __libc_start_main /home/wuhuang/fuzz/qasan/libqasan/libqasan.c:91  #7  0x10844
[Y]Call Stack:  in _start /home/tcwg-buildslave/workspace/tcwg-make-release/label/tcwg-x86_64-ex40/target/arm-linux-gnueabi/snapshots/eglibc.git~linaro_eglibc-2_19/libc/csu/../ports/sysdeps/arm/start.S:128
using ASAN_GIOVESE
Calling good()...
0 -- 0
1 -- 1
Finished good()
Calling bad()...
0 -- 0
1 -- 1
Finished bad()
No memory leak detected.
using ASAN_GIOVESE
Calling good()...
5
10
5
10
Finished good()
Calling bad()...
5
10
Finished bad()
No memory leak detected.
using ASAN_GIOVESE
Calling good()...
A String
A String
A String
A String
Finished good()
Calling bad()...
A String
Finished bad()

=== Memory Leak Detected ===
Memory Range: [0x22398 - 0x223fc]
Call Stack (depth 8):
  #0  0xff67afe0
[Y]Call Stack:  in syscall (/home/wuhuang/fuzz/qasan/cramfs-root/lib/arm-linux-gnueabi/libc-2.13.so+0xcdfe0)  #1  0xff7b3f6c
[Y]Call Stack:  in __libqasan_malloc /home/wuhuang/fuzz/qasan/libqasan/malloc.c:207  #2  0xff7b4162
[Y]Call Stack:  in __libqasan_calloc /home/wuhuang/fuzz/qasan/libqasan/malloc.c:283  #3  0xff7b30b2
[Y]Call Stack:  in calloc /home/wuhuang/fuzz/qasan/libqasan/hooks.c:80  #4  0x10920
[Y]Call Stack:  in CWE401_Memory_Leak__char_calloc_13_bad (/home/wuhuang/fuzz/qasan/Juliet_memLeak/testcase_test/CWE401_Memory_Leak/CWE401_Memory_Leak__char_calloc_13.out+0x920)  #5  0x10b24
[Y]Call Stack:  in main (/home/wuhuang/fuzz/qasan/Juliet_memLeak/testcase_test/CWE401_Memory_Leak/CWE401_Memory_Leak__char_calloc_13.out+0xb24)  #6  0xff7b2f24
[Y]Call Stack:  in __libc_start_main /home/wuhuang/fuzz/qasan/libqasan/libqasan.c:91  #7  0x10840
[Y]Call Stack:  in _start /home/tcwg-buildslave/workspace/tcwg-make-release/label/tcwg-x86_64-ex40/target/arm-linux-gnueabi/snapshots/eglibc.git~linaro_eglibc-2_19/libc/csu/../ports/sysdeps/arm/start.S:128
using ASAN_GIOVESE
Calling good()...
5
5
5
5
Finished good()
Calling bad()...
5
Finished bad()

=== Memory Leak Detected ===
Memory Range: [0x225e8 - 0x22778]
Call Stack (depth 8):
  #0  0xff67afe0
[Y]Call Stack:  in syscall (/home/wuhuang/fuzz/qasan/cramfs-root/lib/arm-linux-gnueabi/libc-2.13.so+0xcdfe0)  #1  0xff7b3f6c
[Y]Call Stack:  in __libqasan_malloc /home/wuhuang/fuzz/qasan/libqasan/malloc.c:207  #2  0xff7b41b0
[Y]Call Stack:  in __libqasan_realloc /home/wuhuang/fuzz/qasan/libqasan/malloc.c:294  #3  0xff7b30d6
[Y]Call Stack:  in realloc /home/wuhuang/fuzz/qasan/libqasan/hooks.c:92  #4  0x10922
[Y]Call Stack:  in CWE401_Memory_Leak__int_realloc_11_bad (/home/wuhuang/fuzz/qasan/Juliet_memLeak/testcase_test/CWE401_Memory_Leak/CWE401_Memory_Leak__int_realloc_11.out+0x922)  #5  0x10ae4
[Y]Call Stack:  in main (/home/wuhuang/fuzz/qasan/Juliet_memLeak/testcase_test/CWE401_Memory_Leak/CWE401_Memory_Leak__int_realloc_11.out+0xae4)  #6  0xff7b2f24
[Y]Call Stack:  in __libc_start_main /home/wuhuang/fuzz/qasan/libqasan/libqasan.c:91  #7  0x10844
[Y]Call Stack:  in _start /home/tcwg-buildslave/workspace/tcwg-make-release/label/tcwg-x86_64-ex40/target/arm-linux-gnueabi/snapshots/eglibc.git~linaro_eglibc-2_19/libc/csu/../ports/sysdeps/arm/start.S:128
using ASAN_GIOVESE
Calling good()...
A String
A String
A String
A String
Finished good()
Calling bad()...
A String
Finished bad()

=== Memory Leak Detected ===
Memory Range: [0x22398 - 0x223fc]
Call Stack (depth 7):
  #0  0xff67afe0
[Y]Call Stack:  in syscall (/home/wuhuang/fuzz/qasan/cramfs-root/lib/arm-linux-gnueabi/libc-2.13.so+0xcdfe0)  #1  0xff7b3f6c
[Y]Call Stack:  in __libqasan_malloc /home/wuhuang/fuzz/qasan/libqasan/malloc.c:207  #2  0xff7b308e
[Y]Call Stack:  in malloc /home/wuhuang/fuzz/qasan/libqasan/hooks.c:68  #3  0x1090a
[Y]Call Stack:  in CWE401_Memory_Leak__char_malloc_08_bad (/home/wuhuang/fuzz/qasan/Juliet_memLeak/testcase_test/CWE401_Memory_Leak/CWE401_Memory_Leak__char_malloc_08.out+0x90a)  #4  0x10afc
[Y]Call Stack:  in main (/home/wuhuang/fuzz/qasan/Juliet_memLeak/testcase_test/CWE401_Memory_Leak/CWE401_Memory_Leak__char_malloc_08.out+0xafc)  #5  0xff7b2f24
[Y]Call Stack:  in __libc_start_main /home/wuhuang/fuzz/qasan/libqasan/libqasan.c:91  #6  0x10810
[Y]Call Stack:  in _start /home/tcwg-buildslave/workspace/tcwg-make-release/label/tcwg-x86_64-ex40/target/arm-linux-gnueabi/snapshots/eglibc.git~linaro_eglibc-2_19/libc/csu/../ports/sysdeps/arm/start.S:128
using ASAN_GIOVESE
Calling good()...
0 -- 0
1 -- 1
0 -- 0
1 -- 1
Finished good()
Calling bad()...
0 -- 0
1 -- 1
Finished bad()
No memory leak detected.
using ASAN_GIOVESE
Calling good()...
A String
A String
Finished good()
Calling bad()...
A String
Finished bad()

=== Memory Leak Detected ===
Memory Range: [0x22218 - 0x2227c]
Call Stack (depth 9):
  #0  0xff67afe0
[Y]Call Stack:  in syscall (/home/wuhuang/fuzz/qasan/cramfs-root/lib/arm-linux-gnueabi/libc-2.13.so+0xcdfe0)  #1  0xff7b3f6c
[Y]Call Stack:  in __libqasan_malloc /home/wuhuang/fuzz/qasan/libqasan/malloc.c:207  #2  0xff7b4162
[Y]Call Stack:  in __libqasan_calloc /home/wuhuang/fuzz/qasan/libqasan/malloc.c:283  #3  0xff7b30b2
[Y]Call Stack:  in calloc /home/wuhuang/fuzz/qasan/libqasan/hooks.c:80  #4  0x109cc
[Y]Call Stack:  in CWE401_Memory_Leak__char_calloc_61b_badSource (/home/wuhuang/fuzz/qasan/Juliet_memLeak/testcase_test/CWE401_Memory_Leak/CWE401_Memory_Leak__char_calloc_61.out+0x9cc)  #5  0x10910
[Y]Call Stack:  in CWE401_Memory_Leak__char_calloc_61_bad (/home/wuhuang/fuzz/qasan/Juliet_memLeak/testcase_test/CWE401_Memory_Leak/CWE401_Memory_Leak__char_calloc_61.out+0x910)  #6  0x109a4
[Y]Call Stack:  in main (/home/wuhuang/fuzz/qasan/Juliet_memLeak/testcase_test/CWE401_Memory_Leak/CWE401_Memory_Leak__char_calloc_61.out+0x9a4)  #7  0xff7b2f24
[Y]Call Stack:  in __libc_start_main /home/wuhuang/fuzz/qasan/libqasan/libqasan.c:91  #8  0x10840
[Y]Call Stack:  in _start /home/tcwg-buildslave/workspace/tcwg-make-release/label/tcwg-x86_64-ex40/target/arm-linux-gnueabi/snapshots/eglibc.git~linaro_eglibc-2_19/libc/csu/../ports/sysdeps/arm/start.S:128
using ASAN_GIOVESE
Calling good()...
5
5
Finished good()
Calling bad()...
5
Finished bad()

=== Memory Leak Detected ===
Memory Range: [0x22340 - 0x224d0]
Call Stack (depth 8):
  #0  0xff67afe0
[Y]Call Stack:  in syscall (/home/wuhuang/fuzz/qasan/cramfs-root/lib/arm-linux-gnueabi/libc-2.13.so+0xcdfe0)  #1  0xff7b3f6c
[Y]Call Stack:  in __libqasan_malloc /home/wuhuang/fuzz/qasan/libqasan/malloc.c:207  #2  0xff7b41b0
[Y]Call Stack:  in __libqasan_realloc /home/wuhuang/fuzz/qasan/libqasan/malloc.c:294  #3  0xff7b30d6
[Y]Call Stack:  in realloc /home/wuhuang/fuzz/qasan/libqasan/hooks.c:92  #4  0x1091a
[Y]Call Stack:  in CWE401_Memory_Leak__int_realloc_63_bad (/home/wuhuang/fuzz/qasan/Juliet_memLeak/testcase_test/CWE401_Memory_Leak/CWE401_Memory_Leak__int_realloc_63.out+0x91a)  #5  0x10a1c
[Y]Call Stack:  in main (/home/wuhuang/fuzz/qasan/Juliet_memLeak/testcase_test/CWE401_Memory_Leak/CWE401_Memory_Leak__int_realloc_63.out+0xa1c)  #6  0xff7b2f24
[Y]Call Stack:  in __libc_start_main /home/wuhuang/fuzz/qasan/libqasan/libqasan.c:91  #7  0x10844
[Y]Call Stack:  in _start /home/tcwg-buildslave/workspace/tcwg-make-release/label/tcwg-x86_64-ex40/target/arm-linux-gnueabi/snapshots/eglibc.git~linaro_eglibc-2_19/libc/csu/../ports/sysdeps/arm/start.S:128
using ASAN_GIOVESE
Calling good()...
5
5
Finished good()
Calling bad()...
5
Finished bad()

=== Memory Leak Detected ===
Memory Range: [0x22340 - 0x224d0]
Call Stack (depth 8):
  #0  0xff67afe0
[Y]Call Stack:  in syscall (/home/wuhuang/fuzz/qasan/cramfs-root/lib/arm-linux-gnueabi/libc-2.13.so+0xcdfe0)  #1  0xff7b3f6c
[Y]Call Stack:  in __libqasan_malloc /home/wuhuang/fuzz/qasan/libqasan/malloc.c:207  #2  0xff7b4162
[Y]Call Stack:  in __libqasan_calloc /home/wuhuang/fuzz/qasan/libqasan/malloc.c:283  #3  0xff7b30b2
[Y]Call Stack:  in calloc /home/wuhuang/fuzz/qasan/libqasan/hooks.c:80  #4  0x10912
[Y]Call Stack:  in CWE401_Memory_Leak__int_calloc_52_bad (/home/wuhuang/fuzz/qasan/Juliet_memLeak/testcase_test/CWE401_Memory_Leak/CWE401_Memory_Leak__int_calloc_52.out+0x912)  #5  0x10a08
[Y]Call Stack:  in main (/home/wuhuang/fuzz/qasan/Juliet_memLeak/testcase_test/CWE401_Memory_Leak/CWE401_Memory_Leak__int_calloc_52.out+0xa08)  #6  0xff7b2f24
[Y]Call Stack:  in __libc_start_main /home/wuhuang/fuzz/qasan/libqasan/libqasan.c:91  #7  0x10840
[Y]Call Stack:  in _start /home/tcwg-buildslave/workspace/tcwg-make-release/label/tcwg-x86_64-ex40/target/arm-linux-gnueabi/snapshots/eglibc.git~linaro_eglibc-2_19/libc/csu/../ports/sysdeps/arm/start.S:128
using ASAN_GIOVESE
Calling good()...
5
5
Finished good()
Calling bad()...
5
Finished bad()

=== Memory Leak Detected ===
Memory Range: [0x22340 - 0x224d0]
Call Stack (depth 9):
  #0  0xff580fe0
[Y]Call Stack:  in syscall (/home/wuhuang/fuzz/qasan/cramfs-root/lib/arm-linux-gnueabi/libc-2.13.so+0xcdfe0)  #1  0xff7b3f6c
[Y]Call Stack:  in __libqasan_malloc /home/wuhuang/fuzz/qasan/libqasan/malloc.c:207  #2  0xff7b4162
[Y]Call Stack:  in __libqasan_calloc /home/wuhuang/fuzz/qasan/libqasan/malloc.c:283  #3  0xff7b30b2
[Y]Call Stack:  in calloc /home/wuhuang/fuzz/qasan/libqasan/hooks.c:80  #4  0x10a90
[Y]Call Stack:  in _ZN33CWE401_Memory_Leak__int_calloc_8337CWE401_Memory_Leak__int_calloc_83_badC1EPi (/home/wuhuang/fuzz/qasan/Juliet_memLeak/testcase_test/CWE401_Memory_Leak/CWE401_Memory_Leak__int_calloc_83.out+0xa90)  #5  0x109b4
[Y]Call Stack:  in _ZN33CWE401_Memory_Leak__int_calloc_833badEv (/home/wuhuang/fuzz/qasan/Juliet_memLeak/testcase_test/CWE401_Memory_Leak/CWE401_Memory_Leak__int_calloc_83.out+0x9b4)  #6  0x10a60
[Y]Call Stack:  in main (/home/wuhuang/fuzz/qasan/Juliet_memLeak/testcase_test/CWE401_Memory_Leak/CWE401_Memory_Leak__int_calloc_83.out+0xa60)  #7  0xff7b2f24
[Y]Call Stack:  in __libc_start_main /home/wuhuang/fuzz/qasan/libqasan/libqasan.c:91  #8  0x108e0
[Y]Call Stack:  in _start /home/tcwg-buildslave/workspace/tcwg-make-release/label/tcwg-x86_64-ex40/target/arm-linux-gnueabi/snapshots/eglibc.git~linaro_eglibc-2_19/libc/csu/../ports/sysdeps/arm/start.S:128
using ASAN_GIOVESE
Calling good()...
A String
A String
Finished good()
Calling bad()...
A String
Finished bad()

=== Memory Leak Detected ===
Memory Range: [0x24058 - 0x240bc]
Call Stack (depth 7):
  #0  0xff580fe0
[Y]Call Stack:  in syscall (/home/wuhuang/fuzz/qasan/cramfs-root/lib/arm-linux-gnueabi/libc-2.13.so+0xcdfe0)  #1  0xff7b3f6c
[Y]Call Stack:  in __libqasan_malloc /home/wuhuang/fuzz/qasan/libqasan/malloc.c:207  #2  0xff7b308e
[Y]Call Stack:  in malloc /home/wuhuang/fuzz/qasan/libqasan/hooks.c:68  #3  0x10d0e
[Y]Call Stack:  in _ZN34CWE401_Memory_Leak__char_malloc_743badEv (/home/wuhuang/fuzz/qasan/Juliet_memLeak/testcase_test/CWE401_Memory_Leak/CWE401_Memory_Leak__char_malloc_74.out+0xd0e)  #4  0x10fd0
[Y]Call Stack:  in main (/home/wuhuang/fuzz/qasan/Juliet_memLeak/testcase_test/CWE401_Memory_Leak/CWE401_Memory_Leak__char_malloc_74.out+0xfd0)  #5  0xff7b2f24
[Y]Call Stack:  in __libc_start_main /home/wuhuang/fuzz/qasan/libqasan/libqasan.c:91  #6  0x10c34
[Y]Call Stack:  in _start /home/tcwg-buildslave/workspace/tcwg-make-release/label/tcwg-x86_64-ex40/target/arm-linux-gnueabi/snapshots/eglibc.git~linaro_eglibc-2_19/libc/csu/../ports/sysdeps/arm/start.S:128
using ASAN_GIOVESE
Calling good()...
A String
New String
Finished good()
Calling bad()...
A String
New String
Finished bad()
No memory leak detected.
using ASAN_GIOVESE
Calling good()...
A String
A String
A String
A String
Finished good()
Calling bad()...
A String
Finished bad()

=== Memory Leak Detected ===
Memory Range: [0x22398 - 0x223fc]
Call Stack (depth 7):
  #0  0xff580fe0
[Y]Call Stack:  in syscall (/home/wuhuang/fuzz/qasan/cramfs-root/lib/arm-linux-gnueabi/libc-2.13.so+0xcdfe0)  #1  0xff7b3f6c
[Y]Call Stack:  in __libqasan_malloc /home/wuhuang/fuzz/qasan/libqasan/malloc.c:207  #2  0xff7b308e
[Y]Call Stack:  in malloc /home/wuhuang/fuzz/qasan/libqasan/hooks.c:68  #3  0x109e4
[Y]Call Stack:  in _ZN37CWE401_Memory_Leak__new_array_char_033badEv (/home/wuhuang/fuzz/qasan/Juliet_memLeak/testcase_test/CWE401_Memory_Leak/CWE401_Memory_Leak__new_array_char_03.out+0x9e4)  #4  0x10b44
[Y]Call Stack:  in main (/home/wuhuang/fuzz/qasan/Juliet_memLeak/testcase_test/CWE401_Memory_Leak/CWE401_Memory_Leak__new_array_char_03.out+0xb44)  #5  0xff7b2f24
[Y]Call Stack:  in __libc_start_main /home/wuhuang/fuzz/qasan/libqasan/libqasan.c:91  #6  0x10914
[Y]Call Stack:  in _start /home/tcwg-buildslave/workspace/tcwg-make-release/label/tcwg-x86_64-ex40/target/arm-linux-gnueabi/snapshots/eglibc.git~linaro_eglibc-2_19/libc/csu/../ports/sysdeps/arm/start.S:128
using ASAN_GIOVESE
Calling good()...
0 -- 0
1 -- 1
0 -- 0
1 -- 1
Finished good()
Calling bad()...
0 -- 0
1 -- 1
Finished bad()
No memory leak detected.
using ASAN_GIOVESE
Calling good()...
A String
A String
Finished good()
Calling bad()...
A String
Finished bad()

=== Memory Leak Detected ===
Memory Range: [0x22ff8 - 0x2305c]
Call Stack (depth 7):
  #0  0xff580fe0
[Y]Call Stack:  in syscall (/home/wuhuang/fuzz/qasan/cramfs-root/lib/arm-linux-gnueabi/libc-2.13.so+0xcdfe0)  #1  0xff7b3f6c
[Y]Call Stack:  in __libqasan_malloc /home/wuhuang/fuzz/qasan/libqasan/malloc.c:207  #2  0xff7b308e
[Y]Call Stack:  in malloc /home/wuhuang/fuzz/qasan/libqasan/hooks.c:68  #3  0x10b66
[Y]Call Stack:  in _ZN34CWE401_Memory_Leak__char_malloc_733badEv (/home/wuhuang/fuzz/qasan/Juliet_memLeak/testcase_test/CWE401_Memory_Leak/CWE401_Memory_Leak__char_malloc_73.out+0xb66)  #4  0x10dd4
[Y]Call Stack:  in main (/home/wuhuang/fuzz/qasan/Juliet_memLeak/testcase_test/CWE401_Memory_Leak/CWE401_Memory_Leak__char_malloc_73.out+0xdd4)  #5  0xff7b2f24
[Y]Call Stack:  in __libc_start_main /home/wuhuang/fuzz/qasan/libqasan/libqasan.c:91  #6  0x10a8c
[Y]Call Stack:  in _start /home/tcwg-buildslave/workspace/tcwg-make-release/label/tcwg-x86_64-ex40/target/arm-linux-gnueabi/snapshots/eglibc.git~linaro_eglibc-2_19/libc/csu/../ports/sysdeps/arm/start.S:128
using ASAN_GIOVESE
Calling good()...
5
5
Finished good()
Calling bad()...
5
Finished bad()

=== Memory Leak Detected ===
Memory Range: [0x226a0 - 0x22830]
Call Stack (depth 9):
  #0  0xff580fe0
[Y]Call Stack:  in syscall (/home/wuhuang/fuzz/qasan/cramfs-root/lib/arm-linux-gnueabi/libc-2.13.so+0xcdfe0)  #1  0xff7b3f6c
[Y]Call Stack:  in __libqasan_malloc /home/wuhuang/fuzz/qasan/libqasan/malloc.c:207  #2  0xff7b4162
[Y]Call Stack:  in __libqasan_calloc /home/wuhuang/fuzz/qasan/libqasan/malloc.c:283  #3  0xff7b30b2
[Y]Call Stack:  in calloc /home/wuhuang/fuzz/qasan/libqasan/hooks.c:80  #4  0x10c08
[Y]Call Stack:  in _ZN33CWE401_Memory_Leak__int_calloc_8437CWE401_Memory_Leak__int_calloc_84_badC2EPi (/home/wuhuang/fuzz/qasan/Juliet_memLeak/testcase_test/CWE401_Memory_Leak/CWE401_Memory_Leak__int_calloc_84.out+0xc08)  #5  0x10ade
[Y]Call Stack:  in _ZN33CWE401_Memory_Leak__int_calloc_843badEv (/home/wuhuang/fuzz/qasan/Juliet_memLeak/testcase_test/CWE401_Memory_Leak/CWE401_Memory_Leak__int_calloc_84.out+0xade)  #6  0x10bd8
[Y]Call Stack:  in main (/home/wuhuang/fuzz/qasan/Juliet_memLeak/testcase_test/CWE401_Memory_Leak/CWE401_Memory_Leak__int_calloc_84.out+0xbd8)  #7  0xff7b2f24
[Y]Call Stack:  in __libc_start_main /home/wuhuang/fuzz/qasan/libqasan/libqasan.c:91  #8  0x10a04
[Y]Call Stack:  in _start /home/tcwg-buildslave/workspace/tcwg-make-release/label/tcwg-x86_64-ex40/target/arm-linux-gnueabi/snapshots/eglibc.git~linaro_eglibc-2_19/libc/csu/../ports/sysdeps/arm/start.S:128
using ASAN_GIOVESE
Calling good()...
A String
New String
A String
New String
Finished good()
Calling bad()...
A String
New String
Finished bad()
No memory leak detected.
using ASAN_GIOVESE
Calling good()...
5
5
Finished good()
Calling bad()...
5
Finished bad()

=== Memory Leak Detected ===
Memory Range: [0x22340 - 0x224d0]
Call Stack (depth 8):
  #0  0xff67afe0
[Y]Call Stack:  in syscall (/home/wuhuang/fuzz/qasan/cramfs-root/lib/arm-linux-gnueabi/libc-2.13.so+0xcdfe0)  #1  0xff7b3f6c
[Y]Call Stack:  in __libqasan_malloc /home/wuhuang/fuzz/qasan/libqasan/malloc.c:207  #2  0xff7b41b0
[Y]Call Stack:  in __libqasan_realloc /home/wuhuang/fuzz/qasan/libqasan/malloc.c:294  #3  0xff7b30d6
[Y]Call Stack:  in realloc /home/wuhuang/fuzz/qasan/libqasan/hooks.c:92  #4  0x1091a
[Y]Call Stack:  in CWE401_Memory_Leak__int_realloc_18_bad (/home/wuhuang/fuzz/qasan/Juliet_memLeak/testcase_test/CWE401_Memory_Leak/CWE401_Memory_Leak__int_realloc_18.out+0x91a)  #5  0x10a0c
[Y]Call Stack:  in main (/home/wuhuang/fuzz/qasan/Juliet_memLeak/testcase_test/CWE401_Memory_Leak/CWE401_Memory_Leak__int_realloc_18.out+0xa0c)  #6  0xff7b2f24
[Y]Call Stack:  in __libc_start_main /home/wuhuang/fuzz/qasan/libqasan/libqasan.c:91  #7  0x10844
[Y]Call Stack:  in _start /home/tcwg-buildslave/workspace/tcwg-make-release/label/tcwg-x86_64-ex40/target/arm-linux-gnueabi/snapshots/eglibc.git~linaro_eglibc-2_19/libc/csu/../ports/sysdeps/arm/start.S:128
using ASAN_GIOVESE
Calling good()...
A String
A String
A String
A String
Finished good()
Calling bad()...
A String
Finished bad()

=== Memory Leak Detected ===
Memory Range: [0x22398 - 0x223fc]
Call Stack (depth 7):
  #0  0xff580fe0
[Y]Call Stack:  in syscall (/home/wuhuang/fuzz/qasan/cramfs-root/lib/arm-linux-gnueabi/libc-2.13.so+0xcdfe0)  #1  0xff7b3f6c
[Y]Call Stack:  in __libqasan_malloc /home/wuhuang/fuzz/qasan/libqasan/malloc.c:207  #2  0xff7b308e
[Y]Call Stack:  in malloc /home/wuhuang/fuzz/qasan/libqasan/hooks.c:68  #3  0x109e4
[Y]Call Stack:  in _ZN37CWE401_Memory_Leak__new_array_char_043badEv (/home/wuhuang/fuzz/qasan/Juliet_memLeak/testcase_test/CWE401_Memory_Leak/CWE401_Memory_Leak__new_array_char_04.out+0x9e4)  #4  0x10b44
[Y]Call Stack:  in main (/home/wuhuang/fuzz/qasan/Juliet_memLeak/testcase_test/CWE401_Memory_Leak/CWE401_Memory_Leak__new_array_char_04.out+0xb44)  #5  0xff7b2f24
[Y]Call Stack:  in __libc_start_main /home/wuhuang/fuzz/qasan/libqasan/libqasan.c:91  #6  0x10914
[Y]Call Stack:  in _start /home/tcwg-buildslave/workspace/tcwg-make-release/label/tcwg-x86_64-ex40/target/arm-linux-gnueabi/snapshots/eglibc.git~linaro_eglibc-2_19/libc/csu/../ports/sysdeps/arm/start.S:128
using ASAN_GIOVESE
Calling good()...
0 -- 0
1 -- 1
0 -- 0
1 -- 1
Finished good()
Calling bad()...
0 -- 0
1 -- 1
Finished bad()
No memory leak detected.
using ASAN_GIOVESE
Calling good()...
A String
A String
Finished good()
Calling bad()...
A String
Finished bad()

=== Memory Leak Detected ===
Memory Range: [0x22218 - 0x2227c]
Call Stack (depth 8):
  #0  0xff67afe0
[Y]Call Stack:  in syscall (/home/wuhuang/fuzz/qasan/cramfs-root/lib/arm-linux-gnueabi/libc-2.13.so+0xcdfe0)  #1  0xff7b3f6c
[Y]Call Stack:  in __libqasan_malloc /home/wuhuang/fuzz/qasan/libqasan/malloc.c:207  #2  0xff7b4162
[Y]Call Stack:  in __libqasan_calloc /home/wuhuang/fuzz/qasan/libqasan/malloc.c:283  #3  0xff7b30b2
[Y]Call Stack:  in calloc /home/wuhuang/fuzz/qasan/libqasan/hooks.c:80  #4  0x10912
[Y]Call Stack:  in CWE401_Memory_Leak__char_calloc_66_bad (/home/wuhuang/fuzz/qasan/Juliet_memLeak/testcase_test/CWE401_Memory_Leak/CWE401_Memory_Leak__char_calloc_66.out+0x912)  #5  0x10a38
[Y]Call Stack:  in main (/home/wuhuang/fuzz/qasan/Juliet_memLeak/testcase_test/CWE401_Memory_Leak/CWE401_Memory_Leak__char_calloc_66.out+0xa38)  #6  0xff7b2f24
[Y]Call Stack:  in __libc_start_main /home/wuhuang/fuzz/qasan/libqasan/libqasan.c:91  #7  0x10840
[Y]Call Stack:  in _start /home/tcwg-buildslave/workspace/tcwg-make-release/label/tcwg-x86_64-ex40/target/arm-linux-gnueabi/snapshots/eglibc.git~linaro_eglibc-2_19/libc/csu/../ports/sysdeps/arm/start.S:128
using ASAN_GIOVESE
Calling good()...
5
5
Finished good()
Calling bad()...
5
Finished bad()

=== Memory Leak Detected ===
Memory Range: [0x22340 - 0x224d0]
Call Stack (depth 8):
  #0  0xff67afe0
[Y]Call Stack:  in syscall (/home/wuhuang/fuzz/qasan/cramfs-root/lib/arm-linux-gnueabi/libc-2.13.so+0xcdfe0)  #1  0xff7b3f6c
[Y]Call Stack:  in __libqasan_malloc /home/wuhuang/fuzz/qasan/libqasan/malloc.c:207  #2  0xff7b41b0
[Y]Call Stack:  in __libqasan_realloc /home/wuhuang/fuzz/qasan/libqasan/malloc.c:294  #3  0xff7b30d6
[Y]Call Stack:  in realloc /home/wuhuang/fuzz/qasan/libqasan/hooks.c:92  #4  0x1091a
[Y]Call Stack:  in CWE401_Memory_Leak__int_realloc_64_bad (/home/wuhuang/fuzz/qasan/Juliet_memLeak/testcase_test/CWE401_Memory_Leak/CWE401_Memory_Leak__int_realloc_64.out+0x91a)  #5  0x10a1c
[Y]Call Stack:  in main (/home/wuhuang/fuzz/qasan/Juliet_memLeak/testcase_test/CWE401_Memory_Leak/CWE401_Memory_Leak__int_realloc_64.out+0xa1c)  #6  0xff7b2f24
[Y]Call Stack:  in __libc_start_main /home/wuhuang/fuzz/qasan/libqasan/libqasan.c:91  #7  0x10844
[Y]Call Stack:  in _start /home/tcwg-buildslave/workspace/tcwg-make-release/label/tcwg-x86_64-ex40/target/arm-linux-gnueabi/snapshots/eglibc.git~linaro_eglibc-2_19/libc/csu/../ports/sysdeps/arm/start.S:128
using ASAN_GIOVESE
Calling good()...
A String
A String
Finished good()
Calling bad()...
A String
Finished bad()

=== Memory Leak Detected ===
Memory Range: [0x22218 - 0x2227c]
Call Stack (depth 7):
  #0  0xff580fe0
[Y]Call Stack:  in syscall (/home/wuhuang/fuzz/qasan/cramfs-root/lib/arm-linux-gnueabi/libc-2.13.so+0xcdfe0)  #1  0xff7b3f6c
[Y]Call Stack:  in __libqasan_malloc /home/wuhuang/fuzz/qasan/libqasan/malloc.c:207  #2  0xff7b308e
[Y]Call Stack:  in malloc /home/wuhuang/fuzz/qasan/libqasan/hooks.c:68  #3  0x109e4
[Y]Call Stack:  in _ZN37CWE401_Memory_Leak__new_array_char_313badEv (/home/wuhuang/fuzz/qasan/Juliet_memLeak/testcase_test/CWE401_Memory_Leak/CWE401_Memory_Leak__new_array_char_31.out+0x9e4)  #4  0x10ae4
[Y]Call Stack:  in main (/home/wuhuang/fuzz/qasan/Juliet_memLeak/testcase_test/CWE401_Memory_Leak/CWE401_Memory_Leak__new_array_char_31.out+0xae4)  #5  0xff7b2f24
[Y]Call Stack:  in __libc_start_main /home/wuhuang/fuzz/qasan/libqasan/libqasan.c:91  #6  0x10914
[Y]Call Stack:  in _start /home/tcwg-buildslave/workspace/tcwg-make-release/label/tcwg-x86_64-ex40/target/arm-linux-gnueabi/snapshots/eglibc.git~linaro_eglibc-2_19/libc/csu/../ports/sysdeps/arm/start.S:128
using ASAN_GIOVESE
Calling good()...
5
5
5
5
Finished good()
Calling bad()...
5
Finished bad()

=== Memory Leak Detected ===
Memory Range: [0x225e8 - 0x22778]
Call Stack (depth 7):
  #0  0xff67afe0
[Y]Call Stack:  in syscall (/home/wuhuang/fuzz/qasan/cramfs-root/lib/arm-linux-gnueabi/libc-2.13.so+0xcdfe0)  #1  0xff7b3f6c
[Y]Call Stack:  in __libqasan_malloc /home/wuhuang/fuzz/qasan/libqasan/malloc.c:207  #2  0xff7b308e
[Y]Call Stack:  in malloc /home/wuhuang/fuzz/qasan/libqasan/hooks.c:68  #3  0x108f0
[Y]Call Stack:  in CWE401_Memory_Leak__int_malloc_09_bad (/home/wuhuang/fuzz/qasan/Juliet_memLeak/testcase_test/CWE401_Memory_Leak/CWE401_Memory_Leak__int_malloc_09.out+0x8f0)  #4  0x10ac0
[Y]Call Stack:  in main (/home/wuhuang/fuzz/qasan/Juliet_memLeak/testcase_test/CWE401_Memory_Leak/CWE401_Memory_Leak__int_malloc_09.out+0xac0)  #5  0xff7b2f24
[Y]Call Stack:  in __libc_start_main /home/wuhuang/fuzz/qasan/libqasan/libqasan.c:91  #6  0x10810
[Y]Call Stack:  in _start /home/tcwg-buildslave/workspace/tcwg-make-release/label/tcwg-x86_64-ex40/target/arm-linux-gnueabi/snapshots/eglibc.git~linaro_eglibc-2_19/libc/csu/../ports/sysdeps/arm/start.S:128
using ASAN_GIOVESE
Calling good()...
5
10
5
10
Finished good()
Calling bad()...
5
10
Finished bad()
No memory leak detected.
using ASAN_GIOVESE
Calling good()...
A String
A String
Finished good()
Calling bad()...
A String
Finished bad()

=== Memory Leak Detected ===
Memory Range: [0x22218 - 0x2227c]
Call Stack (depth 9):
  #0  0xff67afe0
[Y]Call Stack:  in syscall (/home/wuhuang/fuzz/qasan/cramfs-root/lib/arm-linux-gnueabi/libc-2.13.so+0xcdfe0)  #1  0xff7b3f6c
[Y]Call Stack:  in __libqasan_malloc /home/wuhuang/fuzz/qasan/libqasan/malloc.c:207  #2  0xff7b41b0
[Y]Call Stack:  in __libqasan_realloc /home/wuhuang/fuzz/qasan/libqasan/malloc.c:294  #3  0xff7b30d6
[Y]Call Stack:  in realloc /home/wuhuang/fuzz/qasan/libqasan/hooks.c:92  #4  0x10914
[Y]Call Stack:  in badSource CWE401_Memory_Leak__char_realloc_42.c:?  #5  0x10958
[Y]Call Stack:  in CWE401_Memory_Leak__char_realloc_42_bad (/home/wuhuang/fuzz/qasan/Juliet_memLeak/testcase_test/CWE401_Memory_Leak/CWE401_Memory_Leak__char_realloc_42.out+0x958)  #6  0x10a68
[Y]Call Stack:  in main (/home/wuhuang/fuzz/qasan/Juliet_memLeak/testcase_test/CWE401_Memory_Leak/CWE401_Memory_Leak__char_realloc_42.out+0xa68)  #7  0xff7b2f24
[Y]Call Stack:  in __libc_start_main /home/wuhuang/fuzz/qasan/libqasan/libqasan.c:91  #8  0x10844
[Y]Call Stack:  in _start /home/tcwg-buildslave/workspace/tcwg-make-release/label/tcwg-x86_64-ex40/target/arm-linux-gnueabi/snapshots/eglibc.git~linaro_eglibc-2_19/libc/csu/../ports/sysdeps/arm/start.S:128
using ASAN_GIOVESE
Calling good()...
5
5
Finished good()
Calling bad()...
5
Finished bad()

=== Memory Leak Detected ===
Memory Range: [0x22340 - 0x224d0]
Call Stack (depth 8):
  #0  0xff67afe0
[Y]Call Stack:  in syscall (/home/wuhuang/fuzz/qasan/cramfs-root/lib/arm-linux-gnueabi/libc-2.13.so+0xcdfe0)  #1  0xff7b3f6c
[Y]Call Stack:  in __libqasan_malloc /home/wuhuang/fuzz/qasan/libqasan/malloc.c:207  #2  0xff7b41b0
[Y]Call Stack:  in __libqasan_realloc /home/wuhuang/fuzz/qasan/libqasan/malloc.c:294  #3  0xff7b30d6
[Y]Call Stack:  in realloc /home/wuhuang/fuzz/qasan/libqasan/hooks.c:92  #4  0x10918
[Y]Call Stack:  in CWE401_Memory_Leak__int_realloc_51_bad (/home/wuhuang/fuzz/qasan/Juliet_memLeak/testcase_test/CWE401_Memory_Leak/CWE401_Memory_Leak__int_realloc_51.out+0x918)  #5  0x10a0c
[Y]Call Stack:  in main (/home/wuhuang/fuzz/qasan/Juliet_memLeak/testcase_test/CWE401_Memory_Leak/CWE401_Memory_Leak__int_realloc_51.out+0xa0c)  #6  0xff7b2f24
[Y]Call Stack:  in __libc_start_main /home/wuhuang/fuzz/qasan/libqasan/libqasan.c:91  #7  0x10844
[Y]Call Stack:  in _start /home/tcwg-buildslave/workspace/tcwg-make-release/label/tcwg-x86_64-ex40/target/arm-linux-gnueabi/snapshots/eglibc.git~linaro_eglibc-2_19/libc/csu/../ports/sysdeps/arm/start.S:128
using ASAN_GIOVESE
Calling good()...
A String
A String
Finished good()
Calling bad()...
A String
Finished bad()

=== Memory Leak Detected ===
Memory Range: [0x22218 - 0x2227c]
Call Stack (depth 8):
  #0  0xff67afe0
[Y]Call Stack:  in syscall (/home/wuhuang/fuzz/qasan/cramfs-root/lib/arm-linux-gnueabi/libc-2.13.so+0xcdfe0)  #1  0xff7b3f6c
[Y]Call Stack:  in __libqasan_malloc /home/wuhuang/fuzz/qasan/libqasan/malloc.c:207  #2  0xff7b4162
[Y]Call Stack:  in __libqasan_calloc /home/wuhuang/fuzz/qasan/libqasan/malloc.c:283  #3  0xff7b30b2
[Y]Call Stack:  in calloc /home/wuhuang/fuzz/qasan/libqasan/hooks.c:80  #4  0x10912
[Y]Call Stack:  in CWE401_Memory_Leak__char_calloc_53_bad (/home/wuhuang/fuzz/qasan/Juliet_memLeak/testcase_test/CWE401_Memory_Leak/CWE401_Memory_Leak__char_calloc_53.out+0x912)  #5  0x10a28
[Y]Call Stack:  in main (/home/wuhuang/fuzz/qasan/Juliet_memLeak/testcase_test/CWE401_Memory_Leak/CWE401_Memory_Leak__char_calloc_53.out+0xa28)  #6  0xff7b2f24
[Y]Call Stack:  in __libc_start_main /home/wuhuang/fuzz/qasan/libqasan/libqasan.c:91  #7  0x10840
[Y]Call Stack:  in _start /home/tcwg-buildslave/workspace/tcwg-make-release/label/tcwg-x86_64-ex40/target/arm-linux-gnueabi/snapshots/eglibc.git~linaro_eglibc-2_19/libc/csu/../ports/sysdeps/arm/start.S:128
using ASAN_GIOVESE
Calling good()...
A String
A String
Finished good()
Calling bad()...
A String
Finished bad()

=== Memory Leak Detected ===
Memory Range: [0x22458 - 0x224bc]
Call Stack (depth 8):
  #0  0xff580fe0
[Y]Call Stack:  in syscall (/home/wuhuang/fuzz/qasan/cramfs-root/lib/arm-linux-gnueabi/libc-2.13.so+0xcdfe0)  #1  0xff7b3f6c
[Y]Call Stack:  in __libqasan_malloc /home/wuhuang/fuzz/qasan/libqasan/malloc.c:207  #2  0xff7b4162
[Y]Call Stack:  in __libqasan_calloc /home/wuhuang/fuzz/qasan/libqasan/malloc.c:283  #3  0xff7b30b2
[Y]Call Stack:  in calloc /home/wuhuang/fuzz/qasan/libqasan/hooks.c:80  #4  0x10b22
[Y]Call Stack:  in _ZN34CWE401_Memory_Leak__char_calloc_823badEv (/home/wuhuang/fuzz/qasan/Juliet_memLeak/testcase_test/CWE401_Memory_Leak/CWE401_Memory_Leak__char_calloc_82.out+0xb22)  #5  0x10c98
[Y]Call Stack:  in main (/home/wuhuang/fuzz/qasan/Juliet_memLeak/testcase_test/CWE401_Memory_Leak/CWE401_Memory_Leak__char_calloc_82.out+0xc98)  #6  0xff7b2f24
[Y]Call Stack:  in __libc_start_main /home/wuhuang/fuzz/qasan/libqasan/libqasan.c:91  #7  0x10a50
[Y]Call Stack:  in _start /home/tcwg-buildslave/workspace/tcwg-make-release/label/tcwg-x86_64-ex40/target/arm-linux-gnueabi/snapshots/eglibc.git~linaro_eglibc-2_19/libc/csu/../ports/sysdeps/arm/start.S:128
using ASAN_GIOVESE
Calling good()...
A String
A String
Finished good()
Calling bad()...
A String
Finished bad()

=== Memory Leak Detected ===
Memory Range: [0x22218 - 0x2227c]
Call Stack (depth 8):
  #0  0xff67afe0
[Y]Call Stack:  in syscall (/home/wuhuang/fuzz/qasan/cramfs-root/lib/arm-linux-gnueabi/libc-2.13.so+0xcdfe0)  #1  0xff7b3f6c
[Y]Call Stack:  in __libqasan_malloc /home/wuhuang/fuzz/qasan/libqasan/malloc.c:207  #2  0xff7b41b0
[Y]Call Stack:  in __libqasan_realloc /home/wuhuang/fuzz/qasan/libqasan/malloc.c:294  #3  0xff7b30d6
[Y]Call Stack:  in realloc /home/wuhuang/fuzz/qasan/libqasan/hooks.c:92  #4  0x10932
[Y]Call Stack:  in CWE401_Memory_Leak__char_realloc_45_bad (/home/wuhuang/fuzz/qasan/Juliet_memLeak/testcase_test/CWE401_Memory_Leak/CWE401_Memory_Leak__char_realloc_45.out+0x932)  #5  0x10aa0
[Y]Call Stack:  in main (/home/wuhuang/fuzz/qasan/Juliet_memLeak/testcase_test/CWE401_Memory_Leak/CWE401_Memory_Leak__char_realloc_45.out+0xaa0)  #6  0xff7b2f24
[Y]Call Stack:  in __libc_start_main /home/wuhuang/fuzz/qasan/libqasan/libqasan.c:91  #7  0x10844
[Y]Call Stack:  in _start /home/tcwg-buildslave/workspace/tcwg-make-release/label/tcwg-x86_64-ex40/target/arm-linux-gnueabi/snapshots/eglibc.git~linaro_eglibc-2_19/libc/csu/../ports/sysdeps/arm/start.S:128
using ASAN_GIOVESE
Calling good()...
A String
A String
Finished good()
Calling bad()...
A String
Finished bad()

=== Memory Leak Detected ===
Memory Range: [0x22218 - 0x2227c]
Call Stack (depth 8):
  #0  0xff67afe0
[Y]Call Stack:  in syscall (/home/wuhuang/fuzz/qasan/cramfs-root/lib/arm-linux-gnueabi/libc-2.13.so+0xcdfe0)  #1  0xff7b3f6c
[Y]Call Stack:  in __libqasan_malloc /home/wuhuang/fuzz/qasan/libqasan/malloc.c:207  #2  0xff7b4162
[Y]Call Stack:  in __libqasan_calloc /home/wuhuang/fuzz/qasan/libqasan/malloc.c:283  #3  0xff7b30b2
[Y]Call Stack:  in calloc /home/wuhuang/fuzz/qasan/libqasan/hooks.c:80  #4  0x10912
[Y]Call Stack:  in CWE401_Memory_Leak__char_calloc_54_bad (/home/wuhuang/fuzz/qasan/Juliet_memLeak/testcase_test/CWE401_Memory_Leak/CWE401_Memory_Leak__char_calloc_54.out+0x912)  #5  0x10a28
[Y]Call Stack:  in main (/home/wuhuang/fuzz/qasan/Juliet_memLeak/testcase_test/CWE401_Memory_Leak/CWE401_Memory_Leak__char_calloc_54.out+0xa28)  #6  0xff7b2f24
[Y]Call Stack:  in __libc_start_main /home/wuhuang/fuzz/qasan/libqasan/libqasan.c:91  #7  0x10840
[Y]Call Stack:  in _start /home/tcwg-buildslave/workspace/tcwg-make-release/label/tcwg-x86_64-ex40/target/arm-linux-gnueabi/snapshots/eglibc.git~linaro_eglibc-2_19/libc/csu/../ports/sysdeps/arm/start.S:128
using ASAN_GIOVESE
Calling good()...
5
5
Finished good()
Calling bad()...
5
Finished bad()

=== Memory Leak Detected ===
Memory Range: [0x23c60 - 0x23df0]
Call Stack (depth 7):
  #0  0xff580fe0
[Y]Call Stack:  in syscall (/home/wuhuang/fuzz/qasan/cramfs-root/lib/arm-linux-gnueabi/libc-2.13.so+0xcdfe0)  #1  0xff7b3f6c
[Y]Call Stack:  in __libqasan_malloc /home/wuhuang/fuzz/qasan/libqasan/malloc.c:207  #2  0xff7b308e
[Y]Call Stack:  in malloc /home/wuhuang/fuzz/qasan/libqasan/hooks.c:68  #3  0x10c68
[Y]Call Stack:  in _ZN33CWE401_Memory_Leak__int_malloc_723badEv (/home/wuhuang/fuzz/qasan/Juliet_memLeak/testcase_test/CWE401_Memory_Leak/CWE401_Memory_Leak__int_malloc_72.out+0xc68)  #4  0x10f00
[Y]Call Stack:  in main (/home/wuhuang/fuzz/qasan/Juliet_memLeak/testcase_test/CWE401_Memory_Leak/CWE401_Memory_Leak__int_malloc_72.out+0xf00)  #5  0xff7b2f24
[Y]Call Stack:  in __libc_start_main /home/wuhuang/fuzz/qasan/libqasan/libqasan.c:91  #6  0x10b8c
[Y]Call Stack:  in _start /home/tcwg-buildslave/workspace/tcwg-make-release/label/tcwg-x86_64-ex40/target/arm-linux-gnueabi/snapshots/eglibc.git~linaro_eglibc-2_19/libc/csu/../ports/sysdeps/arm/start.S:128
using ASAN_GIOVESE
Calling good()...
A String
A String
Finished good()
Calling bad()...
A String
Finished bad()

=== Memory Leak Detected ===
Memory Range: [0x22218 - 0x2227c]
Call Stack (depth 7):
  #0  0xff67afe0
[Y]Call Stack:  in syscall (/home/wuhuang/fuzz/qasan/cramfs-root/lib/arm-linux-gnueabi/libc-2.13.so+0xcdfe0)  #1  0xff7b3f6c
[Y]Call Stack:  in __libqasan_malloc /home/wuhuang/fuzz/qasan/libqasan/malloc.c:207  #2  0xff7b308e
[Y]Call Stack:  in malloc /home/wuhuang/fuzz/qasan/libqasan/hooks.c:68  #3  0x108f4
[Y]Call Stack:  in CWE401_Memory_Leak__char_malloc_41_bad (/home/wuhuang/fuzz/qasan/Juliet_memLeak/testcase_test/CWE401_Memory_Leak/CWE401_Memory_Leak__char_malloc_41.out+0x8f4)  #4  0x10a2c
[Y]Call Stack:  in main (/home/wuhuang/fuzz/qasan/Juliet_memLeak/testcase_test/CWE401_Memory_Leak/CWE401_Memory_Leak__char_malloc_41.out+0xa2c)  #5  0xff7b2f24
[Y]Call Stack:  in __libc_start_main /home/wuhuang/fuzz/qasan/libqasan/libqasan.c:91  #6  0x10810
[Y]Call Stack:  in _start /home/tcwg-buildslave/workspace/tcwg-make-release/label/tcwg-x86_64-ex40/target/arm-linux-gnueabi/snapshots/eglibc.git~linaro_eglibc-2_19/libc/csu/../ports/sysdeps/arm/start.S:128
using ASAN_GIOVESE
Calling good()...
5
5
Finished good()
Calling bad()...
5
Finished bad()

=== Memory Leak Detected ===
Memory Range: [0x22340 - 0x224d0]
Call Stack (depth 8):
  #0  0xff67afe0
[Y]Call Stack:  in syscall (/home/wuhuang/fuzz/qasan/cramfs-root/lib/arm-linux-gnueabi/libc-2.13.so+0xcdfe0)  #1  0xff7b3f6c
[Y]Call Stack:  in __libqasan_malloc /home/wuhuang/fuzz/qasan/libqasan/malloc.c:207  #2  0xff7b4162
[Y]Call Stack:  in __libqasan_calloc /home/wuhuang/fuzz/qasan/libqasan/malloc.c:283  #3  0xff7b30b2
[Y]Call Stack:  in calloc /home/wuhuang/fuzz/qasan/libqasan/hooks.c:80  #4  0x10912
[Y]Call Stack:  in CWE401_Memory_Leak__int_calloc_67_bad (/home/wuhuang/fuzz/qasan/Juliet_memLeak/testcase_test/CWE401_Memory_Leak/CWE401_Memory_Leak__int_calloc_67.out+0x912)  #5  0x10a14
[Y]Call Stack:  in main (/home/wuhuang/fuzz/qasan/Juliet_memLeak/testcase_test/CWE401_Memory_Leak/CWE401_Memory_Leak__int_calloc_67.out+0xa14)  #6  0xff7b2f24
[Y]Call Stack:  in __libc_start_main /home/wuhuang/fuzz/qasan/libqasan/libqasan.c:91  #7  0x10840
[Y]Call Stack:  in _start /home/tcwg-buildslave/workspace/tcwg-make-release/label/tcwg-x86_64-ex40/target/arm-linux-gnueabi/snapshots/eglibc.git~linaro_eglibc-2_19/libc/csu/../ports/sysdeps/arm/start.S:128
using ASAN_GIOVESE
Calling good()...
A String
A String
Finished good()
Calling bad()...
A String
Finished bad()

=== Memory Leak Detected ===
Memory Range: [0x22218 - 0x2227c]
Call Stack (depth 7):
  #0  0xff580fe0
[Y]Call Stack:  in syscall (/home/wuhuang/fuzz/qasan/cramfs-root/lib/arm-linux-gnueabi/libc-2.13.so+0xcdfe0)  #1  0xff7b3f6c
[Y]Call Stack:  in __libqasan_malloc /home/wuhuang/fuzz/qasan/libqasan/malloc.c:207  #2  0xff7b308e
[Y]Call Stack:  in malloc /home/wuhuang/fuzz/qasan/libqasan/hooks.c:68  #3  0x10986
[Y]Call Stack:  in _ZN34CWE401_Memory_Leak__char_malloc_333badEv (/home/wuhuang/fuzz/qasan/Juliet_memLeak/testcase_test/CWE401_Memory_Leak/CWE401_Memory_Leak__char_malloc_33.out+0x986)  #4  0x10abc
[Y]Call Stack:  in main (/home/wuhuang/fuzz/qasan/Juliet_memLeak/testcase_test/CWE401_Memory_Leak/CWE401_Memory_Leak__char_malloc_33.out+0xabc)  #5  0xff7b2f24
[Y]Call Stack:  in __libc_start_main /home/wuhuang/fuzz/qasan/libqasan/libqasan.c:91  #6  0x108b0
[Y]Call Stack:  in _start /home/tcwg-buildslave/workspace/tcwg-make-release/label/tcwg-x86_64-ex40/target/arm-linux-gnueabi/snapshots/eglibc.git~linaro_eglibc-2_19/libc/csu/../ports/sysdeps/arm/start.S:128
using ASAN_GIOVESE
Calling good()...
5
5
5
5
Finished good()
Calling bad()...
5
Finished bad()

=== Memory Leak Detected ===
Memory Range: [0x225e8 - 0x22778]
Call Stack (depth 8):
  #0  0xff67afe0
[Y]Call Stack:  in syscall (/home/wuhuang/fuzz/qasan/cramfs-root/lib/arm-linux-gnueabi/libc-2.13.so+0xcdfe0)  #1  0xff7b3f6c
[Y]Call Stack:  in __libqasan_malloc /home/wuhuang/fuzz/qasan/libqasan/malloc.c:207  #2  0xff7b4162
[Y]Call Stack:  in __libqasan_calloc /home/wuhuang/fuzz/qasan/libqasan/malloc.c:283  #3  0xff7b30b2
[Y]Call Stack:  in calloc /home/wuhuang/fuzz/qasan/libqasan/hooks.c:80  #4  0x10912
[Y]Call Stack:  in CWE401_Memory_Leak__int_calloc_15_bad (/home/wuhuang/fuzz/qasan/Juliet_memLeak/testcase_test/CWE401_Memory_Leak/CWE401_Memory_Leak__int_calloc_15.out+0x912)  #5  0x10a84
[Y]Call Stack:  in main (/home/wuhuang/fuzz/qasan/Juliet_memLeak/testcase_test/CWE401_Memory_Leak/CWE401_Memory_Leak__int_calloc_15.out+0xa84)  #6  0xff7b2f24
[Y]Call Stack:  in __libc_start_main /home/wuhuang/fuzz/qasan/libqasan/libqasan.c:91  #7  0x10840
[Y]Call Stack:  in _start /home/tcwg-buildslave/workspace/tcwg-make-release/label/tcwg-x86_64-ex40/target/arm-linux-gnueabi/snapshots/eglibc.git~linaro_eglibc-2_19/libc/csu/../ports/sysdeps/arm/start.S:128
using ASAN_GIOVESE
Calling good()...
A String
A String
Finished good()
Calling bad()...
A String
Finished bad()

=== Memory Leak Detected ===
Memory Range: [0x22218 - 0x2227c]
Call Stack (depth 7):
  #0  0xff580fe0
[Y]Call Stack:  in syscall (/home/wuhuang/fuzz/qasan/cramfs-root/lib/arm-linux-gnueabi/libc-2.13.so+0xcdfe0)  #1  0xff7b3f6c
[Y]Call Stack:  in __libqasan_malloc /home/wuhuang/fuzz/qasan/libqasan/malloc.c:207  #2  0xff7b308e
[Y]Call Stack:  in malloc /home/wuhuang/fuzz/qasan/libqasan/hooks.c:68  #3  0x10a02
[Y]Call Stack:  in _ZN37CWE401_Memory_Leak__new_array_char_443badEv (/home/wuhuang/fuzz/qasan/Juliet_memLeak/testcase_test/CWE401_Memory_Leak/CWE401_Memory_Leak__new_array_char_44.out+0xa02)  #4  0x10b34
[Y]Call Stack:  in main (/home/wuhuang/fuzz/qasan/Juliet_memLeak/testcase_test/CWE401_Memory_Leak/CWE401_Memory_Leak__new_array_char_44.out+0xb34)  #5  0xff7b2f24
[Y]Call Stack:  in __libc_start_main /home/wuhuang/fuzz/qasan/libqasan/libqasan.c:91  #6  0x10914
[Y]Call Stack:  in _start /home/tcwg-buildslave/workspace/tcwg-make-release/label/tcwg-x86_64-ex40/target/arm-linux-gnueabi/snapshots/eglibc.git~linaro_eglibc-2_19/libc/csu/../ports/sysdeps/arm/start.S:128
using ASAN_GIOVESE
Calling good()...
A String
A String
A String
Finished good()
Calling bad()...
A String
Finished bad()

=== Memory Leak Detected ===
Memory Range: [0x22398 - 0x223fc]
Call Stack (depth 8):
  #0  0xff67afe0
[Y]Call Stack:  in syscall (/home/wuhuang/fuzz/qasan/cramfs-root/lib/arm-linux-gnueabi/libc-2.13.so+0xcdfe0)  #1  0xff7b3f6c
[Y]Call Stack:  in __libqasan_malloc /home/wuhuang/fuzz/qasan/libqasan/malloc.c:207  #2  0xff7b4162
[Y]Call Stack:  in __libqasan_calloc /home/wuhuang/fuzz/qasan/libqasan/malloc.c:283  #3  0xff7b30b2
[Y]Call Stack:  in calloc /home/wuhuang/fuzz/qasan/libqasan/hooks.c:80  #4  0x10926
[Y]Call Stack:  in CWE401_Memory_Leak__char_calloc_21_bad (/home/wuhuang/fuzz/qasan/Juliet_memLeak/testcase_test/CWE401_Memory_Leak/CWE401_Memory_Leak__char_calloc_21.out+0x926)  #5  0x10b24
[Y]Call Stack:  in main (/home/wuhuang/fuzz/qasan/Juliet_memLeak/testcase_test/CWE401_Memory_Leak/CWE401_Memory_Leak__char_calloc_21.out+0xb24)  #6  0xff7b2f24
[Y]Call Stack:  in __libc_start_main /home/wuhuang/fuzz/qasan/libqasan/libqasan.c:91  #7  0x10840
[Y]Call Stack:  in _start /home/tcwg-buildslave/workspace/tcwg-make-release/label/tcwg-x86_64-ex40/target/arm-linux-gnueabi/snapshots/eglibc.git~linaro_eglibc-2_19/libc/csu/../ports/sysdeps/arm/start.S:128
using ASAN_GIOVESE
Calling good()...
5
5
5
5
Finished good()
Calling bad()...
5
Finished bad()

=== Memory Leak Detected ===
Memory Range: [0x225e8 - 0x22778]
Call Stack (depth 7):
  #0  0xff67afe0
[Y]Call Stack:  in syscall (/home/wuhuang/fuzz/qasan/cramfs-root/lib/arm-linux-gnueabi/libc-2.13.so+0xcdfe0)  #1  0xff7b3f6c
[Y]Call Stack:  in __libqasan_malloc /home/wuhuang/fuzz/qasan/libqasan/malloc.c:207  #2  0xff7b308e
[Y]Call Stack:  in malloc /home/wuhuang/fuzz/qasan/libqasan/hooks.c:68  #3  0x108f0
[Y]Call Stack:  in CWE401_Memory_Leak__int_malloc_07_bad (/home/wuhuang/fuzz/qasan/Juliet_memLeak/testcase_test/CWE401_Memory_Leak/CWE401_Memory_Leak__int_malloc_07.out+0x8f0)  #4  0x10ac0
[Y]Call Stack:  in main (/home/wuhuang/fuzz/qasan/Juliet_memLeak/testcase_test/CWE401_Memory_Leak/CWE401_Memory_Leak__int_malloc_07.out+0xac0)  #5  0xff7b2f24
[Y]Call Stack:  in __libc_start_main /home/wuhuang/fuzz/qasan/libqasan/libqasan.c:91  #6  0x10810
[Y]Call Stack:  in _start /home/tcwg-buildslave/workspace/tcwg-make-release/label/tcwg-x86_64-ex40/target/arm-linux-gnueabi/snapshots/eglibc.git~linaro_eglibc-2_19/libc/csu/../ports/sysdeps/arm/start.S:128
using ASAN_GIOVESE
Calling good()...
5
10
5
10
Finished good()
Calling bad()...
5
10
Finished bad()
No memory leak detected.
using ASAN_GIOVESE
Calling good()...
A String
A String
Finished good()
Calling bad()...
A String
Finished bad()

=== Memory Leak Detected ===
Memory Range: [0x22218 - 0x2227c]
Call Stack (depth 7):
  #0  0xff67afe0
[Y]Call Stack:  in syscall (/home/wuhuang/fuzz/qasan/cramfs-root/lib/arm-linux-gnueabi/libc-2.13.so+0xcdfe0)  #1  0xff7b3f6c
[Y]Call Stack:  in __libqasan_malloc /home/wuhuang/fuzz/qasan/libqasan/malloc.c:207  #2  0xff7b308e
[Y]Call Stack:  in malloc /home/wuhuang/fuzz/qasan/libqasan/hooks.c:68  #3  0x108e0
[Y]Call Stack:  in CWE401_Memory_Leak__char_malloc_34_bad (/home/wuhuang/fuzz/qasan/Juliet_memLeak/testcase_test/CWE401_Memory_Leak/CWE401_Memory_Leak__char_malloc_34.out+0x8e0)  #4  0x10a00
[Y]Call Stack:  in main (/home/wuhuang/fuzz/qasan/Juliet_memLeak/testcase_test/CWE401_Memory_Leak/CWE401_Memory_Leak__char_malloc_34.out+0xa00)  #5  0xff7b2f24
[Y]Call Stack:  in __libc_start_main /home/wuhuang/fuzz/qasan/libqasan/libqasan.c:91  #6  0x10810
[Y]Call Stack:  in _start /home/tcwg-buildslave/workspace/tcwg-make-release/label/tcwg-x86_64-ex40/target/arm-linux-gnueabi/snapshots/eglibc.git~linaro_eglibc-2_19/libc/csu/../ports/sysdeps/arm/start.S:128
using ASAN_GIOVESE
Calling good()...
5
5
Finished good()
Calling bad()...
5
Finished bad()
No memory leak detected.
using ASAN_GIOVESE
Calling good()...
5
5
Finished good()
Calling bad()...
5
Finished bad()

=== Memory Leak Detected ===
Memory Range: [0x22340 - 0x224d0]
Call Stack (depth 7):
  #0  0xff67afe0
[Y]Call Stack:  in syscall (/home/wuhuang/fuzz/qasan/cramfs-root/lib/arm-linux-gnueabi/libc-2.13.so+0xcdfe0)  #1  0xff7b3f6c
[Y]Call Stack:  in __libqasan_malloc /home/wuhuang/fuzz/qasan/libqasan/malloc.c:207  #2  0xff7b308e
[Y]Call Stack:  in malloc /home/wuhuang/fuzz/qasan/libqasan/hooks.c:68  #3  0x108e2
[Y]Call Stack:  in CWE401_Memory_Leak__int_malloc_16_bad (/home/wuhuang/fuzz/qasan/Juliet_memLeak/testcase_test/CWE401_Memory_Leak/CWE401_Memory_Leak__int_malloc_16.out+0x8e2)  #4  0x109d8
[Y]Call Stack:  in main (/home/wuhuang/fuzz/qasan/Juliet_memLeak/testcase_test/CWE401_Memory_Leak/CWE401_Memory_Leak__int_malloc_16.out+0x9d8)  #5  0xff7b2f24
[Y]Call Stack:  in __libc_start_main /home/wuhuang/fuzz/qasan/libqasan/libqasan.c:91  #6  0x10810
[Y]Call Stack:  in _start /home/tcwg-buildslave/workspace/tcwg-make-release/label/tcwg-x86_64-ex40/target/arm-linux-gnueabi/snapshots/eglibc.git~linaro_eglibc-2_19/libc/csu/../ports/sysdeps/arm/start.S:128
using ASAN_GIOVESE
Calling good()...
5
10
Finished good()
Calling bad()...
5
10
Finished bad()
No memory leak detected.
using ASAN_GIOVESE
Calling good()...
5
5
Finished good()
Calling bad()...
5
Finished bad()

=== Memory Leak Detected ===
Memory Range: [0x22340 - 0x224d0]
Call Stack (depth 8):
  #0  0xff67afe0
[Y]Call Stack:  in syscall (/home/wuhuang/fuzz/qasan/cramfs-root/lib/arm-linux-gnueabi/libc-2.13.so+0xcdfe0)  #1  0xff7b3f6c
[Y]Call Stack:  in __libqasan_malloc /home/wuhuang/fuzz/qasan/libqasan/malloc.c:207  #2  0xff7b41b0
[Y]Call Stack:  in __libqasan_realloc /home/wuhuang/fuzz/qasan/libqasan/malloc.c:294  #3  0xff7b30d6
[Y]Call Stack:  in realloc /home/wuhuang/fuzz/qasan/libqasan/hooks.c:92  #4  0x10926
[Y]Call Stack:  in CWE401_Memory_Leak__int_realloc_32_bad (/home/wuhuang/fuzz/qasan/Juliet_memLeak/testcase_test/CWE401_Memory_Leak/CWE401_Memory_Leak__int_realloc_32.out+0x926)  #5  0x10a50
[Y]Call Stack:  in main (/home/wuhuang/fuzz/qasan/Juliet_memLeak/testcase_test/CWE401_Memory_Leak/CWE401_Memory_Leak__int_realloc_32.out+0xa50)  #6  0xff7b2f24
[Y]Call Stack:  in __libc_start_main /home/wuhuang/fuzz/qasan/libqasan/libqasan.c:91  #7  0x10844
[Y]Call Stack:  in _start /home/tcwg-buildslave/workspace/tcwg-make-release/label/tcwg-x86_64-ex40/target/arm-linux-gnueabi/snapshots/eglibc.git~linaro_eglibc-2_19/libc/csu/../ports/sysdeps/arm/start.S:128
using ASAN_GIOVESE
Calling good()...
A String
A String
A String
Finished good()
Calling bad()...
A String
Finished bad()

=== Memory Leak Detected ===
Memory Range: [0x22398 - 0x223fc]
Call Stack (depth 8):
  #0  0xff67afe0
[Y]Call Stack:  in syscall (/home/wuhuang/fuzz/qasan/cramfs-root/lib/arm-linux-gnueabi/libc-2.13.so+0xcdfe0)  #1  0xff7b3f6c
[Y]Call Stack:  in __libqasan_malloc /home/wuhuang/fuzz/qasan/libqasan/malloc.c:207  #2  0xff7b41b0
[Y]Call Stack:  in __libqasan_realloc /home/wuhuang/fuzz/qasan/libqasan/malloc.c:294  #3  0xff7b30d6
[Y]Call Stack:  in realloc /home/wuhuang/fuzz/qasan/libqasan/hooks.c:92  #4  0x1092a
[Y]Call Stack:  in CWE401_Memory_Leak__char_realloc_21_bad (/home/wuhuang/fuzz/qasan/Juliet_memLeak/testcase_test/CWE401_Memory_Leak/CWE401_Memory_Leak__char_realloc_21.out+0x92a)  #5  0x10b1c
[Y]Call Stack:  in main (/home/wuhuang/fuzz/qasan/Juliet_memLeak/testcase_test/CWE401_Memory_Leak/CWE401_Memory_Leak__char_realloc_21.out+0xb1c)  #6  0xff7b2f24
[Y]Call Stack:  in __libc_start_main /home/wuhuang/fuzz/qasan/libqasan/libqasan.c:91  #7  0x10844
[Y]Call Stack:  in _start /home/tcwg-buildslave/workspace/tcwg-make-release/label/tcwg-x86_64-ex40/target/arm-linux-gnueabi/snapshots/eglibc.git~linaro_eglibc-2_19/libc/csu/../ports/sysdeps/arm/start.S:128
using ASAN_GIOVESE
Calling good()...
A String
A String
Finished good()
Calling bad()...
A String
Finished bad()

=== Memory Leak Detected ===
Memory Range: [0x22218 - 0x2227c]
Call Stack (depth 7):
  #0  0xff580fe0
[Y]Call Stack:  in syscall (/home/wuhuang/fuzz/qasan/cramfs-root/lib/arm-linux-gnueabi/libc-2.13.so+0xcdfe0)  #1  0xff7b3f6c
[Y]Call Stack:  in __libqasan_malloc /home/wuhuang/fuzz/qasan/libqasan/malloc.c:207  #2  0xff7b308e
[Y]Call Stack:  in malloc /home/wuhuang/fuzz/qasan/libqasan/hooks.c:68  #3  0x109e4
[Y]Call Stack:  in _ZN37CWE401_Memory_Leak__new_array_char_523badEv (/home/wuhuang/fuzz/qasan/Juliet_memLeak/testcase_test/CWE401_Memory_Leak/CWE401_Memory_Leak__new_array_char_52.out+0x9e4)  #4  0x10ad4
[Y]Call Stack:  in main (/home/wuhuang/fuzz/qasan/Juliet_memLeak/testcase_test/CWE401_Memory_Leak/CWE401_Memory_Leak__new_array_char_52.out+0xad4)  #5  0xff7b2f24
[Y]Call Stack:  in __libc_start_main /home/wuhuang/fuzz/qasan/libqasan/libqasan.c:91  #6  0x10914
[Y]Call Stack:  in _start /home/tcwg-buildslave/workspace/tcwg-make-release/label/tcwg-x86_64-ex40/target/arm-linux-gnueabi/snapshots/eglibc.git~linaro_eglibc-2_19/libc/csu/../ports/sysdeps/arm/start.S:128
using ASAN_GIOVESE
Calling good()...
5
5
5
5
Finished good()
Calling bad()...
5
Finished bad()

=== Memory Leak Detected ===
Memory Range: [0x225e8 - 0x22778]
Call Stack (depth 8):
  #0  0xff67afe0
[Y]Call Stack:  in syscall (/home/wuhuang/fuzz/qasan/cramfs-root/lib/arm-linux-gnueabi/libc-2.13.so+0xcdfe0)  #1  0xff7b3f6c
[Y]Call Stack:  in __libqasan_malloc /home/wuhuang/fuzz/qasan/libqasan/malloc.c:207  #2  0xff7b4162
[Y]Call Stack:  in __libqasan_calloc /home/wuhuang/fuzz/qasan/libqasan/malloc.c:283  #3  0xff7b30b2
[Y]Call Stack:  in calloc /home/wuhuang/fuzz/qasan/libqasan/hooks.c:80  #4  0x10912
[Y]Call Stack:  in CWE401_Memory_Leak__int_calloc_03_bad (/home/wuhuang/fuzz/qasan/Juliet_memLeak/testcase_test/CWE401_Memory_Leak/CWE401_Memory_Leak__int_calloc_03.out+0x912)  #5  0x10a70
[Y]Call Stack:  in main (/home/wuhuang/fuzz/qasan/Juliet_memLeak/testcase_test/CWE401_Memory_Leak/CWE401_Memory_Leak__int_calloc_03.out+0xa70)  #6  0xff7b2f24
[Y]Call Stack:  in __libc_start_main /home/wuhuang/fuzz/qasan/libqasan/libqasan.c:91  #7  0x10840
[Y]Call Stack:  in _start /home/tcwg-buildslave/workspace/tcwg-make-release/label/tcwg-x86_64-ex40/target/arm-linux-gnueabi/snapshots/eglibc.git~linaro_eglibc-2_19/libc/csu/../ports/sysdeps/arm/start.S:128
using ASAN_GIOVESE
Calling good()...
5
5
5
5
Finished good()
Calling bad()...
5
Finished bad()

=== Memory Leak Detected ===
Memory Range: [0x225e8 - 0x22778]
Call Stack (depth 8):
  #0  0xff67afe0
[Y]Call Stack:  in syscall (/home/wuhuang/fuzz/qasan/cramfs-root/lib/arm-linux-gnueabi/libc-2.13.so+0xcdfe0)  #1  0xff7b3f6c
[Y]Call Stack:  in __libqasan_malloc /home/wuhuang/fuzz/qasan/libqasan/malloc.c:207  #2  0xff7b4162
[Y]Call Stack:  in __libqasan_calloc /home/wuhuang/fuzz/qasan/libqasan/malloc.c:283  #3  0xff7b30b2
[Y]Call Stack:  in calloc /home/wuhuang/fuzz/qasan/libqasan/hooks.c:80  #4  0x10918
[Y]Call Stack:  in CWE401_Memory_Leak__int_calloc_04_bad (/home/wuhuang/fuzz/qasan/Juliet_memLeak/testcase_test/CWE401_Memory_Leak/CWE401_Memory_Leak__int_calloc_04.out+0x918)  #5  0x10ab8
[Y]Call Stack:  in main (/home/wuhuang/fuzz/qasan/Juliet_memLeak/testcase_test/CWE401_Memory_Leak/CWE401_Memory_Leak__int_calloc_04.out+0xab8)  #6  0xff7b2f24
[Y]Call Stack:  in __libc_start_main /home/wuhuang/fuzz/qasan/libqasan/libqasan.c:91  #7  0x10840
[Y]Call Stack:  in _start /home/tcwg-buildslave/workspace/tcwg-make-release/label/tcwg-x86_64-ex40/target/arm-linux-gnueabi/snapshots/eglibc.git~linaro_eglibc-2_19/libc/csu/../ports/sysdeps/arm/start.S:128
using ASAN_GIOVESE
Calling good()...
A String
A String
A String
Finished good()
Calling bad()...
A String
Finished bad()

=== Memory Leak Detected ===
Memory Range: [0x22398 - 0x223fc]
Call Stack (depth 7):
  #0  0xff67afe0
[Y]Call Stack:  in syscall (/home/wuhuang/fuzz/qasan/cramfs-root/lib/arm-linux-gnueabi/libc-2.13.so+0xcdfe0)  #1  0xff7b3f6c
[Y]Call Stack:  in __libqasan_malloc /home/wuhuang/fuzz/qasan/libqasan/malloc.c:207  #2  0xff7b308e
[Y]Call Stack:  in malloc /home/wuhuang/fuzz/qasan/libqasan/hooks.c:68  #3  0x108e0
[Y]Call Stack:  in CWE401_Memory_Leak__char_malloc_22_bad (/home/wuhuang/fuzz/qasan/Juliet_memLeak/testcase_test/CWE401_Memory_Leak/CWE401_Memory_Leak__char_malloc_22.out+0x8e0)  #4  0x10a6c
[Y]Call Stack:  in main (/home/wuhuang/fuzz/qasan/Juliet_memLeak/testcase_test/CWE401_Memory_Leak/CWE401_Memory_Leak__char_malloc_22.out+0xa6c)  #5  0xff7b2f24
[Y]Call Stack:  in __libc_start_main /home/wuhuang/fuzz/qasan/libqasan/libqasan.c:91  #6  0x10810
[Y]Call Stack:  in _start /home/tcwg-buildslave/workspace/tcwg-make-release/label/tcwg-x86_64-ex40/target/arm-linux-gnueabi/snapshots/eglibc.git~linaro_eglibc-2_19/libc/csu/../ports/sysdeps/arm/start.S:128
using ASAN_GIOVESE
Calling good()...
5
5
5
5
Finished good()
Calling bad()...
5
Finished bad()

=== Memory Leak Detected ===
Memory Range: [0x225e8 - 0x22778]
Call Stack (depth 7):
  #0  0xff67afe0
[Y]Call Stack:  in syscall (/home/wuhuang/fuzz/qasan/cramfs-root/lib/arm-linux-gnueabi/libc-2.13.so+0xcdfe0)  #1  0xff7b3f6c
[Y]Call Stack:  in __libqasan_malloc /home/wuhuang/fuzz/qasan/libqasan/malloc.c:207  #2  0xff7b308e
[Y]Call Stack:  in malloc /home/wuhuang/fuzz/qasan/libqasan/hooks.c:68  #3  0x108ec
[Y]Call Stack:  in CWE401_Memory_Leak__int_malloc_11_bad (/home/wuhuang/fuzz/qasan/Juliet_memLeak/testcase_test/CWE401_Memory_Leak/CWE401_Memory_Leak__int_malloc_11.out+0x8ec)  #4  0x10ab0
[Y]Call Stack:  in main (/home/wuhuang/fuzz/qasan/Juliet_memLeak/testcase_test/CWE401_Memory_Leak/CWE401_Memory_Leak__int_malloc_11.out+0xab0)  #5  0xff7b2f24
[Y]Call Stack:  in __libc_start_main /home/wuhuang/fuzz/qasan/libqasan/libqasan.c:91  #6  0x10810
[Y]Call Stack:  in _start /home/tcwg-buildslave/workspace/tcwg-make-release/label/tcwg-x86_64-ex40/target/arm-linux-gnueabi/snapshots/eglibc.git~linaro_eglibc-2_19/libc/csu/../ports/sysdeps/arm/start.S:128
using ASAN_GIOVESE
Calling good()...
5
10
5
10
Finished good()
Calling bad()...
5
10
Finished bad()
No memory leak detected.
using ASAN_GIOVESE
Calling good()...
5
5
Finished good()
Calling bad()...
5
Finished bad()

=== Memory Leak Detected ===
Memory Range: [0x22340 - 0x224d0]
Call Stack (depth 7):
  #0  0xff67afe0
[Y]Call Stack:  in syscall (/home/wuhuang/fuzz/qasan/cramfs-root/lib/arm-linux-gnueabi/libc-2.13.so+0xcdfe0)  #1  0xff7b3f6c
[Y]Call Stack:  in __libqasan_malloc /home/wuhuang/fuzz/qasan/libqasan/malloc.c:207  #2  0xff7b308e
[Y]Call Stack:  in malloc /home/wuhuang/fuzz/qasan/libqasan/hooks.c:68  #3  0x108e2
[Y]Call Stack:  in CWE401_Memory_Leak__int_malloc_63_bad (/home/wuhuang/fuzz/qasan/Juliet_memLeak/testcase_test/CWE401_Memory_Leak/CWE401_Memory_Leak__int_malloc_63.out+0x8e2)  #4  0x109e0
[Y]Call Stack:  in main (/home/wuhuang/fuzz/qasan/Juliet_memLeak/testcase_test/CWE401_Memory_Leak/CWE401_Memory_Leak__int_malloc_63.out+0x9e0)  #5  0xff7b2f24
[Y]Call Stack:  in __libc_start_main /home/wuhuang/fuzz/qasan/libqasan/libqasan.c:91  #6  0x10810
[Y]Call Stack:  in _start /home/tcwg-buildslave/workspace/tcwg-make-release/label/tcwg-x86_64-ex40/target/arm-linux-gnueabi/snapshots/eglibc.git~linaro_eglibc-2_19/libc/csu/../ports/sysdeps/arm/start.S:128
using ASAN_GIOVESE
Calling good()...
A String
A String
Finished good()
Calling bad()...
A String
Finished bad()

=== Memory Leak Detected ===
Memory Range: [0x22218 - 0x2227c]
Call Stack (depth 8):
  #0  0xff67afe0
[Y]Call Stack:  in syscall (/home/wuhuang/fuzz/qasan/cramfs-root/lib/arm-linux-gnueabi/libc-2.13.so+0xcdfe0)  #1  0xff7b3f6c
[Y]Call Stack:  in __libqasan_malloc /home/wuhuang/fuzz/qasan/libqasan/malloc.c:207  #2  0xff7b4162
[Y]Call Stack:  in __libqasan_calloc /home/wuhuang/fuzz/qasan/libqasan/malloc.c:283  #3  0xff7b30b2
[Y]Call Stack:  in calloc /home/wuhuang/fuzz/qasan/libqasan/hooks.c:80  #4  0x1092e
[Y]Call Stack:  in CWE401_Memory_Leak__char_calloc_45_bad (/home/wuhuang/fuzz/qasan/Juliet_memLeak/testcase_test/CWE401_Memory_Leak/CWE401_Memory_Leak__char_calloc_45.out+0x92e)  #5  0x10a9c
[Y]Call Stack:  in main (/home/wuhuang/fuzz/qasan/Juliet_memLeak/testcase_test/CWE401_Memory_Leak/CWE401_Memory_Leak__char_calloc_45.out+0xa9c)  #6  0xff7b2f24
[Y]Call Stack:  in __libc_start_main /home/wuhuang/fuzz/qasan/libqasan/libqasan.c:91  #7  0x10840
[Y]Call Stack:  in _start /home/tcwg-buildslave/workspace/tcwg-make-release/label/tcwg-x86_64-ex40/target/arm-linux-gnueabi/snapshots/eglibc.git~linaro_eglibc-2_19/libc/csu/../ports/sysdeps/arm/start.S:128
using ASAN_GIOVESE
Calling good()...
A String
A String
Finished good()
Calling bad()...
A String
Finished bad()

=== Memory Leak Detected ===
Memory Range: [0x22218 - 0x2227c]
Call Stack (depth 8):
  #0  0xff67afe0
[Y]Call Stack:  in syscall (/home/wuhuang/fuzz/qasan/cramfs-root/lib/arm-linux-gnueabi/libc-2.13.so+0xcdfe0)  #1  0xff7b3f6c
[Y]Call Stack:  in __libqasan_malloc /home/wuhuang/fuzz/qasan/libqasan/malloc.c:207  #2  0xff7b41b0
[Y]Call Stack:  in __libqasan_realloc /home/wuhuang/fuzz/qasan/libqasan/malloc.c:294  #3  0xff7b30d6
[Y]Call Stack:  in realloc /home/wuhuang/fuzz/qasan/libqasan/hooks.c:92  #4  0x10916
[Y]Call Stack:  in CWE401_Memory_Leak__char_realloc_54_bad (/home/wuhuang/fuzz/qasan/Juliet_memLeak/testcase_test/CWE401_Memory_Leak/CWE401_Memory_Leak__char_realloc_54.out+0x916)  #5  0x10a24
[Y]Call Stack:  in main (/home/wuhuang/fuzz/qasan/Juliet_memLeak/testcase_test/CWE401_Memory_Leak/CWE401_Memory_Leak__char_realloc_54.out+0xa24)  #6  0xff7b2f24
[Y]Call Stack:  in __libc_start_main /home/wuhuang/fuzz/qasan/libqasan/libqasan.c:91  #7  0x10844
[Y]Call Stack:  in _start /home/tcwg-buildslave/workspace/tcwg-make-release/label/tcwg-x86_64-ex40/target/arm-linux-gnueabi/snapshots/eglibc.git~linaro_eglibc-2_19/libc/csu/../ports/sysdeps/arm/start.S:128
using ASAN_GIOVESE
Calling good()...
A String
A String
Finished good()
Calling bad()...
A String
Finished bad()

=== Memory Leak Detected ===
Memory Range: [0x22218 - 0x2227c]
Call Stack (depth 7):
  #0  0xff580fe0
[Y]Call Stack:  in syscall (/home/wuhuang/fuzz/qasan/cramfs-root/lib/arm-linux-gnueabi/libc-2.13.so+0xcdfe0)  #1  0xff7b3f6c
[Y]Call Stack:  in __libqasan_malloc /home/wuhuang/fuzz/qasan/libqasan/malloc.c:207  #2  0xff7b308e
[Y]Call Stack:  in malloc /home/wuhuang/fuzz/qasan/libqasan/hooks.c:68  #3  0x10a76
[Y]Call Stack:  in _ZN34CWE401_Memory_Leak__char_malloc_813badEv (/home/wuhuang/fuzz/qasan/Juliet_memLeak/testcase_test/CWE401_Memory_Leak/CWE401_Memory_Leak__char_malloc_81.out+0xa76)  #4  0x10bd8
[Y]Call Stack:  in main (/home/wuhuang/fuzz/qasan/Juliet_memLeak/testcase_test/CWE401_Memory_Leak/CWE401_Memory_Leak__char_malloc_81.out+0xbd8)  #5  0xff7b2f24
[Y]Call Stack:  in __libc_start_main /home/wuhuang/fuzz/qasan/libqasan/libqasan.c:91  #6  0x109a4
[Y]Call Stack:  in _start /home/tcwg-buildslave/workspace/tcwg-make-release/label/tcwg-x86_64-ex40/target/arm-linux-gnueabi/snapshots/eglibc.git~linaro_eglibc-2_19/libc/csu/../ports/sysdeps/arm/start.S:128
using ASAN_GIOVESE
Calling good()...
5
5
Finished good()
Calling bad()...
5
Finished bad()

=== Memory Leak Detected ===
Memory Range: [0x22340 - 0x224d0]
Call Stack (depth 7):
  #0  0xff67afe0
[Y]Call Stack:  in syscall (/home/wuhuang/fuzz/qasan/cramfs-root/lib/arm-linux-gnueabi/libc-2.13.so+0xcdfe0)  #1  0xff7b3f6c
[Y]Call Stack:  in __libqasan_malloc /home/wuhuang/fuzz/qasan/libqasan/malloc.c:207  #2  0xff7b308e
[Y]Call Stack:  in malloc /home/wuhuang/fuzz/qasan/libqasan/hooks.c:68  #3  0x108e4
[Y]Call Stack:  in CWE401_Memory_Leak__int_malloc_18_bad (/home/wuhuang/fuzz/qasan/Juliet_memLeak/testcase_test/CWE401_Memory_Leak/CWE401_Memory_Leak__int_malloc_18.out+0x8e4)  #4  0x109d8
[Y]Call Stack:  in main (/home/wuhuang/fuzz/qasan/Juliet_memLeak/testcase_test/CWE401_Memory_Leak/CWE401_Memory_Leak__int_malloc_18.out+0x9d8)  #5  0xff7b2f24
[Y]Call Stack:  in __libc_start_main /home/wuhuang/fuzz/qasan/libqasan/libqasan.c:91  #6  0x10810
[Y]Call Stack:  in _start /home/tcwg-buildslave/workspace/tcwg-make-release/label/tcwg-x86_64-ex40/target/arm-linux-gnueabi/snapshots/eglibc.git~linaro_eglibc-2_19/libc/csu/../ports/sysdeps/arm/start.S:128
using ASAN_GIOVESE
Calling good()...
5
10
Finished good()
Calling bad()...
5
10
Finished bad()
No memory leak detected.
using ASAN_GIOVESE
Calling good()...
5
5
Finished good()
Calling bad()...
5
Finished bad()

=== Memory Leak Detected ===
Memory Range: [0x22340 - 0x224d0]
Call Stack (depth 7):
  #0  0xff67afe0
[Y]Call Stack:  in syscall (/home/wuhuang/fuzz/qasan/cramfs-root/lib/arm-linux-gnueabi/libc-2.13.so+0xcdfe0)  #1  0xff7b3f6c
[Y]Call Stack:  in __libqasan_malloc /home/wuhuang/fuzz/qasan/libqasan/malloc.c:207  #2  0xff7b308e
[Y]Call Stack:  in malloc /home/wuhuang/fuzz/qasan/libqasan/hooks.c:68  #3  0x108e2
[Y]Call Stack:  in CWE401_Memory_Leak__int_malloc_64_bad (/home/wuhuang/fuzz/qasan/Juliet_memLeak/testcase_test/CWE401_Memory_Leak/CWE401_Memory_Leak__int_malloc_64.out+0x8e2)  #4  0x109e0
[Y]Call Stack:  in main (/home/wuhuang/fuzz/qasan/Juliet_memLeak/testcase_test/CWE401_Memory_Leak/CWE401_Memory_Leak__int_malloc_64.out+0x9e0)  #5  0xff7b2f24
[Y]Call Stack:  in __libc_start_main /home/wuhuang/fuzz/qasan/libqasan/libqasan.c:91  #6  0x10810
[Y]Call Stack:  in _start /home/tcwg-buildslave/workspace/tcwg-make-release/label/tcwg-x86_64-ex40/target/arm-linux-gnueabi/snapshots/eglibc.git~linaro_eglibc-2_19/libc/csu/../ports/sysdeps/arm/start.S:128
using ASAN_GIOVESE
Calling good()...
A String
A String
Finished good()
Calling bad()...
A String
Finished bad()

=== Memory Leak Detected ===
Memory Range: [0x22218 - 0x2227c]
Call Stack (depth 9):
  #0  0xff67afe0
[Y]Call Stack:  in syscall (/home/wuhuang/fuzz/qasan/cramfs-root/lib/arm-linux-gnueabi/libc-2.13.so+0xcdfe0)  #1  0xff7b3f6c
[Y]Call Stack:  in __libqasan_malloc /home/wuhuang/fuzz/qasan/libqasan/malloc.c:207  #2  0xff7b4162
[Y]Call Stack:  in __libqasan_calloc /home/wuhuang/fuzz/qasan/libqasan/malloc.c:283  #3  0xff7b30b2
[Y]Call Stack:  in calloc /home/wuhuang/fuzz/qasan/libqasan/hooks.c:80  #4  0x10910
[Y]Call Stack:  in badSource CWE401_Memory_Leak__char_calloc_42.c:?  #5  0x10958
[Y]Call Stack:  in CWE401_Memory_Leak__char_calloc_42_bad (/home/wuhuang/fuzz/qasan/Juliet_memLeak/testcase_test/CWE401_Memory_Leak/CWE401_Memory_Leak__char_calloc_42.out+0x958)  #6  0x10a6c
[Y]Call Stack:  in main (/home/wuhuang/fuzz/qasan/Juliet_memLeak/testcase_test/CWE401_Memory_Leak/CWE401_Memory_Leak__char_calloc_42.out+0xa6c)  #7  0xff7b2f24
[Y]Call Stack:  in __libc_start_main /home/wuhuang/fuzz/qasan/libqasan/libqasan.c:91  #8  0x10840
[Y]Call Stack:  in _start /home/tcwg-buildslave/workspace/tcwg-make-release/label/tcwg-x86_64-ex40/target/arm-linux-gnueabi/snapshots/eglibc.git~linaro_eglibc-2_19/libc/csu/../ports/sysdeps/arm/start.S:128
using ASAN_GIOVESE
Calling good()...
A String
A String
Finished good()
Calling bad()...
A String
Finished bad()

=== Memory Leak Detected ===
Memory Range: [0x22218 - 0x2227c]
Call Stack (depth 8):
  #0  0xff67afe0
[Y]Call Stack:  in syscall (/home/wuhuang/fuzz/qasan/cramfs-root/lib/arm-linux-gnueabi/libc-2.13.so+0xcdfe0)  #1  0xff7b3f6c
[Y]Call Stack:  in __libqasan_malloc /home/wuhuang/fuzz/qasan/libqasan/malloc.c:207  #2  0xff7b41b0
[Y]Call Stack:  in __libqasan_realloc /home/wuhuang/fuzz/qasan/libqasan/malloc.c:294  #3  0xff7b30d6
[Y]Call Stack:  in realloc /home/wuhuang/fuzz/qasan/libqasan/hooks.c:92  #4  0x10916
[Y]Call Stack:  in CWE401_Memory_Leak__char_realloc_53_bad (/home/wuhuang/fuzz/qasan/Juliet_memLeak/testcase_test/CWE401_Memory_Leak/CWE401_Memory_Leak__char_realloc_53.out+0x916)  #5  0x10a24
[Y]Call Stack:  in main (/home/wuhuang/fuzz/qasan/Juliet_memLeak/testcase_test/CWE401_Memory_Leak/CWE401_Memory_Leak__char_realloc_53.out+0xa24)  #6  0xff7b2f24
[Y]Call Stack:  in __libc_start_main /home/wuhuang/fuzz/qasan/libqasan/libqasan.c:91  #7  0x10844
[Y]Call Stack:  in _start /home/tcwg-buildslave/workspace/tcwg-make-release/label/tcwg-x86_64-ex40/target/arm-linux-gnueabi/snapshots/eglibc.git~linaro_eglibc-2_19/libc/csu/../ports/sysdeps/arm/start.S:128
using ASAN_GIOVESE
Calling good()...
A String
A String
Finished good()
Calling bad()...
A String
Finished bad()

=== Memory Leak Detected ===
Memory Range: [0x22458 - 0x224bc]
Call Stack (depth 8):
  #0  0xff580fe0
[Y]Call Stack:  in syscall (/home/wuhuang/fuzz/qasan/cramfs-root/lib/arm-linux-gnueabi/libc-2.13.so+0xcdfe0)  #1  0xff7b3f6c
[Y]Call Stack:  in __libqasan_malloc /home/wuhuang/fuzz/qasan/libqasan/malloc.c:207  #2  0xff7b41b0
[Y]Call Stack:  in __libqasan_realloc /home/wuhuang/fuzz/qasan/libqasan/malloc.c:294  #3  0xff7b30d6
[Y]Call Stack:  in realloc /home/wuhuang/fuzz/qasan/libqasan/hooks.c:92  #4  0x10b24
[Y]Call Stack:  in _ZN35CWE401_Memory_Leak__char_realloc_823badEv (/home/wuhuang/fuzz/qasan/Juliet_memLeak/testcase_test/CWE401_Memory_Leak/CWE401_Memory_Leak__char_realloc_82.out+0xb24)  #5  0x10c98
[Y]Call Stack:  in main (/home/wuhuang/fuzz/qasan/Juliet_memLeak/testcase_test/CWE401_Memory_Leak/CWE401_Memory_Leak__char_realloc_82.out+0xc98)  #6  0xff7b2f24
[Y]Call Stack:  in __libc_start_main /home/wuhuang/fuzz/qasan/libqasan/libqasan.c:91  #7  0x10a50
[Y]Call Stack:  in _start /home/tcwg-buildslave/workspace/tcwg-make-release/label/tcwg-x86_64-ex40/target/arm-linux-gnueabi/snapshots/eglibc.git~linaro_eglibc-2_19/libc/csu/../ports/sysdeps/arm/start.S:128
using ASAN_GIOVESE
Calling good()...
A String
A String
A String
A String
Finished good()
Calling bad()...
A String
Finished bad()

=== Memory Leak Detected ===
Memory Range: [0x22398 - 0x223fc]
Call Stack (depth 7):
  #0  0xff580fe0
[Y]Call Stack:  in syscall (/home/wuhuang/fuzz/qasan/cramfs-root/lib/arm-linux-gnueabi/libc-2.13.so+0xcdfe0)  #1  0xff7b3f6c
[Y]Call Stack:  in __libqasan_malloc /home/wuhuang/fuzz/qasan/libqasan/malloc.c:207  #2  0xff7b308e
[Y]Call Stack:  in malloc /home/wuhuang/fuzz/qasan/libqasan/hooks.c:68  #3  0x109e4
[Y]Call Stack:  in _ZN37CWE401_Memory_Leak__new_array_char_153badEv (/home/wuhuang/fuzz/qasan/Juliet_memLeak/testcase_test/CWE401_Memory_Leak/CWE401_Memory_Leak__new_array_char_15.out+0x9e4)  #4  0x10b58
[Y]Call Stack:  in main (/home/wuhuang/fuzz/qasan/Juliet_memLeak/testcase_test/CWE401_Memory_Leak/CWE401_Memory_Leak__new_array_char_15.out+0xb58)  #5  0xff7b2f24
[Y]Call Stack:  in __libc_start_main /home/wuhuang/fuzz/qasan/libqasan/libqasan.c:91  #6  0x10914
[Y]Call Stack:  in _start /home/tcwg-buildslave/workspace/tcwg-make-release/label/tcwg-x86_64-ex40/target/arm-linux-gnueabi/snapshots/eglibc.git~linaro_eglibc-2_19/libc/csu/../ports/sysdeps/arm/start.S:128
using ASAN_GIOVESE
Calling good()...
5
5
5
5
Finished good()
Calling bad()...
5
Finished bad()

=== Memory Leak Detected ===
Memory Range: [0x225e8 - 0x22778]
Call Stack (depth 8):
  #0  0xff67afe0
[Y]Call Stack:  in syscall (/home/wuhuang/fuzz/qasan/cramfs-root/lib/arm-linux-gnueabi/libc-2.13.so+0xcdfe0)  #1  0xff7b3f6c
[Y]Call Stack:  in __libqasan_malloc /home/wuhuang/fuzz/qasan/libqasan/malloc.c:207  #2  0xff7b41b0
[Y]Call Stack:  in __libqasan_realloc /home/wuhuang/fuzz/qasan/libqasan/malloc.c:294  #3  0xff7b30d6
[Y]Call Stack:  in realloc /home/wuhuang/fuzz/qasan/libqasan/hooks.c:92  #4  0x10926
[Y]Call Stack:  in CWE401_Memory_Leak__int_realloc_09_bad (/home/wuhuang/fuzz/qasan/Juliet_memLeak/testcase_test/CWE401_Memory_Leak/CWE401_Memory_Leak__int_realloc_09.out+0x926)  #5  0x10af4
[Y]Call Stack:  in main (/home/wuhuang/fuzz/qasan/Juliet_memLeak/testcase_test/CWE401_Memory_Leak/CWE401_Memory_Leak__int_realloc_09.out+0xaf4)  #6  0xff7b2f24
[Y]Call Stack:  in __libc_start_main /home/wuhuang/fuzz/qasan/libqasan/libqasan.c:91  #7  0x10844
[Y]Call Stack:  in _start /home/tcwg-buildslave/workspace/tcwg-make-release/label/tcwg-x86_64-ex40/target/arm-linux-gnueabi/snapshots/eglibc.git~linaro_eglibc-2_19/libc/csu/../ports/sysdeps/arm/start.S:128
using ASAN_GIOVESE
Calling good()...
A String
New String
Finished good()
Calling bad()...
A String
New String
Finished bad()
No memory leak detected.
using ASAN_GIOVESE
Calling good()...
A String
A String
Finished good()
Calling bad()...
A String
Finished bad()

=== Memory Leak Detected ===
Memory Range: [0x22218 - 0x2227c]
Call Stack (depth 8):
  #0  0xff580fe0
[Y]Call Stack:  in syscall (/home/wuhuang/fuzz/qasan/cramfs-root/lib/arm-linux-gnueabi/libc-2.13.so+0xcdfe0)  #1  0xff7b3f6c
[Y]Call Stack:  in __libqasan_malloc /home/wuhuang/fuzz/qasan/libqasan/malloc.c:207  #2  0xff7b308e
[Y]Call Stack:  in malloc /home/wuhuang/fuzz/qasan/libqasan/hooks.c:68  #3  0x10a3c
[Y]Call Stack:  in _ZN34CWE401_Memory_Leak__char_malloc_629badSourceERPc (/home/wuhuang/fuzz/qasan/Juliet_memLeak/testcase_test/CWE401_Memory_Leak/CWE401_Memory_Leak__char_malloc_62.out+0xa3c)  #4  0x10982
[Y]Call Stack:  in _ZN34CWE401_Memory_Leak__char_malloc_623badEv (/home/wuhuang/fuzz/qasan/Juliet_memLeak/testcase_test/CWE401_Memory_Leak/CWE401_Memory_Leak__char_malloc_62.out+0x982)  #5  0x10a14
[Y]Call Stack:  in main (/home/wuhuang/fuzz/qasan/Juliet_memLeak/testcase_test/CWE401_Memory_Leak/CWE401_Memory_Leak__char_malloc_62.out+0xa14)  #6  0xff7b2f24
[Y]Call Stack:  in __libc_start_main /home/wuhuang/fuzz/qasan/libqasan/libqasan.c:91  #7  0x108b0
[Y]Call Stack:  in _start /home/tcwg-buildslave/workspace/tcwg-make-release/label/tcwg-x86_64-ex40/target/arm-linux-gnueabi/snapshots/eglibc.git~linaro_eglibc-2_19/libc/csu/../ports/sysdeps/arm/start.S:128
using ASAN_GIOVESE
Calling good()...
5
5
Finished good()
Calling bad()...
5
Finished bad()

=== Memory Leak Detected ===
Memory Range: [0x22340 - 0x224d0]
Call Stack (depth 8):
  #0  0xff67afe0
[Y]Call Stack:  in syscall (/home/wuhuang/fuzz/qasan/cramfs-root/lib/arm-linux-gnueabi/libc-2.13.so+0xcdfe0)  #1  0xff7b3f6c
[Y]Call Stack:  in __libqasan_malloc /home/wuhuang/fuzz/qasan/libqasan/malloc.c:207  #2  0xff7b4162
[Y]Call Stack:  in __libqasan_calloc /home/wuhuang/fuzz/qasan/libqasan/malloc.c:283  #3  0xff7b30b2
[Y]Call Stack:  in calloc /home/wuhuang/fuzz/qasan/libqasan/hooks.c:80  #4  0x10930
[Y]Call Stack:  in CWE401_Memory_Leak__int_calloc_44_bad (/home/wuhuang/fuzz/qasan/Juliet_memLeak/testcase_test/CWE401_Memory_Leak/CWE401_Memory_Leak__int_calloc_44.out+0x930)  #5  0x10a64
[Y]Call Stack:  in main (/home/wuhuang/fuzz/qasan/Juliet_memLeak/testcase_test/CWE401_Memory_Leak/CWE401_Memory_Leak__int_calloc_44.out+0xa64)  #6  0xff7b2f24
[Y]Call Stack:  in __libc_start_main /home/wuhuang/fuzz/qasan/libqasan/libqasan.c:91  #7  0x10840
[Y]Call Stack:  in _start /home/tcwg-buildslave/workspace/tcwg-make-release/label/tcwg-x86_64-ex40/target/arm-linux-gnueabi/snapshots/eglibc.git~linaro_eglibc-2_19/libc/csu/../ports/sysdeps/arm/start.S:128
using ASAN_GIOVESE
Calling good()...
0 -- 0
1 -- 1
0 -- 0
1 -- 1
Finished good()
Calling bad()...
0 -- 0
1 -- 1
Finished bad()
No memory leak detected.
using ASAN_GIOVESE
Calling good()...
5
5
Finished good()
Calling bad()...
5
Finished bad()

=== Memory Leak Detected ===
Memory Range: [0x22340 - 0x224d0]
Call Stack (depth 7):
  #0  0xff67afe0
[Y]Call Stack:  in syscall (/home/wuhuang/fuzz/qasan/cramfs-root/lib/arm-linux-gnueabi/libc-2.13.so+0xcdfe0)  #1  0xff7b3f6c
[Y]Call Stack:  in __libqasan_malloc /home/wuhuang/fuzz/qasan/libqasan/malloc.c:207  #2  0xff7b308e
[Y]Call Stack:  in malloc /home/wuhuang/fuzz/qasan/libqasan/hooks.c:68  #3  0x108e2
[Y]Call Stack:  in CWE401_Memory_Leak__int_malloc_51_bad (/home/wuhuang/fuzz/qasan/Juliet_memLeak/testcase_test/CWE401_Memory_Leak/CWE401_Memory_Leak__int_malloc_51.out+0x8e2)  #4  0x109d8
[Y]Call Stack:  in main (/home/wuhuang/fuzz/qasan/Juliet_memLeak/testcase_test/CWE401_Memory_Leak/CWE401_Memory_Leak__int_malloc_51.out+0x9d8)  #5  0xff7b2f24
[Y]Call Stack:  in __libc_start_main /home/wuhuang/fuzz/qasan/libqasan/libqasan.c:91  #6  0x10810
[Y]Call Stack:  in _start /home/tcwg-buildslave/workspace/tcwg-make-release/label/tcwg-x86_64-ex40/target/arm-linux-gnueabi/snapshots/eglibc.git~linaro_eglibc-2_19/libc/csu/../ports/sysdeps/arm/start.S:128
using ASAN_GIOVESE
Calling good()...
A String
A String
Finished good()
Calling bad()...
A String
Finished bad()

=== Memory Leak Detected ===
Memory Range: [0x22218 - 0x2227c]
Call Stack (depth 8):
  #0  0xff67afe0
[Y]Call Stack:  in syscall (/home/wuhuang/fuzz/qasan/cramfs-root/lib/arm-linux-gnueabi/libc-2.13.so+0xcdfe0)  #1  0xff7b3f6c
[Y]Call Stack:  in __libqasan_malloc /home/wuhuang/fuzz/qasan/libqasan/malloc.c:207  #2  0xff7b41b0
[Y]Call Stack:  in __libqasan_realloc /home/wuhuang/fuzz/qasan/libqasan/malloc.c:294  #3  0xff7b30d6
[Y]Call Stack:  in realloc /home/wuhuang/fuzz/qasan/libqasan/hooks.c:92  #4  0x10916
[Y]Call Stack:  in CWE401_Memory_Leak__char_realloc_66_bad (/home/wuhuang/fuzz/qasan/Juliet_memLeak/testcase_test/CWE401_Memory_Leak/CWE401_Memory_Leak__char_realloc_66.out+0x916)  #5  0x10a3c
[Y]Call Stack:  in main (/home/wuhuang/fuzz/qasan/Juliet_memLeak/testcase_test/CWE401_Memory_Leak/CWE401_Memory_Leak__char_realloc_66.out+0xa3c)  #6  0xff7b2f24
[Y]Call Stack:  in __libc_start_main /home/wuhuang/fuzz/qasan/libqasan/libqasan.c:91  #7  0x10844
[Y]Call Stack:  in _start /home/tcwg-buildslave/workspace/tcwg-make-release/label/tcwg-x86_64-ex40/target/arm-linux-gnueabi/snapshots/eglibc.git~linaro_eglibc-2_19/libc/csu/../ports/sysdeps/arm/start.S:128
using ASAN_GIOVESE
Calling good()...
5
5
Finished good()
Calling bad()...
5
Finished bad()

=== Memory Leak Detected ===
Memory Range: [0x23c60 - 0x23df0]
Call Stack (depth 8):
  #0  0xff580fe0
[Y]Call Stack:  in syscall (/home/wuhuang/fuzz/qasan/cramfs-root/lib/arm-linux-gnueabi/libc-2.13.so+0xcdfe0)  #1  0xff7b3f6c
[Y]Call Stack:  in __libqasan_malloc /home/wuhuang/fuzz/qasan/libqasan/malloc.c:207  #2  0xff7b41b0
[Y]Call Stack:  in __libqasan_realloc /home/wuhuang/fuzz/qasan/libqasan/malloc.c:294  #3  0xff7b30d6
[Y]Call Stack:  in realloc /home/wuhuang/fuzz/qasan/libqasan/hooks.c:92  #4  0x10ca0
[Y]Call Stack:  in _ZN34CWE401_Memory_Leak__int_realloc_723badEv (/home/wuhuang/fuzz/qasan/Juliet_memLeak/testcase_test/CWE401_Memory_Leak/CWE401_Memory_Leak__int_realloc_72.out+0xca0)  #5  0x10f3c
[Y]Call Stack:  in main (/home/wuhuang/fuzz/qasan/Juliet_memLeak/testcase_test/CWE401_Memory_Leak/CWE401_Memory_Leak__int_realloc_72.out+0xf3c)  #6  0xff7b2f24
[Y]Call Stack:  in __libc_start_main /home/wuhuang/fuzz/qasan/libqasan/libqasan.c:91  #7  0x10bc0
[Y]Call Stack:  in _start /home/tcwg-buildslave/workspace/tcwg-make-release/label/tcwg-x86_64-ex40/target/arm-linux-gnueabi/snapshots/eglibc.git~linaro_eglibc-2_19/libc/csu/../ports/sysdeps/arm/start.S:128
using ASAN_GIOVESE
Calling good()...
0 -- 0
1 -- 1
0 -- 0
1 -- 1
Finished good()
Calling bad()...
0 -- 0
1 -- 1
Finished bad()
No memory leak detected.
using ASAN_GIOVESE
Calling good()...
A String
A String
Finished good()
Calling bad()...
A String
Finished bad()

=== Memory Leak Detected ===
Memory Range: [0x22218 - 0x2227c]
Call Stack (depth 9):
  #0  0xff67afe0
[Y]Call Stack:  in syscall (/home/wuhuang/fuzz/qasan/cramfs-root/lib/arm-linux-gnueabi/libc-2.13.so+0xcdfe0)  #1  0xff7b3f6c
[Y]Call Stack:  in __libqasan_malloc /home/wuhuang/fuzz/qasan/libqasan/malloc.c:207  #2  0xff7b41b0
[Y]Call Stack:  in __libqasan_realloc /home/wuhuang/fuzz/qasan/libqasan/malloc.c:294  #3  0xff7b30d6
[Y]Call Stack:  in realloc /home/wuhuang/fuzz/qasan/libqasan/hooks.c:92  #4  0x109d0
[Y]Call Stack:  in CWE401_Memory_Leak__char_realloc_61b_badSource (/home/wuhuang/fuzz/qasan/Juliet_memLeak/testcase_test/CWE401_Memory_Leak/CWE401_Memory_Leak__char_realloc_61.out+0x9d0)  #5  0x10914
[Y]Call Stack:  in CWE401_Memory_Leak__char_realloc_61_bad (/home/wuhuang/fuzz/qasan/Juliet_memLeak/testcase_test/CWE401_Memory_Leak/CWE401_Memory_Leak__char_realloc_61.out+0x914)  #6  0x109a8
[Y]Call Stack:  in main (/home/wuhuang/fuzz/qasan/Juliet_memLeak/testcase_test/CWE401_Memory_Leak/CWE401_Memory_Leak__char_realloc_61.out+0x9a8)  #7  0xff7b2f24
[Y]Call Stack:  in __libc_start_main /home/wuhuang/fuzz/qasan/libqasan/libqasan.c:91  #8  0x10844
[Y]Call Stack:  in _start /home/tcwg-buildslave/workspace/tcwg-make-release/label/tcwg-x86_64-ex40/target/arm-linux-gnueabi/snapshots/eglibc.git~linaro_eglibc-2_19/libc/csu/../ports/sysdeps/arm/start.S:128
using ASAN_GIOVESE
Calling good()...
A String
A String
Finished good()
Calling bad()...
A String
QEMU-AddressSanitizer:DEADLYSIGNAL
=================================================================
[0;91m==26024==ERROR: QEMU-AddressSanitizer: ABRT on unknown address 0x0000000065a8 (pc 0x0000ff4ddaa8 bp 0x0000fffee8c0 sp 0x0000fffee180 T26024)[0m
    #0 0x0000ff4ddaa8 in gsignal (/home/wuhuang/fuzz/qasan/cramfs-root/lib/arm-linux-gnueabi/libc-2.13.so+0x2aaa8)
    #1 0x0000ff7b40ae in __libqasan_free /home/wuhuang/fuzz/qasan/libqasan/malloc.c:259
    #2 0x0000ff7b31c6 in free /home/wuhuang/fuzz/qasan/libqasan/hooks.c:169
    #3 0x000000010a56 in _ZN37CWE401_Memory_Leak__new_array_char_123badEv (/home/wuhuang/fuzz/qasan/Juliet_memLeak/testcase_test/CWE401_Memory_Leak/CWE401_Memory_Leak__new_array_char_12.out+0xa56)
    #4 0x000000010bb8 in main (/home/wuhuang/fuzz/qasan/Juliet_memLeak/testcase_test/CWE401_Memory_Leak/CWE401_Memory_Leak__new_array_char_12.out+0xbb8)
    #5 0x0000ff7b2f24 in __libc_start_main /home/wuhuang/fuzz/qasan/libqasan/libqasan.c:91
    #6 0x000000010914 in _start /home/tcwg-buildslave/workspace/tcwg-make-release/label/tcwg-x86_64-ex40/target/arm-linux-gnueabi/snapshots/eglibc.git~linaro_eglibc-2_19/libc/csu/../ports/sysdeps/arm/start.S:128

QEMU-AddressSanitizer can not provide additional info.
SUMMARY: QEMU-AddressSanitizer:  in gsignal (/home/wuhuang/fuzz/qasan/cramfs-root/lib/arm-linux-gnueabi/libc-2.13.so+0x2aaa8)
==26024==ABORTING
qemu: uncaught target signal 6 (Aborted) - core dumped
using ASAN_GIOVESE
Calling good()...
A String
New String
A String
New String
Finished good()
Calling bad()...
A String
New String
Finished bad()
No memory leak detected.
using ASAN_GIOVESE
Calling good()...
A String
A String
Finished good()
Calling bad()...
A String
Finished bad()

=== Memory Leak Detected ===
Memory Range: [0x22218 - 0x2227c]
Call Stack (depth 7):
  #0  0xff67afe0
[Y]Call Stack:  in syscall (/home/wuhuang/fuzz/qasan/cramfs-root/lib/arm-linux-gnueabi/libc-2.13.so+0xcdfe0)  #1  0xff7b3f6c
[Y]Call Stack:  in __libqasan_malloc /home/wuhuang/fuzz/qasan/libqasan/malloc.c:207  #2  0xff7b308e
[Y]Call Stack:  in malloc /home/wuhuang/fuzz/qasan/libqasan/hooks.c:68  #3  0x108ea
[Y]Call Stack:  in CWE401_Memory_Leak__char_malloc_65_bad (/home/wuhuang/fuzz/qasan/Juliet_memLeak/testcase_test/CWE401_Memory_Leak/CWE401_Memory_Leak__char_malloc_65.out+0x8ea)  #4  0x10a14
[Y]Call Stack:  in main (/home/wuhuang/fuzz/qasan/Juliet_memLeak/testcase_test/CWE401_Memory_Leak/CWE401_Memory_Leak__char_malloc_65.out+0xa14)  #5  0xff7b2f24
[Y]Call Stack:  in __libc_start_main /home/wuhuang/fuzz/qasan/libqasan/libqasan.c:91  #6  0x10810
[Y]Call Stack:  in _start /home/tcwg-buildslave/workspace/tcwg-make-release/label/tcwg-x86_64-ex40/target/arm-linux-gnueabi/snapshots/eglibc.git~linaro_eglibc-2_19/libc/csu/../ports/sysdeps/arm/start.S:128
using ASAN_GIOVESE
Calling good()...
5
5
Finished good()
Calling bad()...
5
Finished bad()

=== Memory Leak Detected ===
Memory Range: [0x22340 - 0x224d0]
Call Stack (depth 9):
  #0  0xff580fe0
[Y]Call Stack:  in syscall (/home/wuhuang/fuzz/qasan/cramfs-root/lib/arm-linux-gnueabi/libc-2.13.so+0xcdfe0)  #1  0xff7b3f6c
[Y]Call Stack:  in __libqasan_malloc /home/wuhuang/fuzz/qasan/libqasan/malloc.c:207  #2  0xff7b4162
[Y]Call Stack:  in __libqasan_calloc /home/wuhuang/fuzz/qasan/libqasan/malloc.c:283  #3  0xff7b30b2
[Y]Call Stack:  in calloc /home/wuhuang/fuzz/qasan/libqasan/hooks.c:80  #4  0x109b0
[Y]Call Stack:  in _ZN33CWE401_Memory_Leak__int_calloc_43L9badSourceERPi CWE401_Memory_Leak__int_calloc_43.cpp:?  #5  0x109f6
[Y]Call Stack:  in _ZN33CWE401_Memory_Leak__int_calloc_433badEv (/home/wuhuang/fuzz/qasan/Juliet_memLeak/testcase_test/CWE401_Memory_Leak/CWE401_Memory_Leak__int_calloc_43.out+0x9f6)  #6  0x10b0c
[Y]Call Stack:  in main (/home/wuhuang/fuzz/qasan/Juliet_memLeak/testcase_test/CWE401_Memory_Leak/CWE401_Memory_Leak__int_calloc_43.out+0xb0c)  #7  0xff7b2f24
[Y]Call Stack:  in __libc_start_main /home/wuhuang/fuzz/qasan/libqasan/libqasan.c:91  #8  0x108e0
[Y]Call Stack:  in _start /home/tcwg-buildslave/workspace/tcwg-make-release/label/tcwg-x86_64-ex40/target/arm-linux-gnueabi/snapshots/eglibc.git~linaro_eglibc-2_19/libc/csu/../ports/sysdeps/arm/start.S:128
using ASAN_GIOVESE
Calling good()...
A String
A String
Finished good()
Calling bad()...
A String
Finished bad()

=== Memory Leak Detected ===
Memory Range: [0x22218 - 0x2227c]
Call Stack (depth 7):
  #0  0xff67afe0
[Y]Call Stack:  in syscall (/home/wuhuang/fuzz/qasan/cramfs-root/lib/arm-linux-gnueabi/libc-2.13.so+0xcdfe0)  #1  0xff7b3f6c
[Y]Call Stack:  in __libqasan_malloc /home/wuhuang/fuzz/qasan/libqasan/malloc.c:207  #2  0xff7b308e
[Y]Call Stack:  in malloc /home/wuhuang/fuzz/qasan/libqasan/hooks.c:68  #3  0x108e6
[Y]Call Stack:  in CWE401_Memory_Leak__char_malloc_17_bad (/home/wuhuang/fuzz/qasan/Juliet_memLeak/testcase_test/CWE401_Memory_Leak/CWE401_Memory_Leak__char_malloc_17.out+0x8e6)  #4  0x10a54
[Y]Call Stack:  in main (/home/wuhuang/fuzz/qasan/Juliet_memLeak/testcase_test/CWE401_Memory_Leak/CWE401_Memory_Leak__char_malloc_17.out+0xa54)  #5  0xff7b2f24
[Y]Call Stack:  in __libc_start_main /home/wuhuang/fuzz/qasan/libqasan/libqasan.c:91  #6  0x10810
[Y]Call Stack:  in _start /home/tcwg-buildslave/workspace/tcwg-make-release/label/tcwg-x86_64-ex40/target/arm-linux-gnueabi/snapshots/eglibc.git~linaro_eglibc-2_19/libc/csu/../ports/sysdeps/arm/start.S:128
using ASAN_GIOVESE
Calling good()...
5
5
Finished good()
Calling bad()...
5
Finished bad()

=== Memory Leak Detected ===
Memory Range: [0x22340 - 0x224d0]
Call Stack (depth 8):
  #0  0xff67afe0
[Y]Call Stack:  in syscall (/home/wuhuang/fuzz/qasan/cramfs-root/lib/arm-linux-gnueabi/libc-2.13.so+0xcdfe0)  #1  0xff7b3f6c
[Y]Call Stack:  in __libqasan_malloc /home/wuhuang/fuzz/qasan/libqasan/malloc.c:207  #2  0xff7b4162
[Y]Call Stack:  in __libqasan_calloc /home/wuhuang/fuzz/qasan/libqasan/malloc.c:283  #3  0xff7b30b2
[Y]Call Stack:  in calloc /home/wuhuang/fuzz/qasan/libqasan/hooks.c:80  #4  0x10912
[Y]Call Stack:  in CWE401_Memory_Leak__int_calloc_31_bad (/home/wuhuang/fuzz/qasan/Juliet_memLeak/testcase_test/CWE401_Memory_Leak/CWE401_Memory_Leak__int_calloc_31.out+0x912)  #5  0x10a14
[Y]Call Stack:  in main (/home/wuhuang/fuzz/qasan/Juliet_memLeak/testcase_test/CWE401_Memory_Leak/CWE401_Memory_Leak__int_calloc_31.out+0xa14)  #6  0xff7b2f24
[Y]Call Stack:  in __libc_start_main /home/wuhuang/fuzz/qasan/libqasan/libqasan.c:91  #7  0x10840
[Y]Call Stack:  in _start /home/tcwg-buildslave/workspace/tcwg-make-release/label/tcwg-x86_64-ex40/target/arm-linux-gnueabi/snapshots/eglibc.git~linaro_eglibc-2_19/libc/csu/../ports/sysdeps/arm/start.S:128
using ASAN_GIOVESE
Calling good()...
A String
A String
A String
A String
Finished good()
Calling bad()...
A String
Finished bad()

=== Memory Leak Detected ===
Memory Range: [0x22398 - 0x223fc]
Call Stack (depth 8):
  #0  0xff67afe0
[Y]Call Stack:  in syscall (/home/wuhuang/fuzz/qasan/cramfs-root/lib/arm-linux-gnueabi/libc-2.13.so+0xcdfe0)  #1  0xff7b3f6c
[Y]Call Stack:  in __libqasan_malloc /home/wuhuang/fuzz/qasan/libqasan/malloc.c:207  #2  0xff7b4162
[Y]Call Stack:  in __libqasan_calloc /home/wuhuang/fuzz/qasan/libqasan/malloc.c:283  #3  0xff7b30b2
[Y]Call Stack:  in calloc /home/wuhuang/fuzz/qasan/libqasan/hooks.c:80  #4  0x10912
[Y]Call Stack:  in CWE401_Memory_Leak__char_calloc_02_bad (/home/wuhuang/fuzz/qasan/Juliet_memLeak/testcase_test/CWE401_Memory_Leak/CWE401_Memory_Leak__char_calloc_02.out+0x912)  #5  0x10aa8
[Y]Call Stack:  in main (/home/wuhuang/fuzz/qasan/Juliet_memLeak/testcase_test/CWE401_Memory_Leak/CWE401_Memory_Leak__char_calloc_02.out+0xaa8)  #6  0xff7b2f24
[Y]Call Stack:  in __libc_start_main /home/wuhuang/fuzz/qasan/libqasan/libqasan.c:91  #7  0x10840
[Y]Call Stack:  in _start /home/tcwg-buildslave/workspace/tcwg-make-release/label/tcwg-x86_64-ex40/target/arm-linux-gnueabi/snapshots/eglibc.git~linaro_eglibc-2_19/libc/csu/../ports/sysdeps/arm/start.S:128
using ASAN_GIOVESE
Calling good()...
A String
New String
A String
New String
Finished good()
Calling bad()...
A String
New String
Finished bad()
No memory leak detected.
using ASAN_GIOVESE
Calling good()...
5
10
5
10
Finished good()
Calling bad()...
5
10
Finished bad()
No memory leak detected.
using ASAN_GIOVESE
Calling good()...
0 -- 0
1 -- 1
0 -- 0
1 -- 1
Finished good()
Calling bad()...
0 -- 0
1 -- 1
Finished bad()
No memory leak detected.
using ASAN_GIOVESE
Calling good()...
A String
A String
A String
A String
Finished good()
Calling bad()...
A String
Finished bad()

=== Memory Leak Detected ===
Memory Range: [0x22398 - 0x223fc]
Call Stack (depth 8):
  #0  0xff67afe0
[Y]Call Stack:  in syscall (/home/wuhuang/fuzz/qasan/cramfs-root/lib/arm-linux-gnueabi/libc-2.13.so+0xcdfe0)  #1  0xff7b3f6c
[Y]Call Stack:  in __libqasan_malloc /home/wuhuang/fuzz/qasan/libqasan/malloc.c:207  #2  0xff7b41b0
[Y]Call Stack:  in __libqasan_realloc /home/wuhuang/fuzz/qasan/libqasan/malloc.c:294  #3  0xff7b30d6
[Y]Call Stack:  in realloc /home/wuhuang/fuzz/qasan/libqasan/hooks.c:92  #4  0x10924
[Y]Call Stack:  in CWE401_Memory_Leak__char_realloc_13_bad (/home/wuhuang/fuzz/qasan/Juliet_memLeak/testcase_test/CWE401_Memory_Leak/CWE401_Memory_Leak__char_realloc_13.out+0x924)  #5  0x10b20
[Y]Call Stack:  in main (/home/wuhuang/fuzz/qasan/Juliet_memLeak/testcase_test/CWE401_Memory_Leak/CWE401_Memory_Leak__char_realloc_13.out+0xb20)  #6  0xff7b2f24
[Y]Call Stack:  in __libc_start_main /home/wuhuang/fuzz/qasan/libqasan/libqasan.c:91  #7  0x10844
[Y]Call Stack:  in _start /home/tcwg-buildslave/workspace/tcwg-make-release/label/tcwg-x86_64-ex40/target/arm-linux-gnueabi/snapshots/eglibc.git~linaro_eglibc-2_19/libc/csu/../ports/sysdeps/arm/start.S:128
using ASAN_GIOVESE
Calling good()...
A String
A String
A String
A String
Finished good()
Calling bad()...
A String
Finished bad()

=== Memory Leak Detected ===
Memory Range: [0x22398 - 0x223fc]
Call Stack (depth 8):
  #0  0xff67afe0
[Y]Call Stack:  in syscall (/home/wuhuang/fuzz/qasan/cramfs-root/lib/arm-linux-gnueabi/libc-2.13.so+0xcdfe0)  #1  0xff7b3f6c
[Y]Call Stack:  in __libqasan_malloc /home/wuhuang/fuzz/qasan/libqasan/malloc.c:207  #2  0xff7b4162
[Y]Call Stack:  in __libqasan_calloc /home/wuhuang/fuzz/qasan/libqasan/malloc.c:283  #3  0xff7b30b2
[Y]Call Stack:  in calloc /home/wuhuang/fuzz/qasan/libqasan/hooks.c:80  #4  0x10920
[Y]Call Stack:  in CWE401_Memory_Leak__char_calloc_05_bad (/home/wuhuang/fuzz/qasan/Juliet_memLeak/testcase_test/CWE401_Memory_Leak/CWE401_Memory_Leak__char_calloc_05.out+0x920)  #5  0x10b24
[Y]Call Stack:  in main (/home/wuhuang/fuzz/qasan/Juliet_memLeak/testcase_test/CWE401_Memory_Leak/CWE401_Memory_Leak__char_calloc_05.out+0xb24)  #6  0xff7b2f24
[Y]Call Stack:  in __libc_start_main /home/wuhuang/fuzz/qasan/libqasan/libqasan.c:91  #7  0x10840
[Y]Call Stack:  in _start /home/tcwg-buildslave/workspace/tcwg-make-release/label/tcwg-x86_64-ex40/target/arm-linux-gnueabi/snapshots/eglibc.git~linaro_eglibc-2_19/libc/csu/../ports/sysdeps/arm/start.S:128
using ASAN_GIOVESE
Calling good()...
5
5
5
5
Finished good()
Calling bad()...
5
Finished bad()

=== Memory Leak Detected ===
Memory Range: [0x225e8 - 0x22778]
Call Stack (depth 8):
  #0  0xff67afe0
[Y]Call Stack:  in syscall (/home/wuhuang/fuzz/qasan/cramfs-root/lib/arm-linux-gnueabi/libc-2.13.so+0xcdfe0)  #1  0xff7b3f6c
[Y]Call Stack:  in __libqasan_malloc /home/wuhuang/fuzz/qasan/libqasan/malloc.c:207  #2  0xff7b41b0
[Y]Call Stack:  in __libqasan_realloc /home/wuhuang/fuzz/qasan/libqasan/malloc.c:294  #3  0xff7b30d6
[Y]Call Stack:  in realloc /home/wuhuang/fuzz/qasan/libqasan/hooks.c:92  #4  0x10926
[Y]Call Stack:  in CWE401_Memory_Leak__int_realloc_07_bad (/home/wuhuang/fuzz/qasan/Juliet_memLeak/testcase_test/CWE401_Memory_Leak/CWE401_Memory_Leak__int_realloc_07.out+0x926)  #5  0x10af4
[Y]Call Stack:  in main (/home/wuhuang/fuzz/qasan/Juliet_memLeak/testcase_test/CWE401_Memory_Leak/CWE401_Memory_Leak__int_realloc_07.out+0xaf4)  #6  0xff7b2f24
[Y]Call Stack:  in __libc_start_main /home/wuhuang/fuzz/qasan/libqasan/libqasan.c:91  #7  0x10844
[Y]Call Stack:  in _start /home/tcwg-buildslave/workspace/tcwg-make-release/label/tcwg-x86_64-ex40/target/arm-linux-gnueabi/snapshots/eglibc.git~linaro_eglibc-2_19/libc/csu/../ports/sysdeps/arm/start.S:128
using ASAN_GIOVESE
Calling good()...
5
10
5
10
Finished good()
Calling bad()...
5
10
Finished bad()
No memory leak detected.
using ASAN_GIOVESE
Calling good()...
0 -- 0
1 -- 1
Finished good()
Calling bad()...
0 -- 0
1 -- 1
Finished bad()
No memory leak detected.
using ASAN_GIOVESE
Calling good()...
A String
A String
A String
A String
Finished good()
Calling bad()...
A String
Finished bad()

=== Memory Leak Detected ===
Memory Range: [0x22398 - 0x223fc]
Call Stack (depth 8):
  #0  0xff67afe0
[Y]Call Stack:  in syscall (/home/wuhuang/fuzz/qasan/cramfs-root/lib/arm-linux-gnueabi/libc-2.13.so+0xcdfe0)  #1  0xff7b3f6c
[Y]Call Stack:  in __libqasan_malloc /home/wuhuang/fuzz/qasan/libqasan/malloc.c:207  #2  0xff7b41b0
[Y]Call Stack:  in __libqasan_realloc /home/wuhuang/fuzz/qasan/libqasan/malloc.c:294  #3  0xff7b30d6
[Y]Call Stack:  in realloc /home/wuhuang/fuzz/qasan/libqasan/hooks.c:92  #4  0x10924
[Y]Call Stack:  in CWE401_Memory_Leak__char_realloc_14_bad (/home/wuhuang/fuzz/qasan/Juliet_memLeak/testcase_test/CWE401_Memory_Leak/CWE401_Memory_Leak__char_realloc_14.out+0x924)  #5  0x10b20
[Y]Call Stack:  in main (/home/wuhuang/fuzz/qasan/Juliet_memLeak/testcase_test/CWE401_Memory_Leak/CWE401_Memory_Leak__char_realloc_14.out+0xb20)  #6  0xff7b2f24
[Y]Call Stack:  in __libc_start_main /home/wuhuang/fuzz/qasan/libqasan/libqasan.c:91  #7  0x10844
[Y]Call Stack:  in _start /home/tcwg-buildslave/workspace/tcwg-make-release/label/tcwg-x86_64-ex40/target/arm-linux-gnueabi/snapshots/eglibc.git~linaro_eglibc-2_19/libc/csu/../ports/sysdeps/arm/start.S:128
using ASAN_GIOVESE
Calling good()...
A String
A String
Finished good()
Calling bad()...
A String
Finished bad()

=== Memory Leak Detected ===
Memory Range: [0x22218 - 0x2227c]
Call Stack (depth 7):
  #0  0xff580fe0
[Y]Call Stack:  in syscall (/home/wuhuang/fuzz/qasan/cramfs-root/lib/arm-linux-gnueabi/libc-2.13.so+0xcdfe0)  #1  0xff7b3f6c
[Y]Call Stack:  in __libqasan_malloc /home/wuhuang/fuzz/qasan/libqasan/malloc.c:207  #2  0xff7b308e
[Y]Call Stack:  in malloc /home/wuhuang/fuzz/qasan/libqasan/hooks.c:68  #3  0x109e4
[Y]Call Stack:  in _ZN37CWE401_Memory_Leak__new_array_char_673badEv (/home/wuhuang/fuzz/qasan/Juliet_memLeak/testcase_test/CWE401_Memory_Leak/CWE401_Memory_Leak__new_array_char_67.out+0x9e4)  #4  0x10ae0
[Y]Call Stack:  in main (/home/wuhuang/fuzz/qasan/Juliet_memLeak/testcase_test/CWE401_Memory_Leak/CWE401_Memory_Leak__new_array_char_67.out+0xae0)  #5  0xff7b2f24
[Y]Call Stack:  in __libc_start_main /home/wuhuang/fuzz/qasan/libqasan/libqasan.c:91  #6  0x10914
[Y]Call Stack:  in _start /home/tcwg-buildslave/workspace/tcwg-make-release/label/tcwg-x86_64-ex40/target/arm-linux-gnueabi/snapshots/eglibc.git~linaro_eglibc-2_19/libc/csu/../ports/sysdeps/arm/start.S:128
using ASAN_GIOVESE
Calling good()...
A String
A String
A String
A String
Finished good()
Calling bad()...
A String
Finished bad()

=== Memory Leak Detected ===
Memory Range: [0x22398 - 0x223fc]
Call Stack (depth 7):
  #0  0xff67afe0
[Y]Call Stack:  in syscall (/home/wuhuang/fuzz/qasan/cramfs-root/lib/arm-linux-gnueabi/libc-2.13.so+0xcdfe0)  #1  0xff7b3f6c
[Y]Call Stack:  in __libqasan_malloc /home/wuhuang/fuzz/qasan/libqasan/malloc.c:207  #2  0xff7b308e
[Y]Call Stack:  in malloc /home/wuhuang/fuzz/qasan/libqasan/hooks.c:68  #3  0x108ee
[Y]Call Stack:  in CWE401_Memory_Leak__char_malloc_10_bad (/home/wuhuang/fuzz/qasan/Juliet_memLeak/testcase_test/CWE401_Memory_Leak/CWE401_Memory_Leak__char_malloc_10.out+0x8ee)  #4  0x10aec
[Y]Call Stack:  in main (/home/wuhuang/fuzz/qasan/Juliet_memLeak/testcase_test/CWE401_Memory_Leak/CWE401_Memory_Leak__char_malloc_10.out+0xaec)  #5  0xff7b2f24
[Y]Call Stack:  in __libc_start_main /home/wuhuang/fuzz/qasan/libqasan/libqasan.c:91  #6  0x10810
[Y]Call Stack:  in _start /home/tcwg-buildslave/workspace/tcwg-make-release/label/tcwg-x86_64-ex40/target/arm-linux-gnueabi/snapshots/eglibc.git~linaro_eglibc-2_19/libc/csu/../ports/sysdeps/arm/start.S:128
using ASAN_GIOVESE
Calling good()...
A String
A String
Finished good()
Calling bad()...
A String
Finished bad()

=== Memory Leak Detected ===
Memory Range: [0x22218 - 0x2227c]
Call Stack (depth 8):
  #0  0xff67afe0
[Y]Call Stack:  in syscall (/home/wuhuang/fuzz/qasan/cramfs-root/lib/arm-linux-gnueabi/libc-2.13.so+0xcdfe0)  #1  0xff7b3f6c
[Y]Call Stack:  in __libqasan_malloc /home/wuhuang/fuzz/qasan/libqasan/malloc.c:207  #2  0xff7b41b0
[Y]Call Stack:  in __libqasan_realloc /home/wuhuang/fuzz/qasan/libqasan/malloc.c:294  #3  0xff7b30d6
[Y]Call Stack:  in realloc /home/wuhuang/fuzz/qasan/libqasan/hooks.c:92  #4  0x10916
[Y]Call Stack:  in CWE401_Memory_Leak__char_realloc_68_bad (/home/wuhuang/fuzz/qasan/Juliet_memLeak/testcase_test/CWE401_Memory_Leak/CWE401_Memory_Leak__char_realloc_68.out+0x916)  #5  0x10a48
[Y]Call Stack:  in main (/home/wuhuang/fuzz/qasan/Juliet_memLeak/testcase_test/CWE401_Memory_Leak/CWE401_Memory_Leak__char_realloc_68.out+0xa48)  #6  0xff7b2f24
[Y]Call Stack:  in __libc_start_main /home/wuhuang/fuzz/qasan/libqasan/libqasan.c:91  #7  0x10844
[Y]Call Stack:  in _start /home/tcwg-buildslave/workspace/tcwg-make-release/label/tcwg-x86_64-ex40/target/arm-linux-gnueabi/snapshots/eglibc.git~linaro_eglibc-2_19/libc/csu/../ports/sysdeps/arm/start.S:128
using ASAN_GIOVESE
Calling good()...
A String
A String
Finished good()
Calling bad()...
A String
Finished bad()

=== Memory Leak Detected ===
Memory Range: [0x22218 - 0x2227c]
Call Stack (depth 8):
  #0  0xff67afe0
[Y]Call Stack:  in syscall (/home/wuhuang/fuzz/qasan/cramfs-root/lib/arm-linux-gnueabi/libc-2.13.so+0xcdfe0)  #1  0xff7b3f6c
[Y]Call Stack:  in __libqasan_malloc /home/wuhuang/fuzz/qasan/libqasan/malloc.c:207  #2  0xff7b41b0
[Y]Call Stack:  in __libqasan_realloc /home/wuhuang/fuzz/qasan/libqasan/malloc.c:294  #3  0xff7b30d6
[Y]Call Stack:  in realloc /home/wuhuang/fuzz/qasan/libqasan/hooks.c:92  #4  0x10916
[Y]Call Stack:  in CWE401_Memory_Leak__char_realloc_31_bad (/home/wuhuang/fuzz/qasan/Juliet_memLeak/testcase_test/CWE401_Memory_Leak/CWE401_Memory_Leak__char_realloc_31.out+0x916)  #5  0x10a34
[Y]Call Stack:  in main (/home/wuhuang/fuzz/qasan/Juliet_memLeak/testcase_test/CWE401_Memory_Leak/CWE401_Memory_Leak__char_realloc_31.out+0xa34)  #6  0xff7b2f24
[Y]Call Stack:  in __libc_start_main /home/wuhuang/fuzz/qasan/libqasan/libqasan.c:91  #7  0x10844
[Y]Call Stack:  in _start /home/tcwg-buildslave/workspace/tcwg-make-release/label/tcwg-x86_64-ex40/target/arm-linux-gnueabi/snapshots/eglibc.git~linaro_eglibc-2_19/libc/csu/../ports/sysdeps/arm/start.S:128
using ASAN_GIOVESE
Calling good()...
5
5
5
Finished good()
Calling bad()...
5
Finished bad()

=== Memory Leak Detected ===
Memory Range: [0x225e8 - 0x22778]
Call Stack (depth 8):
  #0  0xff67afe0
[Y]Call Stack:  in syscall (/home/wuhuang/fuzz/qasan/cramfs-root/lib/arm-linux-gnueabi/libc-2.13.so+0xcdfe0)  #1  0xff7b3f6c
[Y]Call Stack:  in __libqasan_malloc /home/wuhuang/fuzz/qasan/libqasan/malloc.c:207  #2  0xff7b41b0
[Y]Call Stack:  in __libqasan_realloc /home/wuhuang/fuzz/qasan/libqasan/malloc.c:294  #3  0xff7b30d6
[Y]Call Stack:  in realloc /home/wuhuang/fuzz/qasan/libqasan/hooks.c:92  #4  0x10918
[Y]Call Stack:  in CWE401_Memory_Leak__int_realloc_22_bad (/home/wuhuang/fuzz/qasan/Juliet_memLeak/testcase_test/CWE401_Memory_Leak/CWE401_Memory_Leak__int_realloc_22.out+0x918)  #5  0x10a80
[Y]Call Stack:  in main (/home/wuhuang/fuzz/qasan/Juliet_memLeak/testcase_test/CWE401_Memory_Leak/CWE401_Memory_Leak__int_realloc_22.out+0xa80)  #6  0xff7b2f24
[Y]Call Stack:  in __libc_start_main /home/wuhuang/fuzz/qasan/libqasan/libqasan.c:91  #7  0x10844
[Y]Call Stack:  in _start /home/tcwg-buildslave/workspace/tcwg-make-release/label/tcwg-x86_64-ex40/target/arm-linux-gnueabi/snapshots/eglibc.git~linaro_eglibc-2_19/libc/csu/../ports/sysdeps/arm/start.S:128
using ASAN_GIOVESE
Calling good()...
5
5
5
5
Finished good()
Calling bad()...
5
Finished bad()

=== Memory Leak Detected ===
Memory Range: [0x225e8 - 0x22778]
Call Stack (depth 7):
  #0  0xff67afe0
[Y]Call Stack:  in syscall (/home/wuhuang/fuzz/qasan/cramfs-root/lib/arm-linux-gnueabi/libc-2.13.so+0xcdfe0)  #1  0xff7b3f6c
[Y]Call Stack:  in __libqasan_malloc /home/wuhuang/fuzz/qasan/libqasan/malloc.c:207  #2  0xff7b308e
[Y]Call Stack:  in malloc /home/wuhuang/fuzz/qasan/libqasan/hooks.c:68  #3  0x108e8
[Y]Call Stack:  in CWE401_Memory_Leak__int_malloc_06_bad (/home/wuhuang/fuzz/qasan/Juliet_memLeak/testcase_test/CWE401_Memory_Leak/CWE401_Memory_Leak__int_malloc_06.out+0x8e8)  #4  0x10a88
[Y]Call Stack:  in main (/home/wuhuang/fuzz/qasan/Juliet_memLeak/testcase_test/CWE401_Memory_Leak/CWE401_Memory_Leak__int_malloc_06.out+0xa88)  #5  0xff7b2f24
[Y]Call Stack:  in __libc_start_main /home/wuhuang/fuzz/qasan/libqasan/libqasan.c:91  #6  0x10810
[Y]Call Stack:  in _start /home/tcwg-buildslave/workspace/tcwg-make-release/label/tcwg-x86_64-ex40/target/arm-linux-gnueabi/snapshots/eglibc.git~linaro_eglibc-2_19/libc/csu/../ports/sysdeps/arm/start.S:128
using ASAN_GIOVESE
Calling good()...
5
10
5
10
Finished good()
Calling bad()...
5
10
Finished bad()
No memory leak detected.
using ASAN_GIOVESE
Calling good()...
5
5
5
5
Finished good()
Calling bad()...
5
Finished bad()

=== Memory Leak Detected ===
Memory Range: [0x225e8 - 0x22778]
Call Stack (depth 8):
  #0  0xff67afe0
[Y]Call Stack:  in syscall (/home/wuhuang/fuzz/qasan/cramfs-root/lib/arm-linux-gnueabi/libc-2.13.so+0xcdfe0)  #1  0xff7b3f6c
[Y]Call Stack:  in __libqasan_malloc /home/wuhuang/fuzz/qasan/libqasan/malloc.c:207  #2  0xff7b4162
[Y]Call Stack:  in __libqasan_calloc /home/wuhuang/fuzz/qasan/libqasan/malloc.c:283  #3  0xff7b30b2
[Y]Call Stack:  in calloc /home/wuhuang/fuzz/qasan/libqasan/hooks.c:80  #4  0x10920
[Y]Call Stack:  in CWE401_Memory_Leak__int_calloc_13_bad (/home/wuhuang/fuzz/qasan/Juliet_memLeak/testcase_test/CWE401_Memory_Leak/CWE401_Memory_Leak__int_calloc_13.out+0x920)  #5  0x10af0
[Y]Call Stack:  in main (/home/wuhuang/fuzz/qasan/Juliet_memLeak/testcase_test/CWE401_Memory_Leak/CWE401_Memory_Leak__int_calloc_13.out+0xaf0)  #6  0xff7b2f24
[Y]Call Stack:  in __libc_start_main /home/wuhuang/fuzz/qasan/libqasan/libqasan.c:91  #7  0x10840
[Y]Call Stack:  in _start /home/tcwg-buildslave/workspace/tcwg-make-release/label/tcwg-x86_64-ex40/target/arm-linux-gnueabi/snapshots/eglibc.git~linaro_eglibc-2_19/libc/csu/../ports/sysdeps/arm/start.S:128
using ASAN_GIOVESE
Calling good()...
A String
A String
Finished good()
Calling bad()...
A String
Finished bad()

=== Memory Leak Detected ===
Memory Range: [0x22218 - 0x2227c]
Call Stack (depth 7):
  #0  0xff67afe0
[Y]Call Stack:  in syscall (/home/wuhuang/fuzz/qasan/cramfs-root/lib/arm-linux-gnueabi/libc-2.13.so+0xcdfe0)  #1  0xff7b3f6c
[Y]Call Stack:  in __libqasan_malloc /home/wuhuang/fuzz/qasan/libqasan/malloc.c:207  #2  0xff7b308e
[Y]Call Stack:  in malloc /home/wuhuang/fuzz/qasan/libqasan/hooks.c:68  #3  0x108ee
[Y]Call Stack:  in CWE401_Memory_Leak__char_malloc_32_bad (/home/wuhuang/fuzz/qasan/Juliet_memLeak/testcase_test/CWE401_Memory_Leak/CWE401_Memory_Leak__char_malloc_32.out+0x8ee)  #4  0x10a34
[Y]Call Stack:  in main (/home/wuhuang/fuzz/qasan/Juliet_memLeak/testcase_test/CWE401_Memory_Leak/CWE401_Memory_Leak__char_malloc_32.out+0xa34)  #5  0xff7b2f24
[Y]Call Stack:  in __libc_start_main /home/wuhuang/fuzz/qasan/libqasan/libqasan.c:91  #6  0x10810
[Y]Call Stack:  in _start /home/tcwg-buildslave/workspace/tcwg-make-release/label/tcwg-x86_64-ex40/target/arm-linux-gnueabi/snapshots/eglibc.git~linaro_eglibc-2_19/libc/csu/../ports/sysdeps/arm/start.S:128
using ASAN_GIOVESE
Calling good()...
5
5
5
5
Finished good()
Calling bad()...
5
Finished bad()

=== Memory Leak Detected ===
Memory Range: [0x225e8 - 0x22778]
Call Stack (depth 8):
  #0  0xff67afe0
[Y]Call Stack:  in syscall (/home/wuhuang/fuzz/qasan/cramfs-root/lib/arm-linux-gnueabi/libc-2.13.so+0xcdfe0)  #1  0xff7b3f6c
[Y]Call Stack:  in __libqasan_malloc /home/wuhuang/fuzz/qasan/libqasan/malloc.c:207  #2  0xff7b4162
[Y]Call Stack:  in __libqasan_calloc /home/wuhuang/fuzz/qasan/libqasan/malloc.c:283  #3  0xff7b30b2
[Y]Call Stack:  in calloc /home/wuhuang/fuzz/qasan/libqasan/hooks.c:80  #4  0x10920
[Y]Call Stack:  in CWE401_Memory_Leak__int_calloc_14_bad (/home/wuhuang/fuzz/qasan/Juliet_memLeak/testcase_test/CWE401_Memory_Leak/CWE401_Memory_Leak__int_calloc_14.out+0x920)  #5  0x10af0
[Y]Call Stack:  in main (/home/wuhuang/fuzz/qasan/Juliet_memLeak/testcase_test/CWE401_Memory_Leak/CWE401_Memory_Leak__int_calloc_14.out+0xaf0)  #6  0xff7b2f24
[Y]Call Stack:  in __libc_start_main /home/wuhuang/fuzz/qasan/libqasan/libqasan.c:91  #7  0x10840
[Y]Call Stack:  in _start /home/tcwg-buildslave/workspace/tcwg-make-release/label/tcwg-x86_64-ex40/target/arm-linux-gnueabi/snapshots/eglibc.git~linaro_eglibc-2_19/libc/csu/../ports/sysdeps/arm/start.S:128
using ASAN_GIOVESE
Calling good()...
A String
A String
Finished good()
Calling bad()...
A String
Finished bad()

=== Memory Leak Detected ===
Memory Range: [0x22218 - 0x2227c]
Call Stack (depth 7):
  #0  0xff580fe0
[Y]Call Stack:  in syscall (/home/wuhuang/fuzz/qasan/cramfs-root/lib/arm-linux-gnueabi/libc-2.13.so+0xcdfe0)  #1  0xff7b3f6c
[Y]Call Stack:  in __libqasan_malloc /home/wuhuang/fuzz/qasan/libqasan/malloc.c:207  #2  0xff7b308e
[Y]Call Stack:  in malloc /home/wuhuang/fuzz/qasan/libqasan/hooks.c:68  #3  0x10a00
[Y]Call Stack:  in _ZN37CWE401_Memory_Leak__new_array_char_453badEv (/home/wuhuang/fuzz/qasan/Juliet_memLeak/testcase_test/CWE401_Memory_Leak/CWE401_Memory_Leak__new_array_char_45.out+0xa00)  #4  0x10b4c
[Y]Call Stack:  in main (/home/wuhuang/fuzz/qasan/Juliet_memLeak/testcase_test/CWE401_Memory_Leak/CWE401_Memory_Leak__new_array_char_45.out+0xb4c)  #5  0xff7b2f24
[Y]Call Stack:  in __libc_start_main /home/wuhuang/fuzz/qasan/libqasan/libqasan.c:91  #6  0x10914
[Y]Call Stack:  in _start /home/tcwg-buildslave/workspace/tcwg-make-release/label/tcwg-x86_64-ex40/target/arm-linux-gnueabi/snapshots/eglibc.git~linaro_eglibc-2_19/libc/csu/../ports/sysdeps/arm/start.S:128
using ASAN_GIOVESE
Calling good()...
5
5
Finished good()
Calling bad()...
5
Finished bad()

=== Memory Leak Detected ===
Memory Range: [0x22340 - 0x224d0]
Call Stack (depth 8):
  #0  0xff67afe0
[Y]Call Stack:  in syscall (/home/wuhuang/fuzz/qasan/cramfs-root/lib/arm-linux-gnueabi/libc-2.13.so+0xcdfe0)  #1  0xff7b3f6c
[Y]Call Stack:  in __libqasan_malloc /home/wuhuang/fuzz/qasan/libqasan/malloc.c:207  #2  0xff7b4162
[Y]Call Stack:  in __libqasan_calloc /home/wuhuang/fuzz/qasan/libqasan/malloc.c:283  #3  0xff7b30b2
[Y]Call Stack:  in calloc /home/wuhuang/fuzz/qasan/libqasan/hooks.c:80  #4  0x10912
[Y]Call Stack:  in CWE401_Memory_Leak__int_calloc_68_bad (/home/wuhuang/fuzz/qasan/Juliet_memLeak/testcase_test/CWE401_Memory_Leak/CWE401_Memory_Leak__int_calloc_68.out+0x912)  #5  0x10a28
[Y]Call Stack:  in main (/home/wuhuang/fuzz/qasan/Juliet_memLeak/testcase_test/CWE401_Memory_Leak/CWE401_Memory_Leak__int_calloc_68.out+0xa28)  #6  0xff7b2f24
[Y]Call Stack:  in __libc_start_main /home/wuhuang/fuzz/qasan/libqasan/libqasan.c:91  #7  0x10840
[Y]Call Stack:  in _start /home/tcwg-buildslave/workspace/tcwg-make-release/label/tcwg-x86_64-ex40/target/arm-linux-gnueabi/snapshots/eglibc.git~linaro_eglibc-2_19/libc/csu/../ports/sysdeps/arm/start.S:128
using ASAN_GIOVESE
Calling good()...
5
5
Finished good()
Calling bad()...
5
Finished bad()

=== Memory Leak Detected ===
Memory Range: [0x22340 - 0x224d0]
Call Stack (depth 7):
  #0  0xff67afe0
[Y]Call Stack:  in syscall (/home/wuhuang/fuzz/qasan/cramfs-root/lib/arm-linux-gnueabi/libc-2.13.so+0xcdfe0)  #1  0xff7b3f6c
[Y]Call Stack:  in __libqasan_malloc /home/wuhuang/fuzz/qasan/libqasan/malloc.c:207  #2  0xff7b308e
[Y]Call Stack:  in malloc /home/wuhuang/fuzz/qasan/libqasan/hooks.c:68  #3  0x108e2
[Y]Call Stack:  in CWE401_Memory_Leak__int_malloc_01_bad (/home/wuhuang/fuzz/qasan/Juliet_memLeak/testcase_test/CWE401_Memory_Leak/CWE401_Memory_Leak__int_malloc_01.out+0x8e2)  #4  0x109cc
[Y]Call Stack:  in main (/home/wuhuang/fuzz/qasan/Juliet_memLeak/testcase_test/CWE401_Memory_Leak/CWE401_Memory_Leak__int_malloc_01.out+0x9cc)  #5  0xff7b2f24
[Y]Call Stack:  in __libc_start_main /home/wuhuang/fuzz/qasan/libqasan/libqasan.c:91  #6  0x10810
[Y]Call Stack:  in _start /home/tcwg-buildslave/workspace/tcwg-make-release/label/tcwg-x86_64-ex40/target/arm-linux-gnueabi/snapshots/eglibc.git~linaro_eglibc-2_19/libc/csu/../ports/sysdeps/arm/start.S:128
using ASAN_GIOVESE
Calling good()...
5
10
Finished good()
Calling bad()...
5
10
Finished bad()
No memory leak detected.
using ASAN_GIOVESE
Calling good()...
A String
A String
Finished good()
Calling bad()...
A String
Finished bad()

=== Memory Leak Detected ===
Memory Range: [0x22218 - 0x2227c]
Call Stack (depth 8):
  #0  0xff67afe0
[Y]Call Stack:  in syscall (/home/wuhuang/fuzz/qasan/cramfs-root/lib/arm-linux-gnueabi/libc-2.13.so+0xcdfe0)  #1  0xff7b3f6c
[Y]Call Stack:  in __libqasan_malloc /home/wuhuang/fuzz/qasan/libqasan/malloc.c:207  #2  0xff7b41b0
[Y]Call Stack:  in __libqasan_realloc /home/wuhuang/fuzz/qasan/libqasan/malloc.c:294  #3  0xff7b30d6
[Y]Call Stack:  in realloc /home/wuhuang/fuzz/qasan/libqasan/hooks.c:92  #4  0x10934
[Y]Call Stack:  in CWE401_Memory_Leak__char_realloc_44_bad (/home/wuhuang/fuzz/qasan/Juliet_memLeak/testcase_test/CWE401_Memory_Leak/CWE401_Memory_Leak__char_realloc_44.out+0x934)  #5  0x10a84
[Y]Call Stack:  in main (/home/wuhuang/fuzz/qasan/Juliet_memLeak/testcase_test/CWE401_Memory_Leak/CWE401_Memory_Leak__char_realloc_44.out+0xa84)  #6  0xff7b2f24
[Y]Call Stack:  in __libc_start_main /home/wuhuang/fuzz/qasan/libqasan/libqasan.c:91  #7  0x10844
[Y]Call Stack:  in _start /home/tcwg-buildslave/workspace/tcwg-make-release/label/tcwg-x86_64-ex40/target/arm-linux-gnueabi/snapshots/eglibc.git~linaro_eglibc-2_19/libc/csu/../ports/sysdeps/arm/start.S:128
using ASAN_GIOVESE
Calling good()...
5
5
Finished good()
Calling bad()...
5
Finished bad()

=== Memory Leak Detected ===
Memory Range: [0x23120 - 0x232b0]
Call Stack (depth 7):
  #0  0xff580fe0
[Y]Call Stack:  in syscall (/home/wuhuang/fuzz/qasan/cramfs-root/lib/arm-linux-gnueabi/libc-2.13.so+0xcdfe0)  #1  0xff7b3f6c
[Y]Call Stack:  in __libqasan_malloc /home/wuhuang/fuzz/qasan/libqasan/malloc.c:207  #2  0xff7b308e
[Y]Call Stack:  in malloc /home/wuhuang/fuzz/qasan/libqasan/hooks.c:68  #3  0x10b68
[Y]Call Stack:  in _ZN33CWE401_Memory_Leak__int_malloc_733badEv (/home/wuhuang/fuzz/qasan/Juliet_memLeak/testcase_test/CWE401_Memory_Leak/CWE401_Memory_Leak__int_malloc_73.out+0xb68)  #4  0x10db8
[Y]Call Stack:  in main (/home/wuhuang/fuzz/qasan/Juliet_memLeak/testcase_test/CWE401_Memory_Leak/CWE401_Memory_Leak__int_malloc_73.out+0xdb8)  #5  0xff7b2f24
[Y]Call Stack:  in __libc_start_main /home/wuhuang/fuzz/qasan/libqasan/libqasan.c:91  #6  0x10a8c
[Y]Call Stack:  in _start /home/tcwg-buildslave/workspace/tcwg-make-release/label/tcwg-x86_64-ex40/target/arm-linux-gnueabi/snapshots/eglibc.git~linaro_eglibc-2_19/libc/csu/../ports/sysdeps/arm/start.S:128
using ASAN_GIOVESE
Calling good()...
A String
A String
Finished good()
Calling bad()...
A String
Finished bad()

=== Memory Leak Detected ===
Memory Range: [0x22578 - 0x225dc]
Call Stack (depth 9):
  #0  0xff580fe0
[Y]Call Stack:  in syscall (/home/wuhuang/fuzz/qasan/cramfs-root/lib/arm-linux-gnueabi/libc-2.13.so+0xcdfe0)  #1  0xff7b3f6c
[Y]Call Stack:  in __libqasan_malloc /home/wuhuang/fuzz/qasan/libqasan/malloc.c:207  #2  0xff7b4162
[Y]Call Stack:  in __libqasan_calloc /home/wuhuang/fuzz/qasan/libqasan/malloc.c:283  #3  0xff7b30b2
[Y]Call Stack:  in calloc /home/wuhuang/fuzz/qasan/libqasan/hooks.c:80  #4  0x10c08
[Y]Call Stack:  in _ZN34CWE401_Memory_Leak__char_calloc_8438CWE401_Memory_Leak__char_calloc_84_badC1EPc (/home/wuhuang/fuzz/qasan/Juliet_memLeak/testcase_test/CWE401_Memory_Leak/CWE401_Memory_Leak__char_calloc_84.out+0xc08)  #5  0x10ade
[Y]Call Stack:  in _ZN34CWE401_Memory_Leak__char_calloc_843badEv (/home/wuhuang/fuzz/qasan/Juliet_memLeak/testcase_test/CWE401_Memory_Leak/CWE401_Memory_Leak__char_calloc_84.out+0xade)  #6  0x10bd8
[Y]Call Stack:  in main (/home/wuhuang/fuzz/qasan/Juliet_memLeak/testcase_test/CWE401_Memory_Leak/CWE401_Memory_Leak__char_calloc_84.out+0xbd8)  #7  0xff7b2f24
[Y]Call Stack:  in __libc_start_main /home/wuhuang/fuzz/qasan/libqasan/libqasan.c:91  #8  0x10a04
[Y]Call Stack:  in _start /home/tcwg-buildslave/workspace/tcwg-make-release/label/tcwg-x86_64-ex40/target/arm-linux-gnueabi/snapshots/eglibc.git~linaro_eglibc-2_19/libc/csu/../ports/sysdeps/arm/start.S:128
using ASAN_GIOVESE
Calling good()...
5
5
Finished good()
Calling bad()...
5
Finished bad()

=== Memory Leak Detected ===
Memory Range: [0x22340 - 0x224d0]
Call Stack (depth 8):
  #0  0xff67afe0
[Y]Call Stack:  in syscall (/home/wuhuang/fuzz/qasan/cramfs-root/lib/arm-linux-gnueabi/libc-2.13.so+0xcdfe0)  #1  0xff7b3f6c
[Y]Call Stack:  in __libqasan_malloc /home/wuhuang/fuzz/qasan/libqasan/malloc.c:207  #2  0xff7b4162
[Y]Call Stack:  in __libqasan_calloc /home/wuhuang/fuzz/qasan/libqasan/malloc.c:283  #3  0xff7b30b2
[Y]Call Stack:  in calloc /home/wuhuang/fuzz/qasan/libqasan/hooks.c:80  #4  0x10912
[Y]Call Stack:  in CWE401_Memory_Leak__int_calloc_66_bad (/home/wuhuang/fuzz/qasan/Juliet_memLeak/testcase_test/CWE401_Memory_Leak/CWE401_Memory_Leak__int_calloc_66.out+0x912)  #5  0x10a1c
[Y]Call Stack:  in main (/home/wuhuang/fuzz/qasan/Juliet_memLeak/testcase_test/CWE401_Memory_Leak/CWE401_Memory_Leak__int_calloc_66.out+0xa1c)  #6  0xff7b2f24
[Y]Call Stack:  in __libc_start_main /home/wuhuang/fuzz/qasan/libqasan/libqasan.c:91  #7  0x10840
[Y]Call Stack:  in _start /home/tcwg-buildslave/workspace/tcwg-make-release/label/tcwg-x86_64-ex40/target/arm-linux-gnueabi/snapshots/eglibc.git~linaro_eglibc-2_19/libc/csu/../ports/sysdeps/arm/start.S:128
using ASAN_GIOVESE
Calling good()...
5
5
Finished good()
Calling bad()...
5
Finished bad()

=== Memory Leak Detected ===
Memory Range: [0x22340 - 0x224d0]
Call Stack (depth 9):
  #0  0xff67afe0
[Y]Call Stack:  in syscall (/home/wuhuang/fuzz/qasan/cramfs-root/lib/arm-linux-gnueabi/libc-2.13.so+0xcdfe0)  #1  0xff7b3f6c
[Y]Call Stack:  in __libqasan_malloc /home/wuhuang/fuzz/qasan/libqasan/malloc.c:207  #2  0xff7b4162
[Y]Call Stack:  in __libqasan_calloc /home/wuhuang/fuzz/qasan/libqasan/malloc.c:283  #3  0xff7b30b2
[Y]Call Stack:  in calloc /home/wuhuang/fuzz/qasan/libqasan/hooks.c:80  #4  0x109cc
[Y]Call Stack:  in CWE401_Memory_Leak__int_calloc_61b_badSource (/home/wuhuang/fuzz/qasan/Juliet_memLeak/testcase_test/CWE401_Memory_Leak/CWE401_Memory_Leak__int_calloc_61.out+0x9cc)  #5  0x10910
[Y]Call Stack:  in CWE401_Memory_Leak__int_calloc_61_bad (/home/wuhuang/fuzz/qasan/Juliet_memLeak/testcase_test/CWE401_Memory_Leak/CWE401_Memory_Leak__int_calloc_61.out+0x910)  #6  0x109a4
[Y]Call Stack:  in main (/home/wuhuang/fuzz/qasan/Juliet_memLeak/testcase_test/CWE401_Memory_Leak/CWE401_Memory_Leak__int_calloc_61.out+0x9a4)  #7  0xff7b2f24
[Y]Call Stack:  in __libc_start_main /home/wuhuang/fuzz/qasan/libqasan/libqasan.c:91  #8  0x10840
[Y]Call Stack:  in _start /home/tcwg-buildslave/workspace/tcwg-make-release/label/tcwg-x86_64-ex40/target/arm-linux-gnueabi/snapshots/eglibc.git~linaro_eglibc-2_19/libc/csu/../ports/sysdeps/arm/start.S:128
using ASAN_GIOVESE
Calling good()...
5
5
5
5
Finished good()
Calling bad()...
5
Finished bad()

=== Memory Leak Detected ===
Memory Range: [0x225e8 - 0x22778]
Call Stack (depth 7):
  #0  0xff67afe0
[Y]Call Stack:  in syscall (/home/wuhuang/fuzz/qasan/cramfs-root/lib/arm-linux-gnueabi/libc-2.13.so+0xcdfe0)  #1  0xff7b3f6c
[Y]Call Stack:  in __libqasan_malloc /home/wuhuang/fuzz/qasan/libqasan/malloc.c:207  #2  0xff7b308e
[Y]Call Stack:  in malloc /home/wuhuang/fuzz/qasan/libqasan/hooks.c:68  #3  0x1090c
[Y]Call Stack:  in CWE401_Memory_Leak__int_malloc_08_bad (/home/wuhuang/fuzz/qasan/Juliet_memLeak/testcase_test/CWE401_Memory_Leak/CWE401_Memory_Leak__int_malloc_08.out+0x90c)  #4  0x10ad0
[Y]Call Stack:  in main (/home/wuhuang/fuzz/qasan/Juliet_memLeak/testcase_test/CWE401_Memory_Leak/CWE401_Memory_Leak__int_malloc_08.out+0xad0)  #5  0xff7b2f24
[Y]Call Stack:  in __libc_start_main /home/wuhuang/fuzz/qasan/libqasan/libqasan.c:91  #6  0x10810
[Y]Call Stack:  in _start /home/tcwg-buildslave/workspace/tcwg-make-release/label/tcwg-x86_64-ex40/target/arm-linux-gnueabi/snapshots/eglibc.git~linaro_eglibc-2_19/libc/csu/../ports/sysdeps/arm/start.S:128
using ASAN_GIOVESE
Calling good()...
5
10
5
10
Finished good()
Calling bad()...
5
10
Finished bad()
No memory leak detected.
using ASAN_GIOVESE
Calling good()...
A String
A String
Finished good()
Calling bad()...
A String
Finished bad()

=== Memory Leak Detected ===
Memory Range: [0x22218 - 0x2227c]
Call Stack (depth 9):
  #0  0xff580fe0
[Y]Call Stack:  in syscall (/home/wuhuang/fuzz/qasan/cramfs-root/lib/arm-linux-gnueabi/libc-2.13.so+0xcdfe0)  #1  0xff7b3f6c
[Y]Call Stack:  in __libqasan_malloc /home/wuhuang/fuzz/qasan/libqasan/malloc.c:207  #2  0xff7b41b0
[Y]Call Stack:  in __libqasan_realloc /home/wuhuang/fuzz/qasan/libqasan/malloc.c:294  #3  0xff7b30d6
[Y]Call Stack:  in realloc /home/wuhuang/fuzz/qasan/libqasan/hooks.c:92  #4  0x109b6
[Y]Call Stack:  in _ZN35CWE401_Memory_Leak__char_realloc_43L9badSourceERPc CWE401_Memory_Leak__char_realloc_43.cpp:?  #5  0x10a06
[Y]Call Stack:  in _ZN35CWE401_Memory_Leak__char_realloc_433badEv (/home/wuhuang/fuzz/qasan/Juliet_memLeak/testcase_test/CWE401_Memory_Leak/CWE401_Memory_Leak__char_realloc_43.out+0xa06)  #6  0x10b38
[Y]Call Stack:  in main (/home/wuhuang/fuzz/qasan/Juliet_memLeak/testcase_test/CWE401_Memory_Leak/CWE401_Memory_Leak__char_realloc_43.out+0xb38)  #7  0xff7b2f24
[Y]Call Stack:  in __libc_start_main /home/wuhuang/fuzz/qasan/libqasan/libqasan.c:91  #8  0x108e0
[Y]Call Stack:  in _start /home/tcwg-buildslave/workspace/tcwg-make-release/label/tcwg-x86_64-ex40/target/arm-linux-gnueabi/snapshots/eglibc.git~linaro_eglibc-2_19/libc/csu/../ports/sysdeps/arm/start.S:128
using ASAN_GIOVESE
Calling good()...
A String
A String
Finished good()
Calling bad()...
A String
Finished bad()

=== Memory Leak Detected ===
Memory Range: [0x22218 - 0x2227c]
Call Stack (depth 8):
  #0  0xff67afe0
[Y]Call Stack:  in syscall (/home/wuhuang/fuzz/qasan/cramfs-root/lib/arm-linux-gnueabi/libc-2.13.so+0xcdfe0)  #1  0xff7b3f6c
[Y]Call Stack:  in __libqasan_malloc /home/wuhuang/fuzz/qasan/libqasan/malloc.c:207  #2  0xff7b4162
[Y]Call Stack:  in __libqasan_calloc /home/wuhuang/fuzz/qasan/libqasan/malloc.c:283  #3  0xff7b30b2
[Y]Call Stack:  in calloc /home/wuhuang/fuzz/qasan/libqasan/hooks.c:80  #4  0x10912
[Y]Call Stack:  in CWE401_Memory_Leak__char_calloc_52_bad (/home/wuhuang/fuzz/qasan/Juliet_memLeak/testcase_test/CWE401_Memory_Leak/CWE401_Memory_Leak__char_calloc_52.out+0x912)  #5  0x10a28
[Y]Call Stack:  in main (/home/wuhuang/fuzz/qasan/Juliet_memLeak/testcase_test/CWE401_Memory_Leak/CWE401_Memory_Leak__char_calloc_52.out+0xa28)  #6  0xff7b2f24
[Y]Call Stack:  in __libc_start_main /home/wuhuang/fuzz/qasan/libqasan/libqasan.c:91  #7  0x10840
[Y]Call Stack:  in _start /home/tcwg-buildslave/workspace/tcwg-make-release/label/tcwg-x86_64-ex40/target/arm-linux-gnueabi/snapshots/eglibc.git~linaro_eglibc-2_19/libc/csu/../ports/sysdeps/arm/start.S:128
using ASAN_GIOVESE
Calling good()...
A String
A String
Finished good()
Calling bad()...
A String
Finished bad()

=== Memory Leak Detected ===
Memory Range: [0x22218 - 0x2227c]
Call Stack (depth 9):
  #0  0xff580fe0
[Y]Call Stack:  in syscall (/home/wuhuang/fuzz/qasan/cramfs-root/lib/arm-linux-gnueabi/libc-2.13.so+0xcdfe0)  #1  0xff7b3f6c
[Y]Call Stack:  in __libqasan_malloc /home/wuhuang/fuzz/qasan/libqasan/malloc.c:207  #2  0xff7b4162
[Y]Call Stack:  in __libqasan_calloc /home/wuhuang/fuzz/qasan/libqasan/malloc.c:283  #3  0xff7b30b2
[Y]Call Stack:  in calloc /home/wuhuang/fuzz/qasan/libqasan/hooks.c:80  #4  0x10a90
[Y]Call Stack:  in _ZN34CWE401_Memory_Leak__char_calloc_8338CWE401_Memory_Leak__char_calloc_83_badC1EPc (/home/wuhuang/fuzz/qasan/Juliet_memLeak/testcase_test/CWE401_Memory_Leak/CWE401_Memory_Leak__char_calloc_83.out+0xa90)  #5  0x109b4
[Y]Call Stack:  in _ZN34CWE401_Memory_Leak__char_calloc_833badEv (/home/wuhuang/fuzz/qasan/Juliet_memLeak/testcase_test/CWE401_Memory_Leak/CWE401_Memory_Leak__char_calloc_83.out+0x9b4)  #6  0x10a60
[Y]Call Stack:  in main (/home/wuhuang/fuzz/qasan/Juliet_memLeak/testcase_test/CWE401_Memory_Leak/CWE401_Memory_Leak__char_calloc_83.out+0xa60)  #7  0xff7b2f24
[Y]Call Stack:  in __libc_start_main /home/wuhuang/fuzz/qasan/libqasan/libqasan.c:91  #8  0x108e0
[Y]Call Stack:  in _start /home/tcwg-buildslave/workspace/tcwg-make-release/label/tcwg-x86_64-ex40/target/arm-linux-gnueabi/snapshots/eglibc.git~linaro_eglibc-2_19/libc/csu/../ports/sysdeps/arm/start.S:128
using ASAN_GIOVESE
Calling good()...
5
5
Finished good()
Calling bad()...
5
Finished bad()

=== Memory Leak Detected ===
Memory Range: [0x24180 - 0x24310]
Call Stack (depth 7):
  #0  0xff580fe0
[Y]Call Stack:  in syscall (/home/wuhuang/fuzz/qasan/cramfs-root/lib/arm-linux-gnueabi/libc-2.13.so+0xcdfe0)  #1  0xff7b3f6c
[Y]Call Stack:  in __libqasan_malloc /home/wuhuang/fuzz/qasan/libqasan/malloc.c:207  #2  0xff7b308e
[Y]Call Stack:  in malloc /home/wuhuang/fuzz/qasan/libqasan/hooks.c:68  #3  0x10d10
[Y]Call Stack:  in _ZN33CWE401_Memory_Leak__int_malloc_743badEv (/home/wuhuang/fuzz/qasan/Juliet_memLeak/testcase_test/CWE401_Memory_Leak/CWE401_Memory_Leak__int_malloc_74.out+0xd10)  #4  0x10fb8
[Y]Call Stack:  in main (/home/wuhuang/fuzz/qasan/Juliet_memLeak/testcase_test/CWE401_Memory_Leak/CWE401_Memory_Leak__int_malloc_74.out+0xfb8)  #5  0xff7b2f24
[Y]Call Stack:  in __libc_start_main /home/wuhuang/fuzz/qasan/libqasan/libqasan.c:91  #6  0x10c34
[Y]Call Stack:  in _start /home/tcwg-buildslave/workspace/tcwg-make-release/label/tcwg-x86_64-ex40/target/arm-linux-gnueabi/snapshots/eglibc.git~linaro_eglibc-2_19/libc/csu/../ports/sysdeps/arm/start.S:128
using ASAN_GIOVESE
Calling good()...
5
5
Finished good()
Calling bad()...
5
Finished bad()

=== Memory Leak Detected ===
Memory Range: [0x22340 - 0x224d0]
Call Stack (depth 8):
  #0  0xff580fe0
[Y]Call Stack:  in syscall (/home/wuhuang/fuzz/qasan/cramfs-root/lib/arm-linux-gnueabi/libc-2.13.so+0xcdfe0)  #1  0xff7b3f6c
[Y]Call Stack:  in __libqasan_malloc /home/wuhuang/fuzz/qasan/libqasan/malloc.c:207  #2  0xff7b41b0
[Y]Call Stack:  in __libqasan_realloc /home/wuhuang/fuzz/qasan/libqasan/malloc.c:294  #3  0xff7b30d6
[Y]Call Stack:  in realloc /home/wuhuang/fuzz/qasan/libqasan/hooks.c:92  #4  0x10aaa
[Y]Call Stack:  in _ZN34CWE401_Memory_Leak__int_realloc_813badEv (/home/wuhuang/fuzz/qasan/Juliet_memLeak/testcase_test/CWE401_Memory_Leak/CWE401_Memory_Leak__int_realloc_81.out+0xaaa)  #5  0x10bf0
[Y]Call Stack:  in main (/home/wuhuang/fuzz/qasan/Juliet_memLeak/testcase_test/CWE401_Memory_Leak/CWE401_Memory_Leak__int_realloc_81.out+0xbf0)  #6  0xff7b2f24
[Y]Call Stack:  in __libc_start_main /home/wuhuang/fuzz/qasan/libqasan/libqasan.c:91  #7  0x109d4
[Y]Call Stack:  in _start /home/tcwg-buildslave/workspace/tcwg-make-release/label/tcwg-x86_64-ex40/target/arm-linux-gnueabi/snapshots/eglibc.git~linaro_eglibc-2_19/libc/csu/../ports/sysdeps/arm/start.S:128
using ASAN_GIOVESE
Calling good()...
5
5
Finished good()
Calling bad()...
5
Finished bad()

=== Memory Leak Detected ===
Memory Range: [0x22340 - 0x224d0]
Call Stack (depth 8):
  #0  0xff67afe0
[Y]Call Stack:  in syscall (/home/wuhuang/fuzz/qasan/cramfs-root/lib/arm-linux-gnueabi/libc-2.13.so+0xcdfe0)  #1  0xff7b3f6c
[Y]Call Stack:  in __libqasan_malloc /home/wuhuang/fuzz/qasan/libqasan/malloc.c:207  #2  0xff7b4162
[Y]Call Stack:  in __libqasan_calloc /home/wuhuang/fuzz/qasan/libqasan/malloc.c:283  #3  0xff7b30b2
[Y]Call Stack:  in calloc /home/wuhuang/fuzz/qasan/libqasan/hooks.c:80  #4  0x10912
[Y]Call Stack:  in CWE401_Memory_Leak__int_calloc_54_bad (/home/wuhuang/fuzz/qasan/Juliet_memLeak/testcase_test/CWE401_Memory_Leak/CWE401_Memory_Leak__int_calloc_54.out+0x912)  #5  0x10a08
[Y]Call Stack:  in main (/home/wuhuang/fuzz/qasan/Juliet_memLeak/testcase_test/CWE401_Memory_Leak/CWE401_Memory_Leak__int_calloc_54.out+0xa08)  #6  0xff7b2f24
[Y]Call Stack:  in __libc_start_main /home/wuhuang/fuzz/qasan/libqasan/libqasan.c:91  #7  0x10840
[Y]Call Stack:  in _start /home/tcwg-buildslave/workspace/tcwg-make-release/label/tcwg-x86_64-ex40/target/arm-linux-gnueabi/snapshots/eglibc.git~linaro_eglibc-2_19/libc/csu/../ports/sysdeps/arm/start.S:128
using ASAN_GIOVESE
Calling good()...
0 -- 0
1 -- 1
0 -- 0
1 -- 1
Finished good()
Calling bad()...
0 -- 0
1 -- 1
Finished bad()
No memory leak detected.
using ASAN_GIOVESE
Calling good()...
A String
A String
Finished good()
Calling bad()...
A String
Finished bad()

=== Memory Leak Detected ===
Memory Range: [0x23b38 - 0x23b9c]
Call Stack (depth 7):
  #0  0xff580fe0
[Y]Call Stack:  in syscall (/home/wuhuang/fuzz/qasan/cramfs-root/lib/arm-linux-gnueabi/libc-2.13.so+0xcdfe0)  #1  0xff7b3f6c
[Y]Call Stack:  in __libqasan_malloc /home/wuhuang/fuzz/qasan/libqasan/malloc.c:207  #2  0xff7b308e
[Y]Call Stack:  in malloc /home/wuhuang/fuzz/qasan/libqasan/hooks.c:68  #3  0x10c66
[Y]Call Stack:  in _ZN34CWE401_Memory_Leak__char_malloc_723badEv (/home/wuhuang/fuzz/qasan/Juliet_memLeak/testcase_test/CWE401_Memory_Leak/CWE401_Memory_Leak__char_malloc_72.out+0xc66)  #4  0x10f1c
[Y]Call Stack:  in main (/home/wuhuang/fuzz/qasan/Juliet_memLeak/testcase_test/CWE401_Memory_Leak/CWE401_Memory_Leak__char_malloc_72.out+0xf1c)  #5  0xff7b2f24
[Y]Call Stack:  in __libc_start_main /home/wuhuang/fuzz/qasan/libqasan/libqasan.c:91  #6  0x10b8c
[Y]Call Stack:  in _start /home/tcwg-buildslave/workspace/tcwg-make-release/label/tcwg-x86_64-ex40/target/arm-linux-gnueabi/snapshots/eglibc.git~linaro_eglibc-2_19/libc/csu/../ports/sysdeps/arm/start.S:128
using ASAN_GIOVESE
Calling good()...
A String
New String
A String
New String
Finished good()
Calling bad()...
A String
New String
Finished bad()
No memory leak detected.
using ASAN_GIOVESE
Calling good()...
A String
A String
A String
A String
Finished good()
Calling bad()...
A String
Finished bad()

=== Memory Leak Detected ===
Memory Range: [0x22398 - 0x223fc]
Call Stack (depth 7):
  #0  0xff580fe0
[Y]Call Stack:  in syscall (/home/wuhuang/fuzz/qasan/cramfs-root/lib/arm-linux-gnueabi/libc-2.13.so+0xcdfe0)  #1  0xff7b3f6c
[Y]Call Stack:  in __libqasan_malloc /home/wuhuang/fuzz/qasan/libqasan/malloc.c:207  #2  0xff7b308e
[Y]Call Stack:  in malloc /home/wuhuang/fuzz/qasan/libqasan/hooks.c:68  #3  0x109f2
[Y]Call Stack:  in _ZN37CWE401_Memory_Leak__new_array_char_053badEv (/home/wuhuang/fuzz/qasan/Juliet_memLeak/testcase_test/CWE401_Memory_Leak/CWE401_Memory_Leak__new_array_char_05.out+0x9f2)  #4  0x10bc4
[Y]Call Stack:  in main (/home/wuhuang/fuzz/qasan/Juliet_memLeak/testcase_test/CWE401_Memory_Leak/CWE401_Memory_Leak__new_array_char_05.out+0xbc4)  #5  0xff7b2f24
[Y]Call Stack:  in __libc_start_main /home/wuhuang/fuzz/qasan/libqasan/libqasan.c:91  #6  0x10914
[Y]Call Stack:  in _start /home/tcwg-buildslave/workspace/tcwg-make-release/label/tcwg-x86_64-ex40/target/arm-linux-gnueabi/snapshots/eglibc.git~linaro_eglibc-2_19/libc/csu/../ports/sysdeps/arm/start.S:128
using ASAN_GIOVESE
Calling good()...
0 -- 0
1 -- 1
Finished good()
Calling bad()...
0 -- 0
1 -- 1
Finished bad()
No memory leak detected.
using ASAN_GIOVESE
Calling good()...
5
5
Finished good()
Calling bad()...
5
Finished bad()

=== Memory Leak Detected ===
Memory Range: [0x22340 - 0x224d0]
Call Stack (depth 7):
  #0  0xff67afe0
[Y]Call Stack:  in syscall (/home/wuhuang/fuzz/qasan/cramfs-root/lib/arm-linux-gnueabi/libc-2.13.so+0xcdfe0)  #1  0xff7b3f6c
[Y]Call Stack:  in __libqasan_malloc /home/wuhuang/fuzz/qasan/libqasan/malloc.c:207  #2  0xff7b308e
[Y]Call Stack:  in malloc /home/wuhuang/fuzz/qasan/libqasan/hooks.c:68  #3  0x108f6
[Y]Call Stack:  in CWE401_Memory_Leak__int_malloc_41_bad (/home/wuhuang/fuzz/qasan/Juliet_memLeak/testcase_test/CWE401_Memory_Leak/CWE401_Memory_Leak__int_malloc_41.out+0x8f6)  #4  0x10a14
[Y]Call Stack:  in main (/home/wuhuang/fuzz/qasan/Juliet_memLeak/testcase_test/CWE401_Memory_Leak/CWE401_Memory_Leak__int_malloc_41.out+0xa14)  #5  0xff7b2f24
[Y]Call Stack:  in __libc_start_main /home/wuhuang/fuzz/qasan/libqasan/libqasan.c:91  #6  0x10810
[Y]Call Stack:  in _start /home/tcwg-buildslave/workspace/tcwg-make-release/label/tcwg-x86_64-ex40/target/arm-linux-gnueabi/snapshots/eglibc.git~linaro_eglibc-2_19/libc/csu/../ports/sysdeps/arm/start.S:128
using ASAN_GIOVESE
Calling good()...
A String
A String
Finished good()
Calling bad()...
A String
Finished bad()

=== Memory Leak Detected ===
Memory Range: [0x22218 - 0x2227c]
Call Stack (depth 8):
  #0  0xff67afe0
[Y]Call Stack:  in syscall (/home/wuhuang/fuzz/qasan/cramfs-root/lib/arm-linux-gnueabi/libc-2.13.so+0xcdfe0)  #1  0xff7b3f6c
[Y]Call Stack:  in __libqasan_malloc /home/wuhuang/fuzz/qasan/libqasan/malloc.c:207  #2  0xff7b4162
[Y]Call Stack:  in __libqasan_calloc /home/wuhuang/fuzz/qasan/libqasan/malloc.c:283  #3  0xff7b30b2
[Y]Call Stack:  in calloc /home/wuhuang/fuzz/qasan/libqasan/hooks.c:80  #4  0x10912
[Y]Call Stack:  in CWE401_Memory_Leak__char_calloc_67_bad (/home/wuhuang/fuzz/qasan/Juliet_memLeak/testcase_test/CWE401_Memory_Leak/CWE401_Memory_Leak__char_calloc_67.out+0x912)  #5  0x10a34
[Y]Call Stack:  in main (/home/wuhuang/fuzz/qasan/Juliet_memLeak/testcase_test/CWE401_Memory_Leak/CWE401_Memory_Leak__char_calloc_67.out+0xa34)  #6  0xff7b2f24
[Y]Call Stack:  in __libc_start_main /home/wuhuang/fuzz/qasan/libqasan/libqasan.c:91  #7  0x10840
[Y]Call Stack:  in _start /home/tcwg-buildslave/workspace/tcwg-make-release/label/tcwg-x86_64-ex40/target/arm-linux-gnueabi/snapshots/eglibc.git~linaro_eglibc-2_19/libc/csu/../ports/sysdeps/arm/start.S:128
using ASAN_GIOVESE
Calling good()...
5
5
Finished good()
Calling bad()...
5
Finished bad()

=== Memory Leak Detected ===
Memory Range: [0x22340 - 0x224d0]
Call Stack (depth 8):
  #0  0xff67afe0
[Y]Call Stack:  in syscall (/home/wuhuang/fuzz/qasan/cramfs-root/lib/arm-linux-gnueabi/libc-2.13.so+0xcdfe0)  #1  0xff7b3f6c
[Y]Call Stack:  in __libqasan_malloc /home/wuhuang/fuzz/qasan/libqasan/malloc.c:207  #2  0xff7b41b0
[Y]Call Stack:  in __libqasan_realloc /home/wuhuang/fuzz/qasan/libqasan/malloc.c:294  #3  0xff7b30d6
[Y]Call Stack:  in realloc /home/wuhuang/fuzz/qasan/libqasan/hooks.c:92  #4  0x10922
[Y]Call Stack:  in CWE401_Memory_Leak__int_realloc_65_bad (/home/wuhuang/fuzz/qasan/Juliet_memLeak/testcase_test/CWE401_Memory_Leak/CWE401_Memory_Leak__int_realloc_65.out+0x922)  #5  0x10a2c
[Y]Call Stack:  in main (/home/wuhuang/fuzz/qasan/Juliet_memLeak/testcase_test/CWE401_Memory_Leak/CWE401_Memory_Leak__int_realloc_65.out+0xa2c)  #6  0xff7b2f24
[Y]Call Stack:  in __libc_start_main /home/wuhuang/fuzz/qasan/libqasan/libqasan.c:91  #7  0x10844
[Y]Call Stack:  in _start /home/tcwg-buildslave/workspace/tcwg-make-release/label/tcwg-x86_64-ex40/target/arm-linux-gnueabi/snapshots/eglibc.git~linaro_eglibc-2_19/libc/csu/../ports/sysdeps/arm/start.S:128
using ASAN_GIOVESE
Calling good()...
A String
A String
A String
A String
Finished good()
Calling bad()...
A String
Finished bad()

=== Memory Leak Detected ===
Memory Range: [0x22398 - 0x223fc]
Call Stack (depth 7):
  #0  0xff67afe0
[Y]Call Stack:  in syscall (/home/wuhuang/fuzz/qasan/cramfs-root/lib/arm-linux-gnueabi/libc-2.13.so+0xcdfe0)  #1  0xff7b3f6c
[Y]Call Stack:  in __libqasan_malloc /home/wuhuang/fuzz/qasan/libqasan/malloc.c:207  #2  0xff7b308e
[Y]Call Stack:  in malloc /home/wuhuang/fuzz/qasan/libqasan/hooks.c:68  #3  0x108ee
[Y]Call Stack:  in CWE401_Memory_Leak__char_malloc_09_bad (/home/wuhuang/fuzz/qasan/Juliet_memLeak/testcase_test/CWE401_Memory_Leak/CWE401_Memory_Leak__char_malloc_09.out+0x8ee)  #4  0x10aec
[Y]Call Stack:  in main (/home/wuhuang/fuzz/qasan/Juliet_memLeak/testcase_test/CWE401_Memory_Leak/CWE401_Memory_Leak__char_malloc_09.out+0xaec)  #5  0xff7b2f24
[Y]Call Stack:  in __libc_start_main /home/wuhuang/fuzz/qasan/libqasan/libqasan.c:91  #6  0x10810
[Y]Call Stack:  in _start /home/tcwg-buildslave/workspace/tcwg-make-release/label/tcwg-x86_64-ex40/target/arm-linux-gnueabi/snapshots/eglibc.git~linaro_eglibc-2_19/libc/csu/../ports/sysdeps/arm/start.S:128
using ASAN_GIOVESE
Calling good()...
0 -- 0
1 -- 1
0 -- 0
1 -- 1
Finished good()
Calling bad()...
0 -- 0
1 -- 1
Finished bad()
No memory leak detected.
using ASAN_GIOVESE
Calling good()...
5
5
Finished good()
Calling bad()...
5
Finished bad()

=== Memory Leak Detected ===
Memory Range: [0x22340 - 0x224d0]
Call Stack (depth 9):
  #0  0xff580fe0
[Y]Call Stack:  in syscall (/home/wuhuang/fuzz/qasan/cramfs-root/lib/arm-linux-gnueabi/libc-2.13.so+0xcdfe0)  #1  0xff7b3f6c
[Y]Call Stack:  in __libqasan_malloc /home/wuhuang/fuzz/qasan/libqasan/malloc.c:207  #2  0xff7b41b0
[Y]Call Stack:  in __libqasan_realloc /home/wuhuang/fuzz/qasan/libqasan/malloc.c:294  #3  0xff7b30d6
[Y]Call Stack:  in realloc /home/wuhuang/fuzz/qasan/libqasan/hooks.c:92  #4  0x10a74
[Y]Call Stack:  in _ZN34CWE401_Memory_Leak__int_realloc_629badSourceERPi (/home/wuhuang/fuzz/qasan/Juliet_memLeak/testcase_test/CWE401_Memory_Leak/CWE401_Memory_Leak__int_realloc_62.out+0xa74)  #5  0x109b2
[Y]Call Stack:  in _ZN34CWE401_Memory_Leak__int_realloc_623badEv (/home/wuhuang/fuzz/qasan/Juliet_memLeak/testcase_test/CWE401_Memory_Leak/CWE401_Memory_Leak__int_realloc_62.out+0x9b2)  #6  0x10a44
[Y]Call Stack:  in main (/home/wuhuang/fuzz/qasan/Juliet_memLeak/testcase_test/CWE401_Memory_Leak/CWE401_Memory_Leak__int_realloc_62.out+0xa44)  #7  0xff7b2f24
[Y]Call Stack:  in __libc_start_main /home/wuhuang/fuzz/qasan/libqasan/libqasan.c:91  #8  0x108e0
[Y]Call Stack:  in _start /home/tcwg-buildslave/workspace/tcwg-make-release/label/tcwg-x86_64-ex40/target/arm-linux-gnueabi/snapshots/eglibc.git~linaro_eglibc-2_19/libc/csu/../ports/sysdeps/arm/start.S:128
using ASAN_GIOVESE
Calling good()...
5
5
Finished good()
Calling bad()...
5
Finished bad()

=== Memory Leak Detected ===
Memory Range: [0x22340 - 0x224d0]
Call Stack (depth 8):
  #0  0xff67afe0
[Y]Call Stack:  in syscall (/home/wuhuang/fuzz/qasan/cramfs-root/lib/arm-linux-gnueabi/libc-2.13.so+0xcdfe0)  #1  0xff7b3f6c
[Y]Call Stack:  in __libqasan_malloc /home/wuhuang/fuzz/qasan/libqasan/malloc.c:207  #2  0xff7b4162
[Y]Call Stack:  in __libqasan_calloc /home/wuhuang/fuzz/qasan/libqasan/malloc.c:283  #3  0xff7b30b2
[Y]Call Stack:  in calloc /home/wuhuang/fuzz/qasan/libqasan/hooks.c:80  #4  0x10912
[Y]Call Stack:  in CWE401_Memory_Leak__int_calloc_53_bad (/home/wuhuang/fuzz/qasan/Juliet_memLeak/testcase_test/CWE401_Memory_Leak/CWE401_Memory_Leak__int_calloc_53.out+0x912)  #5  0x10a08
[Y]Call Stack:  in main (/home/wuhuang/fuzz/qasan/Juliet_memLeak/testcase_test/CWE401_Memory_Leak/CWE401_Memory_Leak__int_calloc_53.out+0xa08)  #6  0xff7b2f24
[Y]Call Stack:  in __libc_start_main /home/wuhuang/fuzz/qasan/libqasan/libqasan.c:91  #7  0x10840
[Y]Call Stack:  in _start /home/tcwg-buildslave/workspace/tcwg-make-release/label/tcwg-x86_64-ex40/target/arm-linux-gnueabi/snapshots/eglibc.git~linaro_eglibc-2_19/libc/csu/../ports/sysdeps/arm/start.S:128
using ASAN_GIOVESE
Calling good()...
5
5
Finished good()
Calling bad()...
5
Finished bad()

=== Memory Leak Detected ===
Memory Range: [0x22580 - 0x22710]
Call Stack (depth 8):
  #0  0xff580fe0
[Y]Call Stack:  in syscall (/home/wuhuang/fuzz/qasan/cramfs-root/lib/arm-linux-gnueabi/libc-2.13.so+0xcdfe0)  #1  0xff7b3f6c
[Y]Call Stack:  in __libqasan_malloc /home/wuhuang/fuzz/qasan/libqasan/malloc.c:207  #2  0xff7b4162
[Y]Call Stack:  in __libqasan_calloc /home/wuhuang/fuzz/qasan/libqasan/malloc.c:283  #3  0xff7b30b2
[Y]Call Stack:  in calloc /home/wuhuang/fuzz/qasan/libqasan/hooks.c:80  #4  0x10b22
[Y]Call Stack:  in _ZN33CWE401_Memory_Leak__int_calloc_823badEv (/home/wuhuang/fuzz/qasan/Juliet_memLeak/testcase_test/CWE401_Memory_Leak/CWE401_Memory_Leak__int_calloc_82.out+0xb22)  #5  0x10c78
[Y]Call Stack:  in main (/home/wuhuang/fuzz/qasan/Juliet_memLeak/testcase_test/CWE401_Memory_Leak/CWE401_Memory_Leak__int_calloc_82.out+0xc78)  #6  0xff7b2f24
[Y]Call Stack:  in __libc_start_main /home/wuhuang/fuzz/qasan/libqasan/libqasan.c:91  #7  0x10a50
[Y]Call Stack:  in _start /home/tcwg-buildslave/workspace/tcwg-make-release/label/tcwg-x86_64-ex40/target/arm-linux-gnueabi/snapshots/eglibc.git~linaro_eglibc-2_19/libc/csu/../ports/sysdeps/arm/start.S:128
using ASAN_GIOVESE
Calling good()...
A String
New String
Finished good()
Calling bad()...
A String
New String
Finished bad()
No memory leak detected.
using ASAN_GIOVESE
Calling good()...
A String
A String
A String
A String
Finished good()
Calling bad()...
A String
Finished bad()

=== Memory Leak Detected ===
Memory Range: [0x22398 - 0x223fc]
Call Stack (depth 7):
  #0  0xff580fe0
[Y]Call Stack:  in syscall (/home/wuhuang/fuzz/qasan/cramfs-root/lib/arm-linux-gnueabi/libc-2.13.so+0xcdfe0)  #1  0xff7b3f6c
[Y]Call Stack:  in __libqasan_malloc /home/wuhuang/fuzz/qasan/libqasan/malloc.c:207  #2  0xff7b308e
[Y]Call Stack:  in malloc /home/wuhuang/fuzz/qasan/libqasan/hooks.c:68  #3  0x109e4
[Y]Call Stack:  in _ZN37CWE401_Memory_Leak__new_array_char_023badEv (/home/wuhuang/fuzz/qasan/Juliet_memLeak/testcase_test/CWE401_Memory_Leak/CWE401_Memory_Leak__new_array_char_02.out+0x9e4)  #4  0x10b44
[Y]Call Stack:  in main (/home/wuhuang/fuzz/qasan/Juliet_memLeak/testcase_test/CWE401_Memory_Leak/CWE401_Memory_Leak__new_array_char_02.out+0xb44)  #5  0xff7b2f24
[Y]Call Stack:  in __libc_start_main /home/wuhuang/fuzz/qasan/libqasan/libqasan.c:91  #6  0x10914
[Y]Call Stack:  in _start /home/tcwg-buildslave/workspace/tcwg-make-release/label/tcwg-x86_64-ex40/target/arm-linux-gnueabi/snapshots/eglibc.git~linaro_eglibc-2_19/libc/csu/../ports/sysdeps/arm/start.S:128
using ASAN_GIOVESE
Calling good()...
5
5
5
Finished good()
Calling bad()...
5
Finished bad()

=== Memory Leak Detected ===
Memory Range: [0x225e8 - 0x22778]
Call Stack (depth 8):
  #0  0xff67afe0
[Y]Call Stack:  in syscall (/home/wuhuang/fuzz/qasan/cramfs-root/lib/arm-linux-gnueabi/libc-2.13.so+0xcdfe0)  #1  0xff7b3f6c
[Y]Call Stack:  in __libqasan_malloc /home/wuhuang/fuzz/qasan/libqasan/malloc.c:207  #2  0xff7b4162
[Y]Call Stack:  in __libqasan_calloc /home/wuhuang/fuzz/qasan/libqasan/malloc.c:283  #3  0xff7b30b2
[Y]Call Stack:  in calloc /home/wuhuang/fuzz/qasan/libqasan/hooks.c:80  #4  0x10926
[Y]Call Stack:  in CWE401_Memory_Leak__int_calloc_21_bad (/home/wuhuang/fuzz/qasan/Juliet_memLeak/testcase_test/CWE401_Memory_Leak/CWE401_Memory_Leak__int_calloc_21.out+0x926)  #5  0x10af8
[Y]Call Stack:  in main (/home/wuhuang/fuzz/qasan/Juliet_memLeak/testcase_test/CWE401_Memory_Leak/CWE401_Memory_Leak__int_calloc_21.out+0xaf8)  #6  0xff7b2f24
[Y]Call Stack:  in __libc_start_main /home/wuhuang/fuzz/qasan/libqasan/libqasan.c:91  #7  0x10840
[Y]Call Stack:  in _start /home/tcwg-buildslave/workspace/tcwg-make-release/label/tcwg-x86_64-ex40/target/arm-linux-gnueabi/snapshots/eglibc.git~linaro_eglibc-2_19/libc/csu/../ports/sysdeps/arm/start.S:128
using ASAN_GIOVESE
Calling good()...
A String
A String
A String
A String
Finished good()
Calling bad()...
A String
Finished bad()

=== Memory Leak Detected ===
Memory Range: [0x22398 - 0x223fc]
Call Stack (depth 7):
  #0  0xff67afe0
[Y]Call Stack:  in syscall (/home/wuhuang/fuzz/qasan/cramfs-root/lib/arm-linux-gnueabi/libc-2.13.so+0xcdfe0)  #1  0xff7b3f6c
[Y]Call Stack:  in __libqasan_malloc /home/wuhuang/fuzz/qasan/libqasan/malloc.c:207  #2  0xff7b308e
[Y]Call Stack:  in malloc /home/wuhuang/fuzz/qasan/libqasan/hooks.c:68  #3  0x108ee
[Y]Call Stack:  in CWE401_Memory_Leak__char_malloc_07_bad (/home/wuhuang/fuzz/qasan/Juliet_memLeak/testcase_test/CWE401_Memory_Leak/CWE401_Memory_Leak__char_malloc_07.out+0x8ee)  #4  0x10aec
[Y]Call Stack:  in main (/home/wuhuang/fuzz/qasan/Juliet_memLeak/testcase_test/CWE401_Memory_Leak/CWE401_Memory_Leak__char_malloc_07.out+0xaec)  #5  0xff7b2f24
[Y]Call Stack:  in __libc_start_main /home/wuhuang/fuzz/qasan/libqasan/libqasan.c:91  #6  0x10810
[Y]Call Stack:  in _start /home/tcwg-buildslave/workspace/tcwg-make-release/label/tcwg-x86_64-ex40/target/arm-linux-gnueabi/snapshots/eglibc.git~linaro_eglibc-2_19/libc/csu/../ports/sysdeps/arm/start.S:128
using ASAN_GIOVESE
Calling good()...
A String
A String
A String
A String
Finished good()
Calling bad()...
A String
Finished bad()

=== Memory Leak Detected ===
Memory Range: [0x22398 - 0x223fc]
Call Stack (depth 8):
  #0  0xff67afe0
[Y]Call Stack:  in syscall (/home/wuhuang/fuzz/qasan/cramfs-root/lib/arm-linux-gnueabi/libc-2.13.so+0xcdfe0)  #1  0xff7b3f6c
[Y]Call Stack:  in __libqasan_malloc /home/wuhuang/fuzz/qasan/libqasan/malloc.c:207  #2  0xff7b41b0
[Y]Call Stack:  in __libqasan_realloc /home/wuhuang/fuzz/qasan/libqasan/malloc.c:294  #3  0xff7b30d6
[Y]Call Stack:  in realloc /home/wuhuang/fuzz/qasan/libqasan/hooks.c:92  #4  0x10916
[Y]Call Stack:  in CWE401_Memory_Leak__char_realloc_03_bad (/home/wuhuang/fuzz/qasan/Juliet_memLeak/testcase_test/CWE401_Memory_Leak/CWE401_Memory_Leak__char_realloc_03.out+0x916)  #5  0x10aa4
[Y]Call Stack:  in main (/home/wuhuang/fuzz/qasan/Juliet_memLeak/testcase_test/CWE401_Memory_Leak/CWE401_Memory_Leak__char_realloc_03.out+0xaa4)  #6  0xff7b2f24
[Y]Call Stack:  in __libc_start_main /home/wuhuang/fuzz/qasan/libqasan/libqasan.c:91  #7  0x10844
[Y]Call Stack:  in _start /home/tcwg-buildslave/workspace/tcwg-make-release/label/tcwg-x86_64-ex40/target/arm-linux-gnueabi/snapshots/eglibc.git~linaro_eglibc-2_19/libc/csu/../ports/sysdeps/arm/start.S:128
using ASAN_GIOVESE
Calling good()...
5
10
5
10
Finished good()
Calling bad()...
5
10
Finished bad()
No memory leak detected.
using ASAN_GIOVESE
Calling good()...
5
5
Finished good()
Calling bad()...
5
Finished bad()

=== Memory Leak Detected ===
Memory Range: [0x22340 - 0x224d0]
Call Stack (depth 7):
  #0  0xff67afe0
[Y]Call Stack:  in syscall (/home/wuhuang/fuzz/qasan/cramfs-root/lib/arm-linux-gnueabi/libc-2.13.so+0xcdfe0)  #1  0xff7b3f6c
[Y]Call Stack:  in __libqasan_malloc /home/wuhuang/fuzz/qasan/libqasan/malloc.c:207  #2  0xff7b308e
[Y]Call Stack:  in malloc /home/wuhuang/fuzz/qasan/libqasan/hooks.c:68  #3  0x108e2
[Y]Call Stack:  in CWE401_Memory_Leak__int_malloc_34_bad (/home/wuhuang/fuzz/qasan/Juliet_memLeak/testcase_test/CWE401_Memory_Leak/CWE401_Memory_Leak__int_malloc_34.out+0x8e2)  #4  0x109e4
[Y]Call Stack:  in main (/home/wuhuang/fuzz/qasan/Juliet_memLeak/testcase_test/CWE401_Memory_Leak/CWE401_Memory_Leak__int_malloc_34.out+0x9e4)  #5  0xff7b2f24
[Y]Call Stack:  in __libc_start_main /home/wuhuang/fuzz/qasan/libqasan/libqasan.c:91  #6  0x10810
[Y]Call Stack:  in _start /home/tcwg-buildslave/workspace/tcwg-make-release/label/tcwg-x86_64-ex40/target/arm-linux-gnueabi/snapshots/eglibc.git~linaro_eglibc-2_19/libc/csu/../ports/sysdeps/arm/start.S:128
using ASAN_GIOVESE
Calling good()...
A String
New String
Finished good()
Calling bad()...
A String
New String
Finished bad()
No memory leak detected.
using ASAN_GIOVESE
Calling good()...
A String
A String
Finished good()
Calling bad()...
A String
Finished bad()
No memory leak detected.
using ASAN_GIOVESE
Calling good()...
5
5
5
5
Finished good()
Calling bad()...
5
Finished bad()

=== Memory Leak Detected ===
Memory Range: [0x225e8 - 0x22778]
Call Stack (depth 8):
  #0  0xff67afe0
[Y]Call Stack:  in syscall (/home/wuhuang/fuzz/qasan/cramfs-root/lib/arm-linux-gnueabi/libc-2.13.so+0xcdfe0)  #1  0xff7b3f6c
[Y]Call Stack:  in __libqasan_malloc /home/wuhuang/fuzz/qasan/libqasan/malloc.c:207  #2  0xff7b41b0
[Y]Call Stack:  in __libqasan_realloc /home/wuhuang/fuzz/qasan/libqasan/malloc.c:294  #3  0xff7b30d6
[Y]Call Stack:  in realloc /home/wuhuang/fuzz/qasan/libqasan/hooks.c:92  #4  0x10926
[Y]Call Stack:  in CWE401_Memory_Leak__int_realloc_10_bad (/home/wuhuang/fuzz/qasan/Juliet_memLeak/testcase_test/CWE401_Memory_Leak/CWE401_Memory_Leak__int_realloc_10.out+0x926)  #5  0x10af4
[Y]Call Stack:  in main (/home/wuhuang/fuzz/qasan/Juliet_memLeak/testcase_test/CWE401_Memory_Leak/CWE401_Memory_Leak__int_realloc_10.out+0xaf4)  #6  0xff7b2f24
[Y]Call Stack:  in __libc_start_main /home/wuhuang/fuzz/qasan/libqasan/libqasan.c:91  #7  0x10844
[Y]Call Stack:  in _start /home/tcwg-buildslave/workspace/tcwg-make-release/label/tcwg-x86_64-ex40/target/arm-linux-gnueabi/snapshots/eglibc.git~linaro_eglibc-2_19/libc/csu/../ports/sysdeps/arm/start.S:128
using ASAN_GIOVESE
Calling good()...
0 -- 0
1 -- 1
0 -- 0
1 -- 1
Finished good()
Calling bad()...
0 -- 0
1 -- 1
Finished bad()
No memory leak detected.
using ASAN_GIOVESE
Calling good()...
A String
A String
A String
A String
Finished good()
Calling bad()...
A String
Finished bad()

=== Memory Leak Detected ===
Memory Range: [0x22398 - 0x223fc]
Call Stack (depth 8):
  #0  0xff67afe0
[Y]Call Stack:  in syscall (/home/wuhuang/fuzz/qasan/cramfs-root/lib/arm-linux-gnueabi/libc-2.13.so+0xcdfe0)  #1  0xff7b3f6c
[Y]Call Stack:  in __libqasan_malloc /home/wuhuang/fuzz/qasan/libqasan/malloc.c:207  #2  0xff7b41b0
[Y]Call Stack:  in __libqasan_realloc /home/wuhuang/fuzz/qasan/libqasan/malloc.c:294  #3  0xff7b30d6
[Y]Call Stack:  in realloc /home/wuhuang/fuzz/qasan/libqasan/hooks.c:92  #4  0x1091c
[Y]Call Stack:  in CWE401_Memory_Leak__char_realloc_04_bad (/home/wuhuang/fuzz/qasan/Juliet_memLeak/testcase_test/CWE401_Memory_Leak/CWE401_Memory_Leak__char_realloc_04.out+0x91c)  #5  0x10ae8
[Y]Call Stack:  in main (/home/wuhuang/fuzz/qasan/Juliet_memLeak/testcase_test/CWE401_Memory_Leak/CWE401_Memory_Leak__char_realloc_04.out+0xae8)  #6  0xff7b2f24
[Y]Call Stack:  in __libc_start_main /home/wuhuang/fuzz/qasan/libqasan/libqasan.c:91  #7  0x10844
[Y]Call Stack:  in _start /home/tcwg-buildslave/workspace/tcwg-make-release/label/tcwg-x86_64-ex40/target/arm-linux-gnueabi/snapshots/eglibc.git~linaro_eglibc-2_19/libc/csu/../ports/sysdeps/arm/start.S:128
using ASAN_GIOVESE
Calling good()...
5
10
5
10
Finished good()
Calling bad()...
5
10
Finished bad()
No memory leak detected.
using ASAN_GIOVESE
Calling good()...
5
5
Finished good()
Calling bad()...
5
Finished bad()

=== Memory Leak Detected ===
Memory Range: [0x22340 - 0x224d0]
Call Stack (depth 7):
  #0  0xff580fe0
[Y]Call Stack:  in syscall (/home/wuhuang/fuzz/qasan/cramfs-root/lib/arm-linux-gnueabi/libc-2.13.so+0xcdfe0)  #1  0xff7b3f6c
[Y]Call Stack:  in __libqasan_malloc /home/wuhuang/fuzz/qasan/libqasan/malloc.c:207  #2  0xff7b308e
[Y]Call Stack:  in malloc /home/wuhuang/fuzz/qasan/libqasan/hooks.c:68  #3  0x10988
[Y]Call Stack:  in _ZN33CWE401_Memory_Leak__int_malloc_333badEv (/home/wuhuang/fuzz/qasan/Juliet_memLeak/testcase_test/CWE401_Memory_Leak/CWE401_Memory_Leak__int_malloc_33.out+0x988)  #4  0x10a9c
[Y]Call Stack:  in main (/home/wuhuang/fuzz/qasan/Juliet_memLeak/testcase_test/CWE401_Memory_Leak/CWE401_Memory_Leak__int_malloc_33.out+0xa9c)  #5  0xff7b2f24
[Y]Call Stack:  in __libc_start_main /home/wuhuang/fuzz/qasan/libqasan/libqasan.c:91  #6  0x108b0
[Y]Call Stack:  in _start /home/tcwg-buildslave/workspace/tcwg-make-release/label/tcwg-x86_64-ex40/target/arm-linux-gnueabi/snapshots/eglibc.git~linaro_eglibc-2_19/libc/csu/../ports/sysdeps/arm/start.S:128
using ASAN_GIOVESE
Calling good()...
A String
A String
A String
A String
Finished good()
Calling bad()...
A String
Finished bad()

=== Memory Leak Detected ===
Memory Range: [0x22398 - 0x223fc]
Call Stack (depth 8):
  #0  0xff67afe0
[Y]Call Stack:  in syscall (/home/wuhuang/fuzz/qasan/cramfs-root/lib/arm-linux-gnueabi/libc-2.13.so+0xcdfe0)  #1  0xff7b3f6c
[Y]Call Stack:  in __libqasan_malloc /home/wuhuang/fuzz/qasan/libqasan/malloc.c:207  #2  0xff7b4162
[Y]Call Stack:  in __libqasan_calloc /home/wuhuang/fuzz/qasan/libqasan/malloc.c:283  #3  0xff7b30b2
[Y]Call Stack:  in calloc /home/wuhuang/fuzz/qasan/libqasan/hooks.c:80  #4  0x10912
[Y]Call Stack:  in CWE401_Memory_Leak__char_calloc_15_bad (/home/wuhuang/fuzz/qasan/Juliet_memLeak/testcase_test/CWE401_Memory_Leak/CWE401_Memory_Leak__char_calloc_15.out+0x912)  #5  0x10abc
[Y]Call Stack:  in main (/home/wuhuang/fuzz/qasan/Juliet_memLeak/testcase_test/CWE401_Memory_Leak/CWE401_Memory_Leak__char_calloc_15.out+0xabc)  #6  0xff7b2f24
[Y]Call Stack:  in __libc_start_main /home/wuhuang/fuzz/qasan/libqasan/libqasan.c:91  #7  0x10840
[Y]Call Stack:  in _start /home/tcwg-buildslave/workspace/tcwg-make-release/label/tcwg-x86_64-ex40/target/arm-linux-gnueabi/snapshots/eglibc.git~linaro_eglibc-2_19/libc/csu/../ports/sysdeps/arm/start.S:128
using ASAN_GIOVESE
Calling good()...
5
5
Finished good()
Calling bad()...
5
Finished bad()

=== Memory Leak Detected ===
Memory Range: [0x22340 - 0x224d0]
Call Stack (depth 8):
  #0  0xff67afe0
[Y]Call Stack:  in syscall (/home/wuhuang/fuzz/qasan/cramfs-root/lib/arm-linux-gnueabi/libc-2.13.so+0xcdfe0)  #1  0xff7b3f6c
[Y]Call Stack:  in __libqasan_malloc /home/wuhuang/fuzz/qasan/libqasan/malloc.c:207  #2  0xff7b41b0
[Y]Call Stack:  in __libqasan_realloc /home/wuhuang/fuzz/qasan/libqasan/malloc.c:294  #3  0xff7b30d6
[Y]Call Stack:  in realloc /home/wuhuang/fuzz/qasan/libqasan/hooks.c:92  #4  0x1091e
[Y]Call Stack:  in CWE401_Memory_Leak__int_realloc_17_bad (/home/wuhuang/fuzz/qasan/Juliet_memLeak/testcase_test/CWE401_Memory_Leak/CWE401_Memory_Leak__int_realloc_17.out+0x91e)  #5  0x10a6c
[Y]Call Stack:  in main (/home/wuhuang/fuzz/qasan/Juliet_memLeak/testcase_test/CWE401_Memory_Leak/CWE401_Memory_Leak__int_realloc_17.out+0xa6c)  #6  0xff7b2f24
[Y]Call Stack:  in __libc_start_main /home/wuhuang/fuzz/qasan/libqasan/libqasan.c:91  #7  0x10844
[Y]Call Stack:  in _start /home/tcwg-buildslave/workspace/tcwg-make-release/label/tcwg-x86_64-ex40/target/arm-linux-gnueabi/snapshots/eglibc.git~linaro_eglibc-2_19/libc/csu/../ports/sysdeps/arm/start.S:128
using ASAN_GIOVESE
Calling good()...
A String
A String
A String
A String
Finished good()
Calling bad()...
A String
Finished bad()

=== Memory Leak Detected ===
Memory Range: [0x22398 - 0x223fc]
Call Stack (depth 8):
  #0  0xff67afe0
[Y]Call Stack:  in syscall (/home/wuhuang/fuzz/qasan/cramfs-root/lib/arm-linux-gnueabi/libc-2.13.so+0xcdfe0)  #1  0xff7b3f6c
[Y]Call Stack:  in __libqasan_malloc /home/wuhuang/fuzz/qasan/libqasan/malloc.c:207  #2  0xff7b4162
[Y]Call Stack:  in __libqasan_calloc /home/wuhuang/fuzz/qasan/libqasan/malloc.c:283  #3  0xff7b30b2
[Y]Call Stack:  in calloc /home/wuhuang/fuzz/qasan/libqasan/hooks.c:80  #4  0x10918
[Y]Call Stack:  in CWE401_Memory_Leak__char_calloc_04_bad (/home/wuhuang/fuzz/qasan/Juliet_memLeak/testcase_test/CWE401_Memory_Leak/CWE401_Memory_Leak__char_calloc_04.out+0x918)  #5  0x10aec
[Y]Call Stack:  in main (/home/wuhuang/fuzz/qasan/Juliet_memLeak/testcase_test/CWE401_Memory_Leak/CWE401_Memory_Leak__char_calloc_04.out+0xaec)  #6  0xff7b2f24
[Y]Call Stack:  in __libc_start_main /home/wuhuang/fuzz/qasan/libqasan/libqasan.c:91  #7  0x10840
[Y]Call Stack:  in _start /home/tcwg-buildslave/workspace/tcwg-make-release/label/tcwg-x86_64-ex40/target/arm-linux-gnueabi/snapshots/eglibc.git~linaro_eglibc-2_19/libc/csu/../ports/sysdeps/arm/start.S:128
using ASAN_GIOVESE
Calling good()...
5
5
5
5
Finished good()
Calling bad()...
5
Finished bad()

=== Memory Leak Detected ===
Memory Range: [0x225e8 - 0x22778]
Call Stack (depth 8):
  #0  0xff67afe0
[Y]Call Stack:  in syscall (/home/wuhuang/fuzz/qasan/cramfs-root/lib/arm-linux-gnueabi/libc-2.13.so+0xcdfe0)  #1  0xff7b3f6c
[Y]Call Stack:  in __libqasan_malloc /home/wuhuang/fuzz/qasan/libqasan/malloc.c:207  #2  0xff7b41b0
[Y]Call Stack:  in __libqasan_realloc /home/wuhuang/fuzz/qasan/libqasan/malloc.c:294  #3  0xff7b30d6
[Y]Call Stack:  in realloc /home/wuhuang/fuzz/qasan/libqasan/hooks.c:92  #4  0x1091e
[Y]Call Stack:  in CWE401_Memory_Leak__int_realloc_06_bad (/home/wuhuang/fuzz/qasan/Juliet_memLeak/testcase_test/CWE401_Memory_Leak/CWE401_Memory_Leak__int_realloc_06.out+0x91e)  #5  0x10abc
[Y]Call Stack:  in main (/home/wuhuang/fuzz/qasan/Juliet_memLeak/testcase_test/CWE401_Memory_Leak/CWE401_Memory_Leak__int_realloc_06.out+0xabc)  #6  0xff7b2f24
[Y]Call Stack:  in __libc_start_main /home/wuhuang/fuzz/qasan/libqasan/libqasan.c:91  #7  0x10844
[Y]Call Stack:  in _start /home/tcwg-buildslave/workspace/tcwg-make-release/label/tcwg-x86_64-ex40/target/arm-linux-gnueabi/snapshots/eglibc.git~linaro_eglibc-2_19/libc/csu/../ports/sysdeps/arm/start.S:128
using ASAN_GIOVESE
Calling good()...
5
5
5
Finished good()
Calling bad()...
5
Finished bad()

=== Memory Leak Detected ===
Memory Range: [0x225e8 - 0x22778]
Call Stack (depth 7):
  #0  0xff67afe0
[Y]Call Stack:  in syscall (/home/wuhuang/fuzz/qasan/cramfs-root/lib/arm-linux-gnueabi/libc-2.13.so+0xcdfe0)  #1  0xff7b3f6c
[Y]Call Stack:  in __libqasan_malloc /home/wuhuang/fuzz/qasan/libqasan/malloc.c:207  #2  0xff7b308e
[Y]Call Stack:  in malloc /home/wuhuang/fuzz/qasan/libqasan/hooks.c:68  #3  0x108e2
[Y]Call Stack:  in CWE401_Memory_Leak__int_malloc_22_bad (/home/wuhuang/fuzz/qasan/Juliet_memLeak/testcase_test/CWE401_Memory_Leak/CWE401_Memory_Leak__int_malloc_22.out+0x8e2)  #4  0x10a4c
[Y]Call Stack:  in main (/home/wuhuang/fuzz/qasan/Juliet_memLeak/testcase_test/CWE401_Memory_Leak/CWE401_Memory_Leak__int_malloc_22.out+0xa4c)  #5  0xff7b2f24
[Y]Call Stack:  in __libc_start_main /home/wuhuang/fuzz/qasan/libqasan/libqasan.c:91  #6  0x10810
[Y]Call Stack:  in _start /home/tcwg-buildslave/workspace/tcwg-make-release/label/tcwg-x86_64-ex40/target/arm-linux-gnueabi/snapshots/eglibc.git~linaro_eglibc-2_19/libc/csu/../ports/sysdeps/arm/start.S:128
using ASAN_GIOVESE
Calling good()...
5
10
5
10
Finished good()
Calling bad()...
5
10
Finished bad()
No memory leak detected.
using ASAN_GIOVESE
Calling good()...
A String
A String
A String
A String
Finished good()
Calling bad()...
A String
Finished bad()

=== Memory Leak Detected ===
Memory Range: [0x22398 - 0x223fc]
Call Stack (depth 8):
  #0  0xff67afe0
[Y]Call Stack:  in syscall (/home/wuhuang/fuzz/qasan/cramfs-root/lib/arm-linux-gnueabi/libc-2.13.so+0xcdfe0)  #1  0xff7b3f6c
[Y]Call Stack:  in __libqasan_malloc /home/wuhuang/fuzz/qasan/libqasan/malloc.c:207  #2  0xff7b41b0
[Y]Call Stack:  in __libqasan_realloc /home/wuhuang/fuzz/qasan/libqasan/malloc.c:294  #3  0xff7b30d6
[Y]Call Stack:  in realloc /home/wuhuang/fuzz/qasan/libqasan/hooks.c:92  #4  0x10916
[Y]Call Stack:  in CWE401_Memory_Leak__char_realloc_15_bad (/home/wuhuang/fuzz/qasan/Juliet_memLeak/testcase_test/CWE401_Memory_Leak/CWE401_Memory_Leak__char_realloc_15.out+0x916)  #5  0x10ab8
[Y]Call Stack:  in main (/home/wuhuang/fuzz/qasan/Juliet_memLeak/testcase_test/CWE401_Memory_Leak/CWE401_Memory_Leak__char_realloc_15.out+0xab8)  #6  0xff7b2f24
[Y]Call Stack:  in __libc_start_main /home/wuhuang/fuzz/qasan/libqasan/libqasan.c:91  #7  0x10844
[Y]Call Stack:  in _start /home/tcwg-buildslave/workspace/tcwg-make-release/label/tcwg-x86_64-ex40/target/arm-linux-gnueabi/snapshots/eglibc.git~linaro_eglibc-2_19/libc/csu/../ports/sysdeps/arm/start.S:128
using ASAN_GIOVESE
Calling good()...
0 -- 0
1 -- 1
Finished good()
Calling bad()...
0 -- 0
1 -- 1
Finished bad()
No memory leak detected.
using ASAN_GIOVESE
Calling good()...
A String
A String
Finished good()
Calling bad()...
A String
Finished bad()

=== Memory Leak Detected ===
Memory Range: [0x22218 - 0x2227c]
Call Stack (depth 7):
  #0  0xff580fe0
[Y]Call Stack:  in syscall (/home/wuhuang/fuzz/qasan/cramfs-root/lib/arm-linux-gnueabi/libc-2.13.so+0xcdfe0)  #1  0xff7b3f6c
[Y]Call Stack:  in __libqasan_malloc /home/wuhuang/fuzz/qasan/libqasan/malloc.c:207  #2  0xff7b308e
[Y]Call Stack:  in malloc /home/wuhuang/fuzz/qasan/libqasan/hooks.c:68  #3  0x109e4
[Y]Call Stack:  in _ZN37CWE401_Memory_Leak__new_array_char_663badEv (/home/wuhuang/fuzz/qasan/Juliet_memLeak/testcase_test/CWE401_Memory_Leak/CWE401_Memory_Leak__new_array_char_66.out+0x9e4)  #4  0x10ae4
[Y]Call Stack:  in main (/home/wuhuang/fuzz/qasan/Juliet_memLeak/testcase_test/CWE401_Memory_Leak/CWE401_Memory_Leak__new_array_char_66.out+0xae4)  #5  0xff7b2f24
[Y]Call Stack:  in __libc_start_main /home/wuhuang/fuzz/qasan/libqasan/libqasan.c:91  #6  0x10914
[Y]Call Stack:  in _start /home/tcwg-buildslave/workspace/tcwg-make-release/label/tcwg-x86_64-ex40/target/arm-linux-gnueabi/snapshots/eglibc.git~linaro_eglibc-2_19/libc/csu/../ports/sysdeps/arm/start.S:128
using ASAN_GIOVESE
Calling good()...
A String
A String
A String
A String
Finished good()
Calling bad()...
A String
Finished bad()

=== Memory Leak Detected ===
Memory Range: [0x22398 - 0x223fc]
Call Stack (depth 7):
  #0  0xff67afe0
[Y]Call Stack:  in syscall (/home/wuhuang/fuzz/qasan/cramfs-root/lib/arm-linux-gnueabi/libc-2.13.so+0xcdfe0)  #1  0xff7b3f6c
[Y]Call Stack:  in __libqasan_malloc /home/wuhuang/fuzz/qasan/libqasan/malloc.c:207  #2  0xff7b308e
[Y]Call Stack:  in malloc /home/wuhuang/fuzz/qasan/libqasan/hooks.c:68  #3  0x108ea
[Y]Call Stack:  in CWE401_Memory_Leak__char_malloc_11_bad (/home/wuhuang/fuzz/qasan/Juliet_memLeak/testcase_test/CWE401_Memory_Leak/CWE401_Memory_Leak__char_malloc_11.out+0x8ea)  #4  0x10adc
[Y]Call Stack:  in main (/home/wuhuang/fuzz/qasan/Juliet_memLeak/testcase_test/CWE401_Memory_Leak/CWE401_Memory_Leak__char_malloc_11.out+0xadc)  #5  0xff7b2f24
[Y]Call Stack:  in __libc_start_main /home/wuhuang/fuzz/qasan/libqasan/libqasan.c:91  #6  0x10810
[Y]Call Stack:  in _start /home/tcwg-buildslave/workspace/tcwg-make-release/label/tcwg-x86_64-ex40/target/arm-linux-gnueabi/snapshots/eglibc.git~linaro_eglibc-2_19/libc/csu/../ports/sysdeps/arm/start.S:128
using ASAN_GIOVESE
Calling good()...
A String
A String
Finished good()
Calling bad()...
A String
Finished bad()

=== Memory Leak Detected ===
Memory Range: [0x22218 - 0x2227c]
Call Stack (depth 7):
  #0  0xff67afe0
[Y]Call Stack:  in syscall (/home/wuhuang/fuzz/qasan/cramfs-root/lib/arm-linux-gnueabi/libc-2.13.so+0xcdfe0)  #1  0xff7b3f6c
[Y]Call Stack:  in __libqasan_malloc /home/wuhuang/fuzz/qasan/libqasan/malloc.c:207  #2  0xff7b308e
[Y]Call Stack:  in malloc /home/wuhuang/fuzz/qasan/libqasan/hooks.c:68  #3  0x108e0
[Y]Call Stack:  in CWE401_Memory_Leak__char_malloc_16_bad (/home/wuhuang/fuzz/qasan/Juliet_memLeak/testcase_test/CWE401_Memory_Leak/CWE401_Memory_Leak__char_malloc_16.out+0x8e0)  #4  0x109f4
[Y]Call Stack:  in main (/home/wuhuang/fuzz/qasan/Juliet_memLeak/testcase_test/CWE401_Memory_Leak/CWE401_Memory_Leak__char_malloc_16.out+0x9f4)  #5  0xff7b2f24
[Y]Call Stack:  in __libc_start_main /home/wuhuang/fuzz/qasan/libqasan/libqasan.c:91  #6  0x10810
[Y]Call Stack:  in _start /home/tcwg-buildslave/workspace/tcwg-make-release/label/tcwg-x86_64-ex40/target/arm-linux-gnueabi/snapshots/eglibc.git~linaro_eglibc-2_19/libc/csu/../ports/sysdeps/arm/start.S:128
using ASAN_GIOVESE
Calling good()...
A String
A String
A String
A String
Finished good()
Calling bad()...
A String
Finished bad()

=== Memory Leak Detected ===
Memory Range: [0x22398 - 0x223fc]
Call Stack (depth 8):
  #0  0xff67afe0
[Y]Call Stack:  in syscall (/home/wuhuang/fuzz/qasan/cramfs-root/lib/arm-linux-gnueabi/libc-2.13.so+0xcdfe0)  #1  0xff7b3f6c
[Y]Call Stack:  in __libqasan_malloc /home/wuhuang/fuzz/qasan/libqasan/malloc.c:207  #2  0xff7b4162
[Y]Call Stack:  in __libqasan_calloc /home/wuhuang/fuzz/qasan/libqasan/malloc.c:283  #3  0xff7b30b2
[Y]Call Stack:  in calloc /home/wuhuang/fuzz/qasan/libqasan/hooks.c:80  #4  0x10912
[Y]Call Stack:  in CWE401_Memory_Leak__char_calloc_03_bad (/home/wuhuang/fuzz/qasan/Juliet_memLeak/testcase_test/CWE401_Memory_Leak/CWE401_Memory_Leak__char_calloc_03.out+0x912)  #5  0x10aa8
[Y]Call Stack:  in main (/home/wuhuang/fuzz/qasan/Juliet_memLeak/testcase_test/CWE401_Memory_Leak/CWE401_Memory_Leak__char_calloc_03.out+0xaa8)  #6  0xff7b2f24
[Y]Call Stack:  in __libc_start_main /home/wuhuang/fuzz/qasan/libqasan/libqasan.c:91  #7  0x10840
[Y]Call Stack:  in _start /home/tcwg-buildslave/workspace/tcwg-make-release/label/tcwg-x86_64-ex40/target/arm-linux-gnueabi/snapshots/eglibc.git~linaro_eglibc-2_19/libc/csu/../ports/sysdeps/arm/start.S:128
using ASAN_GIOVESE
Calling good()...
5
5
Finished good()
Calling bad()...
5
Finished bad()

=== Memory Leak Detected ===
Memory Range: [0x22340 - 0x224d0]
Call Stack (depth 8):
  #0  0xff67afe0
[Y]Call Stack:  in syscall (/home/wuhuang/fuzz/qasan/cramfs-root/lib/arm-linux-gnueabi/libc-2.13.so+0xcdfe0)  #1  0xff7b3f6c
[Y]Call Stack:  in __libqasan_malloc /home/wuhuang/fuzz/qasan/libqasan/malloc.c:207  #2  0xff7b41b0
[Y]Call Stack:  in __libqasan_realloc /home/wuhuang/fuzz/qasan/libqasan/malloc.c:294  #3  0xff7b30d6
[Y]Call Stack:  in realloc /home/wuhuang/fuzz/qasan/libqasan/hooks.c:92  #4  0x10918
[Y]Call Stack:  in CWE401_Memory_Leak__int_realloc_01_bad (/home/wuhuang/fuzz/qasan/Juliet_memLeak/testcase_test/CWE401_Memory_Leak/CWE401_Memory_Leak__int_realloc_01.out+0x918)  #5  0x10a00
[Y]Call Stack:  in main (/home/wuhuang/fuzz/qasan/Juliet_memLeak/testcase_test/CWE401_Memory_Leak/CWE401_Memory_Leak__int_realloc_01.out+0xa00)  #6  0xff7b2f24
[Y]Call Stack:  in __libc_start_main /home/wuhuang/fuzz/qasan/libqasan/libqasan.c:91  #7  0x10844
[Y]Call Stack:  in _start /home/tcwg-buildslave/workspace/tcwg-make-release/label/tcwg-x86_64-ex40/target/arm-linux-gnueabi/snapshots/eglibc.git~linaro_eglibc-2_19/libc/csu/../ports/sysdeps/arm/start.S:128
using ASAN_GIOVESE
Calling good()...
A String
New String
A String
New String
Finished good()
Calling bad()...
A String
New String
Finished bad()
No memory leak detected.
using ASAN_GIOVESE
Calling good()...
5
10
5
10
Finished good()
Calling bad()...
5
10
Finished bad()
No memory leak detected.
using ASAN_GIOVESE
Calling good()...
A String
A String
Finished good()
Calling bad()...
A String
Finished bad()

=== Memory Leak Detected ===
Memory Range: [0x22218 - 0x2227c]
Call Stack (depth 8):
  #0  0xff67afe0
[Y]Call Stack:  in syscall (/home/wuhuang/fuzz/qasan/cramfs-root/lib/arm-linux-gnueabi/libc-2.13.so+0xcdfe0)  #1  0xff7b3f6c
[Y]Call Stack:  in __libqasan_malloc /home/wuhuang/fuzz/qasan/libqasan/malloc.c:207  #2  0xff7b41b0
[Y]Call Stack:  in __libqasan_realloc /home/wuhuang/fuzz/qasan/libqasan/malloc.c:294  #3  0xff7b30d6
[Y]Call Stack:  in realloc /home/wuhuang/fuzz/qasan/libqasan/hooks.c:92  #4  0x10920
[Y]Call Stack:  in CWE401_Memory_Leak__char_realloc_12_bad (/home/wuhuang/fuzz/qasan/Juliet_memLeak/testcase_test/CWE401_Memory_Leak/CWE401_Memory_Leak__char_realloc_12.out+0x920)  #5  0x10ae0
[Y]Call Stack:  in main (/home/wuhuang/fuzz/qasan/Juliet_memLeak/testcase_test/CWE401_Memory_Leak/CWE401_Memory_Leak__char_realloc_12.out+0xae0)  #6  0xff7b2f24
[Y]Call Stack:  in __libc_start_main /home/wuhuang/fuzz/qasan/libqasan/libqasan.c:91  #7  0x10844
[Y]Call Stack:  in _start /home/tcwg-buildslave/workspace/tcwg-make-release/label/tcwg-x86_64-ex40/target/arm-linux-gnueabi/snapshots/eglibc.git~linaro_eglibc-2_19/libc/csu/../ports/sysdeps/arm/start.S:128
using ASAN_GIOVESE
Calling good()...
0 -- 0
1 -- 1
0 -- 0
1 -- 1
Finished good()
Calling bad()...
0 -- 0
1 -- 1
Finished bad()
No memory leak detected.
using ASAN_GIOVESE
Calling good()...
5
5
Finished good()
Calling bad()...
5
Finished bad()

=== Memory Leak Detected ===
Memory Range: [0x23120 - 0x232b0]
Call Stack (depth 8):
  #0  0xff580fe0
[Y]Call Stack:  in syscall (/home/wuhuang/fuzz/qasan/cramfs-root/lib/arm-linux-gnueabi/libc-2.13.so+0xcdfe0)  #1  0xff7b3f6c
[Y]Call Stack:  in __libqasan_malloc /home/wuhuang/fuzz/qasan/libqasan/malloc.c:207  #2  0xff7b41b0
[Y]Call Stack:  in __libqasan_realloc /home/wuhuang/fuzz/qasan/libqasan/malloc.c:294  #3  0xff7b30d6
[Y]Call Stack:  in realloc /home/wuhuang/fuzz/qasan/libqasan/hooks.c:92  #4  0x10b9c
[Y]Call Stack:  in _ZN34CWE401_Memory_Leak__int_realloc_733badEv (/home/wuhuang/fuzz/qasan/Juliet_memLeak/testcase_test/CWE401_Memory_Leak/CWE401_Memory_Leak__int_realloc_73.out+0xb9c)  #5  0x10df0
[Y]Call Stack:  in main (/home/wuhuang/fuzz/qasan/Juliet_memLeak/testcase_test/CWE401_Memory_Leak/CWE401_Memory_Leak__int_realloc_73.out+0xdf0)  #6  0xff7b2f24
[Y]Call Stack:  in __libc_start_main /home/wuhuang/fuzz/qasan/libqasan/libqasan.c:91  #7  0x10abc
[Y]Call Stack:  in _start /home/tcwg-buildslave/workspace/tcwg-make-release/label/tcwg-x86_64-ex40/target/arm-linux-gnueabi/snapshots/eglibc.git~linaro_eglibc-2_19/libc/csu/../ports/sysdeps/arm/start.S:128
using ASAN_GIOVESE
Calling good()...
0 -- 0
1 -- 1
0 -- 0
1 -- 1
Finished good()
Calling bad()...
0 -- 0
1 -- 1
Finished bad()
No memory leak detected.
using ASAN_GIOVESE
Calling good()...
A String
A String
Finished good()
Calling bad()...
A String
Finished bad()

=== Memory Leak Detected ===
Memory Range: [0x22218 - 0x2227c]
Call Stack (depth 7):
  #0  0xff67afe0
[Y]Call Stack:  in syscall (/home/wuhuang/fuzz/qasan/cramfs-root/lib/arm-linux-gnueabi/libc-2.13.so+0xcdfe0)  #1  0xff7b3f6c
[Y]Call Stack:  in __libqasan_malloc /home/wuhuang/fuzz/qasan/libqasan/malloc.c:207  #2  0xff7b308e
[Y]Call Stack:  in malloc /home/wuhuang/fuzz/qasan/libqasan/hooks.c:68  #3  0x108e2
[Y]Call Stack:  in CWE401_Memory_Leak__char_malloc_18_bad (/home/wuhuang/fuzz/qasan/Juliet_memLeak/testcase_test/CWE401_Memory_Leak/CWE401_Memory_Leak__char_malloc_18.out+0x8e2)  #4  0x109f4
[Y]Call Stack:  in main (/home/wuhuang/fuzz/qasan/Juliet_memLeak/testcase_test/CWE401_Memory_Leak/CWE401_Memory_Leak__char_malloc_18.out+0x9f4)  #5  0xff7b2f24
[Y]Call Stack:  in __libc_start_main /home/wuhuang/fuzz/qasan/libqasan/libqasan.c:91  #6  0x10810
[Y]Call Stack:  in _start /home/tcwg-buildslave/workspace/tcwg-make-release/label/tcwg-x86_64-ex40/target/arm-linux-gnueabi/snapshots/eglibc.git~linaro_eglibc-2_19/libc/csu/../ports/sysdeps/arm/start.S:128
using ASAN_GIOVESE
Calling good()...
A String
A String
A String
A String
Finished good()
Calling bad()...
A String
Finished bad()

=== Memory Leak Detected ===
Memory Range: [0x22398 - 0x223fc]
Call Stack (depth 7):
  #0  0xff580fe0
[Y]Call Stack:  in syscall (/home/wuhuang/fuzz/qasan/cramfs-root/lib/arm-linux-gnueabi/libc-2.13.so+0xcdfe0)  #1  0xff7b3f6c
[Y]Call Stack:  in __libqasan_malloc /home/wuhuang/fuzz/qasan/libqasan/malloc.c:207  #2  0xff7b308e
[Y]Call Stack:  in malloc /home/wuhuang/fuzz/qasan/libqasan/hooks.c:68  #3  0x109f2
[Y]Call Stack:  in _ZN37CWE401_Memory_Leak__new_array_char_133badEv (/home/wuhuang/fuzz/qasan/Juliet_memLeak/testcase_test/CWE401_Memory_Leak/CWE401_Memory_Leak__new_array_char_13.out+0x9f2)  #4  0x10bc4
[Y]Call Stack:  in main (/home/wuhuang/fuzz/qasan/Juliet_memLeak/testcase_test/CWE401_Memory_Leak/CWE401_Memory_Leak__new_array_char_13.out+0xbc4)  #5  0xff7b2f24
[Y]Call Stack:  in __libc_start_main /home/wuhuang/fuzz/qasan/libqasan/libqasan.c:91  #6  0x10914
[Y]Call Stack:  in _start /home/tcwg-buildslave/workspace/tcwg-make-release/label/tcwg-x86_64-ex40/target/arm-linux-gnueabi/snapshots/eglibc.git~linaro_eglibc-2_19/libc/csu/../ports/sysdeps/arm/start.S:128
using ASAN_GIOVESE
Calling good()...
A String
New String
A String
New String
Finished good()
Calling bad()...
A String
New String
Finished bad()
No memory leak detected.
using ASAN_GIOVESE
Calling good()...
A String
A String
Finished good()
Calling bad()...
A String
Finished bad()

=== Memory Leak Detected ===
Memory Range: [0x22218 - 0x2227c]
Call Stack (depth 7):
  #0  0xff67afe0
[Y]Call Stack:  in syscall (/home/wuhuang/fuzz/qasan/cramfs-root/lib/arm-linux-gnueabi/libc-2.13.so+0xcdfe0)  #1  0xff7b3f6c
[Y]Call Stack:  in __libqasan_malloc /home/wuhuang/fuzz/qasan/libqasan/malloc.c:207  #2  0xff7b308e
[Y]Call Stack:  in malloc /home/wuhuang/fuzz/qasan/libqasan/hooks.c:68  #3  0x108e0
[Y]Call Stack:  in CWE401_Memory_Leak__char_malloc_64_bad (/home/wuhuang/fuzz/qasan/Juliet_memLeak/testcase_test/CWE401_Memory_Leak/CWE401_Memory_Leak__char_malloc_64.out+0x8e0)  #4  0x109fc
[Y]Call Stack:  in main (/home/wuhuang/fuzz/qasan/Juliet_memLeak/testcase_test/CWE401_Memory_Leak/CWE401_Memory_Leak__char_malloc_64.out+0x9fc)  #5  0xff7b2f24
[Y]Call Stack:  in __libc_start_main /home/wuhuang/fuzz/qasan/libqasan/libqasan.c:91  #6  0x10810
[Y]Call Stack:  in _start /home/tcwg-buildslave/workspace/tcwg-make-release/label/tcwg-x86_64-ex40/target/arm-linux-gnueabi/snapshots/eglibc.git~linaro_eglibc-2_19/libc/csu/../ports/sysdeps/arm/start.S:128
using ASAN_GIOVESE
Calling good()...
5
5
Finished good()
Calling bad()...
5
Finished bad()

=== Memory Leak Detected ===
Memory Range: [0x22340 - 0x224d0]
Call Stack (depth 9):
  #0  0xff67afe0
[Y]Call Stack:  in syscall (/home/wuhuang/fuzz/qasan/cramfs-root/lib/arm-linux-gnueabi/libc-2.13.so+0xcdfe0)  #1  0xff7b3f6c
[Y]Call Stack:  in __libqasan_malloc /home/wuhuang/fuzz/qasan/libqasan/malloc.c:207  #2  0xff7b4162
[Y]Call Stack:  in __libqasan_calloc /home/wuhuang/fuzz/qasan/libqasan/malloc.c:283  #3  0xff7b30b2
[Y]Call Stack:  in calloc /home/wuhuang/fuzz/qasan/libqasan/hooks.c:80  #4  0x10910
[Y]Call Stack:  in badSource CWE401_Memory_Leak__int_calloc_42.c:?  #5  0x1094c
[Y]Call Stack:  in CWE401_Memory_Leak__int_calloc_42_bad (/home/wuhuang/fuzz/qasan/Juliet_memLeak/testcase_test/CWE401_Memory_Leak/CWE401_Memory_Leak__int_calloc_42.out+0x94c)  #6  0x10a4c
[Y]Call Stack:  in main (/home/wuhuang/fuzz/qasan/Juliet_memLeak/testcase_test/CWE401_Memory_Leak/CWE401_Memory_Leak__int_calloc_42.out+0xa4c)  #7  0xff7b2f24
[Y]Call Stack:  in __libc_start_main /home/wuhuang/fuzz/qasan/libqasan/libqasan.c:91  #8  0x10840
[Y]Call Stack:  in _start /home/tcwg-buildslave/workspace/tcwg-make-release/label/tcwg-x86_64-ex40/target/arm-linux-gnueabi/snapshots/eglibc.git~linaro_eglibc-2_19/libc/csu/../ports/sysdeps/arm/start.S:128
using ASAN_GIOVESE
Calling good()...
5
5
5
5
Finished good()
Calling bad()...
5
Finished bad()

=== Memory Leak Detected ===
Memory Range: [0x225e8 - 0x22778]
Call Stack (depth 8):
  #0  0xff67afe0
[Y]Call Stack:  in syscall (/home/wuhuang/fuzz/qasan/cramfs-root/lib/arm-linux-gnueabi/libc-2.13.so+0xcdfe0)  #1  0xff7b3f6c
[Y]Call Stack:  in __libqasan_malloc /home/wuhuang/fuzz/qasan/libqasan/malloc.c:207  #2  0xff7b41b0
[Y]Call Stack:  in __libqasan_realloc /home/wuhuang/fuzz/qasan/libqasan/malloc.c:294  #3  0xff7b30d6
[Y]Call Stack:  in realloc /home/wuhuang/fuzz/qasan/libqasan/hooks.c:92  #4  0x10942
[Y]Call Stack:  in CWE401_Memory_Leak__int_realloc_08_bad (/home/wuhuang/fuzz/qasan/Juliet_memLeak/testcase_test/CWE401_Memory_Leak/CWE401_Memory_Leak__int_realloc_08.out+0x942)  #5  0x10b04
[Y]Call Stack:  in main (/home/wuhuang/fuzz/qasan/Juliet_memLeak/testcase_test/CWE401_Memory_Leak/CWE401_Memory_Leak__int_realloc_08.out+0xb04)  #6  0xff7b2f24
[Y]Call Stack:  in __libc_start_main /home/wuhuang/fuzz/qasan/libqasan/libqasan.c:91  #7  0x10844
[Y]Call Stack:  in _start /home/tcwg-buildslave/workspace/tcwg-make-release/label/tcwg-x86_64-ex40/target/arm-linux-gnueabi/snapshots/eglibc.git~linaro_eglibc-2_19/libc/csu/../ports/sysdeps/arm/start.S:128
using ASAN_GIOVESE
Calling good()...
A String
A String
A String
A String
Finished good()
Calling bad()...
A String
Finished bad()

=== Memory Leak Detected ===
Memory Range: [0x22398 - 0x223fc]
Call Stack (depth 7):
  #0  0xff580fe0
[Y]Call Stack:  in syscall (/home/wuhuang/fuzz/qasan/cramfs-root/lib/arm-linux-gnueabi/libc-2.13.so+0xcdfe0)  #1  0xff7b3f6c
[Y]Call Stack:  in __libqasan_malloc /home/wuhuang/fuzz/qasan/libqasan/malloc.c:207  #2  0xff7b308e
[Y]Call Stack:  in malloc /home/wuhuang/fuzz/qasan/libqasan/hooks.c:68  #3  0x109f2
[Y]Call Stack:  in _ZN37CWE401_Memory_Leak__new_array_char_143badEv (/home/wuhuang/fuzz/qasan/Juliet_memLeak/testcase_test/CWE401_Memory_Leak/CWE401_Memory_Leak__new_array_char_14.out+0x9f2)  #4  0x10bc4
[Y]Call Stack:  in main (/home/wuhuang/fuzz/qasan/Juliet_memLeak/testcase_test/CWE401_Memory_Leak/CWE401_Memory_Leak__new_array_char_14.out+0xbc4)  #5  0xff7b2f24
[Y]Call Stack:  in __libc_start_main /home/wuhuang/fuzz/qasan/libqasan/libqasan.c:91  #6  0x10914
[Y]Call Stack:  in _start /home/tcwg-buildslave/workspace/tcwg-make-release/label/tcwg-x86_64-ex40/target/arm-linux-gnueabi/snapshots/eglibc.git~linaro_eglibc-2_19/libc/csu/../ports/sysdeps/arm/start.S:128
using ASAN_GIOVESE
Calling good()...
A String
A String
Finished good()
Calling bad()...
A String
Finished bad()

=== Memory Leak Detected ===
Memory Range: [0x22218 - 0x2227c]
Call Stack (depth 7):
  #0  0xff67afe0
[Y]Call Stack:  in syscall (/home/wuhuang/fuzz/qasan/cramfs-root/lib/arm-linux-gnueabi/libc-2.13.so+0xcdfe0)  #1  0xff7b3f6c
[Y]Call Stack:  in __libqasan_malloc /home/wuhuang/fuzz/qasan/libqasan/malloc.c:207  #2  0xff7b308e
[Y]Call Stack:  in malloc /home/wuhuang/fuzz/qasan/libqasan/hooks.c:68  #3  0x108e0
[Y]Call Stack:  in CWE401_Memory_Leak__char_malloc_63_bad (/home/wuhuang/fuzz/qasan/Juliet_memLeak/testcase_test/CWE401_Memory_Leak/CWE401_Memory_Leak__char_malloc_63.out+0x8e0)  #4  0x109fc
[Y]Call Stack:  in main (/home/wuhuang/fuzz/qasan/Juliet_memLeak/testcase_test/CWE401_Memory_Leak/CWE401_Memory_Leak__char_malloc_63.out+0x9fc)  #5  0xff7b2f24
[Y]Call Stack:  in __libc_start_main /home/wuhuang/fuzz/qasan/libqasan/libqasan.c:91  #6  0x10810
[Y]Call Stack:  in _start /home/tcwg-buildslave/workspace/tcwg-make-release/label/tcwg-x86_64-ex40/target/arm-linux-gnueabi/snapshots/eglibc.git~linaro_eglibc-2_19/libc/csu/../ports/sysdeps/arm/start.S:128
using ASAN_GIOVESE
Calling good()...
5
5
Finished good()
Calling bad()...
5
Finished bad()

=== Memory Leak Detected ===
Memory Range: [0x22340 - 0x224d0]
Call Stack (depth 8):
  #0  0xff67afe0
[Y]Call Stack:  in syscall (/home/wuhuang/fuzz/qasan/cramfs-root/lib/arm-linux-gnueabi/libc-2.13.so+0xcdfe0)  #1  0xff7b3f6c
[Y]Call Stack:  in __libqasan_malloc /home/wuhuang/fuzz/qasan/libqasan/malloc.c:207  #2  0xff7b4162
[Y]Call Stack:  in __libqasan_calloc /home/wuhuang/fuzz/qasan/libqasan/malloc.c:283  #3  0xff7b30b2
[Y]Call Stack:  in calloc /home/wuhuang/fuzz/qasan/libqasan/hooks.c:80  #4  0x1092e
[Y]Call Stack:  in CWE401_Memory_Leak__int_calloc_45_bad (/home/wuhuang/fuzz/qasan/Juliet_memLeak/testcase_test/CWE401_Memory_Leak/CWE401_Memory_Leak__int_calloc_45.out+0x92e)  #5  0x10a80
[Y]Call Stack:  in main (/home/wuhuang/fuzz/qasan/Juliet_memLeak/testcase_test/CWE401_Memory_Leak/CWE401_Memory_Leak__int_calloc_45.out+0xa80)  #6  0xff7b2f24
[Y]Call Stack:  in __libc_start_main /home/wuhuang/fuzz/qasan/libqasan/libqasan.c:91  #7  0x10840
[Y]Call Stack:  in _start /home/tcwg-buildslave/workspace/tcwg-make-release/label/tcwg-x86_64-ex40/target/arm-linux-gnueabi/snapshots/eglibc.git~linaro_eglibc-2_19/libc/csu/../ports/sysdeps/arm/start.S:128
using ASAN_GIOVESE
Calling good()...
0 -- 0
1 -- 1
Finished good()
Calling bad()...
0 -- 0
1 -- 1
Finished bad()
No memory leak detected.
using ASAN_GIOVESE
Calling good()...
5
5
Finished good()
Calling bad()...
5
Finished bad()

=== Memory Leak Detected ===
Memory Range: [0x22340 - 0x224d0]
Call Stack (depth 7):
  #0  0xff580fe0
[Y]Call Stack:  in syscall (/home/wuhuang/fuzz/qasan/cramfs-root/lib/arm-linux-gnueabi/libc-2.13.so+0xcdfe0)  #1  0xff7b3f6c
[Y]Call Stack:  in __libqasan_malloc /home/wuhuang/fuzz/qasan/libqasan/malloc.c:207  #2  0xff7b308e
[Y]Call Stack:  in malloc /home/wuhuang/fuzz/qasan/libqasan/hooks.c:68  #3  0x10a78
[Y]Call Stack:  in _ZN33CWE401_Memory_Leak__int_malloc_813badEv (/home/wuhuang/fuzz/qasan/Juliet_memLeak/testcase_test/CWE401_Memory_Leak/CWE401_Memory_Leak__int_malloc_81.out+0xa78)  #4  0x10bc0
[Y]Call Stack:  in main (/home/wuhuang/fuzz/qasan/Juliet_memLeak/testcase_test/CWE401_Memory_Leak/CWE401_Memory_Leak__int_malloc_81.out+0xbc0)  #5  0xff7b2f24
[Y]Call Stack:  in __libc_start_main /home/wuhuang/fuzz/qasan/libqasan/libqasan.c:91  #6  0x109a4
[Y]Call Stack:  in _start /home/tcwg-buildslave/workspace/tcwg-make-release/label/tcwg-x86_64-ex40/target/arm-linux-gnueabi/snapshots/eglibc.git~linaro_eglibc-2_19/libc/csu/../ports/sysdeps/arm/start.S:128
using ASAN_GIOVESE
Calling good()...
A String
A String
Finished good()
Calling bad()...
A String
Finished bad()

=== Memory Leak Detected ===
Memory Range: [0x22218 - 0x2227c]
Call Stack (depth 7):
  #0  0xff580fe0
[Y]Call Stack:  in syscall (/home/wuhuang/fuzz/qasan/cramfs-root/lib/arm-linux-gnueabi/libc-2.13.so+0xcdfe0)  #1  0xff7b3f6c
[Y]Call Stack:  in __libqasan_malloc /home/wuhuang/fuzz/qasan/libqasan/malloc.c:207  #2  0xff7b308e
[Y]Call Stack:  in malloc /home/wuhuang/fuzz/qasan/libqasan/hooks.c:68  #3  0x109e4
[Y]Call Stack:  in _ZN37CWE401_Memory_Leak__new_array_char_683badEv (/home/wuhuang/fuzz/qasan/Juliet_memLeak/testcase_test/CWE401_Memory_Leak/CWE401_Memory_Leak__new_array_char_68.out+0x9e4)  #4  0x10af0
[Y]Call Stack:  in main (/home/wuhuang/fuzz/qasan/Juliet_memLeak/testcase_test/CWE401_Memory_Leak/CWE401_Memory_Leak__new_array_char_68.out+0xaf0)  #5  0xff7b2f24
[Y]Call Stack:  in __libc_start_main /home/wuhuang/fuzz/qasan/libqasan/libqasan.c:91  #6  0x10914
[Y]Call Stack:  in _start /home/tcwg-buildslave/workspace/tcwg-make-release/label/tcwg-x86_64-ex40/target/arm-linux-gnueabi/snapshots/eglibc.git~linaro_eglibc-2_19/libc/csu/../ports/sysdeps/arm/start.S:128
using ASAN_GIOVESE
Calling good()...
5
5
Finished good()
Calling bad()...
5
Finished bad()

=== Memory Leak Detected ===
Memory Range: [0x24180 - 0x24310]
Call Stack (depth 8):
  #0  0xff580fe0
[Y]Call Stack:  in syscall (/home/wuhuang/fuzz/qasan/cramfs-root/lib/arm-linux-gnueabi/libc-2.13.so+0xcdfe0)  #1  0xff7b3f6c
[Y]Call Stack:  in __libqasan_malloc /home/wuhuang/fuzz/qasan/libqasan/malloc.c:207  #2  0xff7b41b0
[Y]Call Stack:  in __libqasan_realloc /home/wuhuang/fuzz/qasan/libqasan/malloc.c:294  #3  0xff7b30d6
[Y]Call Stack:  in realloc /home/wuhuang/fuzz/qasan/libqasan/hooks.c:92  #4  0x10d42
[Y]Call Stack:  in _ZN34CWE401_Memory_Leak__int_realloc_743badEv (/home/wuhuang/fuzz/qasan/Juliet_memLeak/testcase_test/CWE401_Memory_Leak/CWE401_Memory_Leak__int_realloc_74.out+0xd42)  #5  0x10fe8
[Y]Call Stack:  in main (/home/wuhuang/fuzz/qasan/Juliet_memLeak/testcase_test/CWE401_Memory_Leak/CWE401_Memory_Leak__int_realloc_74.out+0xfe8)  #6  0xff7b2f24
[Y]Call Stack:  in __libc_start_main /home/wuhuang/fuzz/qasan/libqasan/libqasan.c:91  #7  0x10c64
[Y]Call Stack:  in _start /home/tcwg-buildslave/workspace/tcwg-make-release/label/tcwg-x86_64-ex40/target/arm-linux-gnueabi/snapshots/eglibc.git~linaro_eglibc-2_19/libc/csu/../ports/sysdeps/arm/start.S:128
using ASAN_GIOVESE
Calling good()...
0 -- 0
1 -- 1
0 -- 0
1 -- 1
Finished good()
Calling bad()...
0 -- 0
1 -- 1
Finished bad()
No memory leak detected.
using ASAN_GIOVESE
Calling good()...
A String
A String
Finished good()
Calling bad()...
A String
Finished bad()

=== Memory Leak Detected ===
Memory Range: [0x22218 - 0x2227c]
Call Stack (depth 8):
  #0  0xff67afe0
[Y]Call Stack:  in syscall (/home/wuhuang/fuzz/qasan/cramfs-root/lib/arm-linux-gnueabi/libc-2.13.so+0xcdfe0)  #1  0xff7b3f6c
[Y]Call Stack:  in __libqasan_malloc /home/wuhuang/fuzz/qasan/libqasan/malloc.c:207  #2  0xff7b41b0
[Y]Call Stack:  in __libqasan_realloc /home/wuhuang/fuzz/qasan/libqasan/malloc.c:294  #3  0xff7b30d6
[Y]Call Stack:  in realloc /home/wuhuang/fuzz/qasan/libqasan/hooks.c:92  #4  0x10916
[Y]Call Stack:  in CWE401_Memory_Leak__char_realloc_67_bad (/home/wuhuang/fuzz/qasan/Juliet_memLeak/testcase_test/CWE401_Memory_Leak/CWE401_Memory_Leak__char_realloc_67.out+0x916)  #5  0x10a30
[Y]Call Stack:  in main (/home/wuhuang/fuzz/qasan/Juliet_memLeak/testcase_test/CWE401_Memory_Leak/CWE401_Memory_Leak__char_realloc_67.out+0xa30)  #6  0xff7b2f24
[Y]Call Stack:  in __libc_start_main /home/wuhuang/fuzz/qasan/libqasan/libqasan.c:91  #7  0x10844
[Y]Call Stack:  in _start /home/tcwg-buildslave/workspace/tcwg-make-release/label/tcwg-x86_64-ex40/target/arm-linux-gnueabi/snapshots/eglibc.git~linaro_eglibc-2_19/libc/csu/../ports/sysdeps/arm/start.S:128
using ASAN_GIOVESE
Calling good()...
A String
A String
A String
Finished good()
Calling bad()...
A String
Finished bad()

=== Memory Leak Detected ===
Memory Range: [0x22398 - 0x223fc]
Call Stack (depth 7):
  #0  0xff580fe0
[Y]Call Stack:  in syscall (/home/wuhuang/fuzz/qasan/cramfs-root/lib/arm-linux-gnueabi/libc-2.13.so+0xcdfe0)  #1  0xff7b3f6c
[Y]Call Stack:  in __libqasan_malloc /home/wuhuang/fuzz/qasan/libqasan/malloc.c:207  #2  0xff7b308e
[Y]Call Stack:  in malloc /home/wuhuang/fuzz/qasan/libqasan/hooks.c:68  #3  0x109f8
[Y]Call Stack:  in _ZN37CWE401_Memory_Leak__new_array_char_213badEv (/home/wuhuang/fuzz/qasan/Juliet_memLeak/testcase_test/CWE401_Memory_Leak/CWE401_Memory_Leak__new_array_char_21.out+0x9f8)  #4  0x10bcc
[Y]Call Stack:  in main (/home/wuhuang/fuzz/qasan/Juliet_memLeak/testcase_test/CWE401_Memory_Leak/CWE401_Memory_Leak__new_array_char_21.out+0xbcc)  #5  0xff7b2f24
[Y]Call Stack:  in __libc_start_main /home/wuhuang/fuzz/qasan/libqasan/libqasan.c:91  #6  0x10914
[Y]Call Stack:  in _start /home/tcwg-buildslave/workspace/tcwg-make-release/label/tcwg-x86_64-ex40/target/arm-linux-gnueabi/snapshots/eglibc.git~linaro_eglibc-2_19/libc/csu/../ports/sysdeps/arm/start.S:128
using ASAN_GIOVESE
Calling good()...
5
5
Finished good()
Calling bad()...
5
Finished bad()

=== Memory Leak Detected ===
Memory Range: [0x22340 - 0x224d0]
Call Stack (depth 7):
  #0  0xff67afe0
[Y]Call Stack:  in syscall (/home/wuhuang/fuzz/qasan/cramfs-root/lib/arm-linux-gnueabi/libc-2.13.so+0xcdfe0)  #1  0xff7b3f6c
[Y]Call Stack:  in __libqasan_malloc /home/wuhuang/fuzz/qasan/libqasan/malloc.c:207  #2  0xff7b308e
[Y]Call Stack:  in malloc /home/wuhuang/fuzz/qasan/libqasan/hooks.c:68  #3  0x108ec
[Y]Call Stack:  in CWE401_Memory_Leak__int_malloc_65_bad (/home/wuhuang/fuzz/qasan/Juliet_memLeak/testcase_test/CWE401_Memory_Leak/CWE401_Memory_Leak__int_malloc_65.out+0x8ec)  #4  0x109f8
[Y]Call Stack:  in main (/home/wuhuang/fuzz/qasan/Juliet_memLeak/testcase_test/CWE401_Memory_Leak/CWE401_Memory_Leak__int_malloc_65.out+0x9f8)  #5  0xff7b2f24
[Y]Call Stack:  in __libc_start_main /home/wuhuang/fuzz/qasan/libqasan/libqasan.c:91  #6  0x10810
[Y]Call Stack:  in _start /home/tcwg-buildslave/workspace/tcwg-make-release/label/tcwg-x86_64-ex40/target/arm-linux-gnueabi/snapshots/eglibc.git~linaro_eglibc-2_19/libc/csu/../ports/sysdeps/arm/start.S:128
using ASAN_GIOVESE
Calling good()...
5
5
Finished good()
Calling bad()...
5
Finished bad()

=== Memory Leak Detected ===
Memory Range: [0x22340 - 0x224d0]
Call Stack (depth 8):
  #0  0xff67afe0
[Y]Call Stack:  in syscall (/home/wuhuang/fuzz/qasan/cramfs-root/lib/arm-linux-gnueabi/libc-2.13.so+0xcdfe0)  #1  0xff7b3f6c
[Y]Call Stack:  in __libqasan_malloc /home/wuhuang/fuzz/qasan/libqasan/malloc.c:207  #2  0xff7b41b0
[Y]Call Stack:  in __libqasan_realloc /home/wuhuang/fuzz/qasan/libqasan/malloc.c:294  #3  0xff7b30d6
[Y]Call Stack:  in realloc /home/wuhuang/fuzz/qasan/libqasan/hooks.c:92  #4  0x1092c
[Y]Call Stack:  in CWE401_Memory_Leak__int_realloc_41_bad (/home/wuhuang/fuzz/qasan/Juliet_memLeak/testcase_test/CWE401_Memory_Leak/CWE401_Memory_Leak__int_realloc_41.out+0x92c)  #5  0x10a48
[Y]Call Stack:  in main (/home/wuhuang/fuzz/qasan/Juliet_memLeak/testcase_test/CWE401_Memory_Leak/CWE401_Memory_Leak__int_realloc_41.out+0xa48)  #6  0xff7b2f24
[Y]Call Stack:  in __libc_start_main /home/wuhuang/fuzz/qasan/libqasan/libqasan.c:91  #7  0x10844
[Y]Call Stack:  in _start /home/tcwg-buildslave/workspace/tcwg-make-release/label/tcwg-x86_64-ex40/target/arm-linux-gnueabi/snapshots/eglibc.git~linaro_eglibc-2_19/libc/csu/../ports/sysdeps/arm/start.S:128
using ASAN_GIOVESE
Calling good()...
A String
A String
Finished good()
Calling bad()...
A String
Finished bad()

=== Memory Leak Detected ===
Memory Range: [0x22218 - 0x2227c]
Call Stack (depth 9):
  #0  0xff580fe0
[Y]Call Stack:  in syscall (/home/wuhuang/fuzz/qasan/cramfs-root/lib/arm-linux-gnueabi/libc-2.13.so+0xcdfe0)  #1  0xff7b3f6c
[Y]Call Stack:  in __libqasan_malloc /home/wuhuang/fuzz/qasan/libqasan/malloc.c:207  #2  0xff7b4162
[Y]Call Stack:  in __libqasan_calloc /home/wuhuang/fuzz/qasan/libqasan/malloc.c:283  #3  0xff7b30b2
[Y]Call Stack:  in calloc /home/wuhuang/fuzz/qasan/libqasan/hooks.c:80  #4  0x109b0
[Y]Call Stack:  in _ZN34CWE401_Memory_Leak__char_calloc_43L9badSourceERPc CWE401_Memory_Leak__char_calloc_43.cpp:?  #5  0x10a02
[Y]Call Stack:  in _ZN34CWE401_Memory_Leak__char_calloc_433badEv (/home/wuhuang/fuzz/qasan/Juliet_memLeak/testcase_test/CWE401_Memory_Leak/CWE401_Memory_Leak__char_calloc_43.out+0xa02)  #6  0x10b30
[Y]Call Stack:  in main (/home/wuhuang/fuzz/qasan/Juliet_memLeak/testcase_test/CWE401_Memory_Leak/CWE401_Memory_Leak__char_calloc_43.out+0xb30)  #7  0xff7b2f24
[Y]Call Stack:  in __libc_start_main /home/wuhuang/fuzz/qasan/libqasan/libqasan.c:91  #8  0x108e0
[Y]Call Stack:  in _start /home/tcwg-buildslave/workspace/tcwg-make-release/label/tcwg-x86_64-ex40/target/arm-linux-gnueabi/snapshots/eglibc.git~linaro_eglibc-2_19/libc/csu/../ports/sysdeps/arm/start.S:128
using ASAN_GIOVESE
Calling good()...
A String
A String
Finished good()
Calling bad()...
A String
Finished bad()

=== Memory Leak Detected ===
Memory Range: [0x22218 - 0x2227c]
Call Stack (depth 8):
  #0  0xff67afe0
[Y]Call Stack:  in syscall (/home/wuhuang/fuzz/qasan/cramfs-root/lib/arm-linux-gnueabi/libc-2.13.so+0xcdfe0)  #1  0xff7b3f6c
[Y]Call Stack:  in __libqasan_malloc /home/wuhuang/fuzz/qasan/libqasan/malloc.c:207  #2  0xff7b41b0
[Y]Call Stack:  in __libqasan_realloc /home/wuhuang/fuzz/qasan/libqasan/malloc.c:294  #3  0xff7b30d6
[Y]Call Stack:  in realloc /home/wuhuang/fuzz/qasan/libqasan/hooks.c:92  #4  0x10916
[Y]Call Stack:  in CWE401_Memory_Leak__char_realloc_52_bad (/home/wuhuang/fuzz/qasan/Juliet_memLeak/testcase_test/CWE401_Memory_Leak/CWE401_Memory_Leak__char_realloc_52.out+0x916)  #5  0x10a24
[Y]Call Stack:  in main (/home/wuhuang/fuzz/qasan/Juliet_memLeak/testcase_test/CWE401_Memory_Leak/CWE401_Memory_Leak__char_realloc_52.out+0xa24)  #6  0xff7b2f24
[Y]Call Stack:  in __libc_start_main /home/wuhuang/fuzz/qasan/libqasan/libqasan.c:91  #7  0x10844
[Y]Call Stack:  in _start /home/tcwg-buildslave/workspace/tcwg-make-release/label/tcwg-x86_64-ex40/target/arm-linux-gnueabi/snapshots/eglibc.git~linaro_eglibc-2_19/libc/csu/../ports/sysdeps/arm/start.S:128
using ASAN_GIOVESE
Calling good()...
A String
A String
Finished good()
Calling bad()...
A String
Finished bad()

=== Memory Leak Detected ===
Memory Range: [0x22218 - 0x2227c]
Call Stack (depth 9):
  #0  0xff580fe0
[Y]Call Stack:  in syscall (/home/wuhuang/fuzz/qasan/cramfs-root/lib/arm-linux-gnueabi/libc-2.13.so+0xcdfe0)  #1  0xff7b3f6c
[Y]Call Stack:  in __libqasan_malloc /home/wuhuang/fuzz/qasan/libqasan/malloc.c:207  #2  0xff7b41b0
[Y]Call Stack:  in __libqasan_realloc /home/wuhuang/fuzz/qasan/libqasan/malloc.c:294  #3  0xff7b30d6
[Y]Call Stack:  in realloc /home/wuhuang/fuzz/qasan/libqasan/hooks.c:92  #4  0x10a96
[Y]Call Stack:  in _ZN35CWE401_Memory_Leak__char_realloc_8339CWE401_Memory_Leak__char_realloc_83_badC1EPc (/home/wuhuang/fuzz/qasan/Juliet_memLeak/testcase_test/CWE401_Memory_Leak/CWE401_Memory_Leak__char_realloc_83.out+0xa96)  #5  0x109b4
[Y]Call Stack:  in _ZN35CWE401_Memory_Leak__char_realloc_833badEv (/home/wuhuang/fuzz/qasan/Juliet_memLeak/testcase_test/CWE401_Memory_Leak/CWE401_Memory_Leak__char_realloc_83.out+0x9b4)  #6  0x10a60
[Y]Call Stack:  in main (/home/wuhuang/fuzz/qasan/Juliet_memLeak/testcase_test/CWE401_Memory_Leak/CWE401_Memory_Leak__char_realloc_83.out+0xa60)  #7  0xff7b2f24
[Y]Call Stack:  in __libc_start_main /home/wuhuang/fuzz/qasan/libqasan/libqasan.c:91  #8  0x108e0
[Y]Call Stack:  in _start /home/tcwg-buildslave/workspace/tcwg-make-release/label/tcwg-x86_64-ex40/target/arm-linux-gnueabi/snapshots/eglibc.git~linaro_eglibc-2_19/libc/csu/../ports/sysdeps/arm/start.S:128
using ASAN_GIOVESE
Calling good()...
5
5
Finished good()
Calling bad()...
5
Finished bad()

=== Memory Leak Detected ===
Memory Range: [0x22340 - 0x224d0]
Call Stack (depth 8):
  #0  0xff580fe0
[Y]Call Stack:  in syscall (/home/wuhuang/fuzz/qasan/cramfs-root/lib/arm-linux-gnueabi/libc-2.13.so+0xcdfe0)  #1  0xff7b3f6c
[Y]Call Stack:  in __libqasan_malloc /home/wuhuang/fuzz/qasan/libqasan/malloc.c:207  #2  0xff7b308e
[Y]Call Stack:  in malloc /home/wuhuang/fuzz/qasan/libqasan/hooks.c:68  #3  0x10a3e
[Y]Call Stack:  in _ZN33CWE401_Memory_Leak__int_malloc_629badSourceERPi (/home/wuhuang/fuzz/qasan/Juliet_memLeak/testcase_test/CWE401_Memory_Leak/CWE401_Memory_Leak__int_malloc_62.out+0xa3e)  #4  0x10982
[Y]Call Stack:  in _ZN33CWE401_Memory_Leak__int_malloc_623badEv (/home/wuhuang/fuzz/qasan/Juliet_memLeak/testcase_test/CWE401_Memory_Leak/CWE401_Memory_Leak__int_malloc_62.out+0x982)  #5  0x10a14
[Y]Call Stack:  in main (/home/wuhuang/fuzz/qasan/Juliet_memLeak/testcase_test/CWE401_Memory_Leak/CWE401_Memory_Leak__int_malloc_62.out+0xa14)  #6  0xff7b2f24
[Y]Call Stack:  in __libc_start_main /home/wuhuang/fuzz/qasan/libqasan/libqasan.c:91  #7  0x108b0
[Y]Call Stack:  in _start /home/tcwg-buildslave/workspace/tcwg-make-release/label/tcwg-x86_64-ex40/target/arm-linux-gnueabi/snapshots/eglibc.git~linaro_eglibc-2_19/libc/csu/../ports/sysdeps/arm/start.S:128
using ASAN_GIOVESE
Calling good()...
A String
A String
Finished good()
Calling bad()...
A String
Finished bad()

=== Memory Leak Detected ===
Memory Range: [0x22218 - 0x2227c]
Call Stack (depth 8):
  #0  0xff67afe0
[Y]Call Stack:  in syscall (/home/wuhuang/fuzz/qasan/cramfs-root/lib/arm-linux-gnueabi/libc-2.13.so+0xcdfe0)  #1  0xff7b3f6c
[Y]Call Stack:  in __libqasan_malloc /home/wuhuang/fuzz/qasan/libqasan/malloc.c:207  #2  0xff7b4162
[Y]Call Stack:  in __libqasan_calloc /home/wuhuang/fuzz/qasan/libqasan/malloc.c:283  #3  0xff7b30b2
[Y]Call Stack:  in calloc /home/wuhuang/fuzz/qasan/libqasan/hooks.c:80  #4  0x10930
[Y]Call Stack:  in CWE401_Memory_Leak__char_calloc_44_bad (/home/wuhuang/fuzz/qasan/Juliet_memLeak/testcase_test/CWE401_Memory_Leak/CWE401_Memory_Leak__char_calloc_44.out+0x930)  #5  0x10a80
[Y]Call Stack:  in main (/home/wuhuang/fuzz/qasan/Juliet_memLeak/testcase_test/CWE401_Memory_Leak/CWE401_Memory_Leak__char_calloc_44.out+0xa80)  #6  0xff7b2f24
[Y]Call Stack:  in __libc_start_main /home/wuhuang/fuzz/qasan/libqasan/libqasan.c:91  #7  0x10840
[Y]Call Stack:  in _start /home/tcwg-buildslave/workspace/tcwg-make-release/label/tcwg-x86_64-ex40/target/arm-linux-gnueabi/snapshots/eglibc.git~linaro_eglibc-2_19/libc/csu/../ports/sysdeps/arm/start.S:128
using ASAN_GIOVESE
Calling good()...
A String
A String
Finished good()
Calling bad()...
A String
Finished bad()

=== Memory Leak Detected ===
Memory Range: [0x22578 - 0x225dc]
Call Stack (depth 9):
  #0  0xff580fe0
[Y]Call Stack:  in syscall (/home/wuhuang/fuzz/qasan/cramfs-root/lib/arm-linux-gnueabi/libc-2.13.so+0xcdfe0)  #1  0xff7b3f6c
[Y]Call Stack:  in __libqasan_malloc /home/wuhuang/fuzz/qasan/libqasan/malloc.c:207  #2  0xff7b41b0
[Y]Call Stack:  in __libqasan_realloc /home/wuhuang/fuzz/qasan/libqasan/malloc.c:294  #3  0xff7b30d6
[Y]Call Stack:  in realloc /home/wuhuang/fuzz/qasan/libqasan/hooks.c:92  #4  0x10c0e
[Y]Call Stack:  in _ZN35CWE401_Memory_Leak__char_realloc_8439CWE401_Memory_Leak__char_realloc_84_badC2EPc (/home/wuhuang/fuzz/qasan/Juliet_memLeak/testcase_test/CWE401_Memory_Leak/CWE401_Memory_Leak__char_realloc_84.out+0xc0e)  #5  0x10ade
[Y]Call Stack:  in _ZN35CWE401_Memory_Leak__char_realloc_843badEv (/home/wuhuang/fuzz/qasan/Juliet_memLeak/testcase_test/CWE401_Memory_Leak/CWE401_Memory_Leak__char_realloc_84.out+0xade)  #6  0x10bd8
[Y]Call Stack:  in main (/home/wuhuang/fuzz/qasan/Juliet_memLeak/testcase_test/CWE401_Memory_Leak/CWE401_Memory_Leak__char_realloc_84.out+0xbd8)  #7  0xff7b2f24
[Y]Call Stack:  in __libc_start_main /home/wuhuang/fuzz/qasan/libqasan/libqasan.c:91  #8  0x10a04
[Y]Call Stack:  in _start /home/tcwg-buildslave/workspace/tcwg-make-release/label/tcwg-x86_64-ex40/target/arm-linux-gnueabi/snapshots/eglibc.git~linaro_eglibc-2_19/libc/csu/../ports/sysdeps/arm/start.S:128
using ASAN_GIOVESE
Calling good()...
A String
A String
Finished good()
Calling bad()...
A String
Finished bad()

=== Memory Leak Detected ===
Memory Range: [0x22218 - 0x2227c]
Call Stack (depth 7):
  #0  0xff67afe0
[Y]Call Stack:  in syscall (/home/wuhuang/fuzz/qasan/cramfs-root/lib/arm-linux-gnueabi/libc-2.13.so+0xcdfe0)  #1  0xff7b3f6c
[Y]Call Stack:  in __libqasan_malloc /home/wuhuang/fuzz/qasan/libqasan/malloc.c:207  #2  0xff7b308e
[Y]Call Stack:  in malloc /home/wuhuang/fuzz/qasan/libqasan/hooks.c:68  #3  0x108e0
[Y]Call Stack:  in CWE401_Memory_Leak__char_malloc_51_bad (/home/wuhuang/fuzz/qasan/Juliet_memLeak/testcase_test/CWE401_Memory_Leak/CWE401_Memory_Leak__char_malloc_51.out+0x8e0)  #4  0x109f0
[Y]Call Stack:  in main (/home/wuhuang/fuzz/qasan/Juliet_memLeak/testcase_test/CWE401_Memory_Leak/CWE401_Memory_Leak__char_malloc_51.out+0x9f0)  #5  0xff7b2f24
[Y]Call Stack:  in __libc_start_main /home/wuhuang/fuzz/qasan/libqasan/libqasan.c:91  #6  0x10810
[Y]Call Stack:  in _start /home/tcwg-buildslave/workspace/tcwg-make-release/label/tcwg-x86_64-ex40/target/arm-linux-gnueabi/snapshots/eglibc.git~linaro_eglibc-2_19/libc/csu/../ports/sysdeps/arm/start.S:128
using ASAN_GIOVESE
Calling good()...
A String
A String
Finished good()
Calling bad()...
A String
Finished bad()

=== Memory Leak Detected ===
Memory Range: [0x22218 - 0x2227c]
Call Stack (depth 7):
  #0  0xff580fe0
[Y]Call Stack:  in syscall (/home/wuhuang/fuzz/qasan/cramfs-root/lib/arm-linux-gnueabi/libc-2.13.so+0xcdfe0)  #1  0xff7b3f6c
[Y]Call Stack:  in __libqasan_malloc /home/wuhuang/fuzz/qasan/libqasan/malloc.c:207  #2  0xff7b308e
[Y]Call Stack:  in malloc /home/wuhuang/fuzz/qasan/libqasan/hooks.c:68  #3  0x109e4
[Y]Call Stack:  in _ZN37CWE401_Memory_Leak__new_array_char_543badEv (/home/wuhuang/fuzz/qasan/Juliet_memLeak/testcase_test/CWE401_Memory_Leak/CWE401_Memory_Leak__new_array_char_54.out+0x9e4)  #4  0x10ad4
[Y]Call Stack:  in main (/home/wuhuang/fuzz/qasan/Juliet_memLeak/testcase_test/CWE401_Memory_Leak/CWE401_Memory_Leak__new_array_char_54.out+0xad4)  #5  0xff7b2f24
[Y]Call Stack:  in __libc_start_main /home/wuhuang/fuzz/qasan/libqasan/libqasan.c:91  #6  0x10914
[Y]Call Stack:  in _start /home/tcwg-buildslave/workspace/tcwg-make-release/label/tcwg-x86_64-ex40/target/arm-linux-gnueabi/snapshots/eglibc.git~linaro_eglibc-2_19/libc/csu/../ports/sysdeps/arm/start.S:128
using ASAN_GIOVESE
Calling good()...
5
5
5
5
Finished good()
Calling bad()...
5
Finished bad()

=== Memory Leak Detected ===
Memory Range: [0x225e8 - 0x22778]
Call Stack (depth 8):
  #0  0xff67afe0
[Y]Call Stack:  in syscall (/home/wuhuang/fuzz/qasan/cramfs-root/lib/arm-linux-gnueabi/libc-2.13.so+0xcdfe0)  #1  0xff7b3f6c
[Y]Call Stack:  in __libqasan_malloc /home/wuhuang/fuzz/qasan/libqasan/malloc.c:207  #2  0xff7b4162
[Y]Call Stack:  in __libqasan_calloc /home/wuhuang/fuzz/qasan/libqasan/malloc.c:283  #3  0xff7b30b2
[Y]Call Stack:  in calloc /home/wuhuang/fuzz/qasan/libqasan/hooks.c:80  #4  0x10920
[Y]Call Stack:  in CWE401_Memory_Leak__int_calloc_05_bad (/home/wuhuang/fuzz/qasan/Juliet_memLeak/testcase_test/CWE401_Memory_Leak/CWE401_Memory_Leak__int_calloc_05.out+0x920)  #5  0x10af0
[Y]Call Stack:  in main (/home/wuhuang/fuzz/qasan/Juliet_memLeak/testcase_test/CWE401_Memory_Leak/CWE401_Memory_Leak__int_calloc_05.out+0xaf0)  #6  0xff7b2f24
[Y]Call Stack:  in __libc_start_main /home/wuhuang/fuzz/qasan/libqasan/libqasan.c:91  #7  0x10840
[Y]Call Stack:  in _start /home/tcwg-buildslave/workspace/tcwg-make-release/label/tcwg-x86_64-ex40/target/arm-linux-gnueabi/snapshots/eglibc.git~linaro_eglibc-2_19/libc/csu/../ports/sysdeps/arm/start.S:128
using ASAN_GIOVESE
Calling good()...
5
5
5
5
Finished good()
Calling bad()...
5
Finished bad()

=== Memory Leak Detected ===
Memory Range: [0x225e8 - 0x22778]
Call Stack (depth 7):
  #0  0xff67afe0
[Y]Call Stack:  in syscall (/home/wuhuang/fuzz/qasan/cramfs-root/lib/arm-linux-gnueabi/libc-2.13.so+0xcdfe0)  #1  0xff7b3f6c
[Y]Call Stack:  in __libqasan_malloc /home/wuhuang/fuzz/qasan/libqasan/malloc.c:207  #2  0xff7b308e
[Y]Call Stack:  in malloc /home/wuhuang/fuzz/qasan/libqasan/hooks.c:68  #3  0x108f0
[Y]Call Stack:  in CWE401_Memory_Leak__int_malloc_10_bad (/home/wuhuang/fuzz/qasan/Juliet_memLeak/testcase_test/CWE401_Memory_Leak/CWE401_Memory_Leak__int_malloc_10.out+0x8f0)  #4  0x10ac0
[Y]Call Stack:  in main (/home/wuhuang/fuzz/qasan/Juliet_memLeak/testcase_test/CWE401_Memory_Leak/CWE401_Memory_Leak__int_malloc_10.out+0xac0)  #5  0xff7b2f24
[Y]Call Stack:  in __libc_start_main /home/wuhuang/fuzz/qasan/libqasan/libqasan.c:91  #6  0x10810
[Y]Call Stack:  in _start /home/tcwg-buildslave/workspace/tcwg-make-release/label/tcwg-x86_64-ex40/target/arm-linux-gnueabi/snapshots/eglibc.git~linaro_eglibc-2_19/libc/csu/../ports/sysdeps/arm/start.S:128
using ASAN_GIOVESE
Calling good()...
5
10
5
10
Finished good()
Calling bad()...
5
10
Finished bad()
No memory leak detected.
using ASAN_GIOVESE
Calling good()...
5
5
Finished good()
Calling bad()...
5
Finished bad()

=== Memory Leak Detected ===
Memory Range: [0x22340 - 0x224d0]
Call Stack (depth 8):
  #0  0xff67afe0
[Y]Call Stack:  in syscall (/home/wuhuang/fuzz/qasan/cramfs-root/lib/arm-linux-gnueabi/libc-2.13.so+0xcdfe0)  #1  0xff7b3f6c
[Y]Call Stack:  in __libqasan_malloc /home/wuhuang/fuzz/qasan/libqasan/malloc.c:207  #2  0xff7b41b0
[Y]Call Stack:  in __libqasan_realloc /home/wuhuang/fuzz/qasan/libqasan/malloc.c:294  #3  0xff7b30d6
[Y]Call Stack:  in realloc /home/wuhuang/fuzz/qasan/libqasan/hooks.c:92  #4  0x10918
[Y]Call Stack:  in CWE401_Memory_Leak__int_realloc_34_bad (/home/wuhuang/fuzz/qasan/Juliet_memLeak/testcase_test/CWE401_Memory_Leak/CWE401_Memory_Leak__int_realloc_34.out+0x918)  #5  0x10a18
[Y]Call Stack:  in main (/home/wuhuang/fuzz/qasan/Juliet_memLeak/testcase_test/CWE401_Memory_Leak/CWE401_Memory_Leak__int_realloc_34.out+0xa18)  #6  0xff7b2f24
[Y]Call Stack:  in __libc_start_main /home/wuhuang/fuzz/qasan/libqasan/libqasan.c:91  #7  0x10844
[Y]Call Stack:  in _start /home/tcwg-buildslave/workspace/tcwg-make-release/label/tcwg-x86_64-ex40/target/arm-linux-gnueabi/snapshots/eglibc.git~linaro_eglibc-2_19/libc/csu/../ports/sysdeps/arm/start.S:128
using ASAN_GIOVESE
Calling good()...
5
5
Finished good()
Calling bad()...
5
Finished bad()

=== Memory Leak Detected ===
Memory Range: [0x22340 - 0x224d0]
Call Stack (depth 7):
  #0  0xff67afe0
[Y]Call Stack:  in syscall (/home/wuhuang/fuzz/qasan/cramfs-root/lib/arm-linux-gnueabi/libc-2.13.so+0xcdfe0)  #1  0xff7b3f6c
[Y]Call Stack:  in __libqasan_malloc /home/wuhuang/fuzz/qasan/libqasan/malloc.c:207  #2  0xff7b308e
[Y]Call Stack:  in malloc /home/wuhuang/fuzz/qasan/libqasan/hooks.c:68  #3  0x108e8
[Y]Call Stack:  in CWE401_Memory_Leak__int_malloc_17_bad (/home/wuhuang/fuzz/qasan/Juliet_memLeak/testcase_test/CWE401_Memory_Leak/CWE401_Memory_Leak__int_malloc_17.out+0x8e8)  #4  0x10a38
[Y]Call Stack:  in main (/home/wuhuang/fuzz/qasan/Juliet_memLeak/testcase_test/CWE401_Memory_Leak/CWE401_Memory_Leak__int_malloc_17.out+0xa38)  #5  0xff7b2f24
[Y]Call Stack:  in __libc_start_main /home/wuhuang/fuzz/qasan/libqasan/libqasan.c:91  #6  0x10810
[Y]Call Stack:  in _start /home/tcwg-buildslave/workspace/tcwg-make-release/label/tcwg-x86_64-ex40/target/arm-linux-gnueabi/snapshots/eglibc.git~linaro_eglibc-2_19/libc/csu/../ports/sysdeps/arm/start.S:128
using ASAN_GIOVESE
Calling good()...
5
10
Finished good()
Calling bad()...
5
10
Finished bad()
No memory leak detected.
using ASAN_GIOVESE
Calling good()...
5
5
Finished good()
Calling bad()...
5
Finished bad()

=== Memory Leak Detected ===
Memory Range: [0x22340 - 0x224d0]
Call Stack (depth 8):
  #0  0xff580fe0
[Y]Call Stack:  in syscall (/home/wuhuang/fuzz/qasan/cramfs-root/lib/arm-linux-gnueabi/libc-2.13.so+0xcdfe0)  #1  0xff7b3f6c
[Y]Call Stack:  in __libqasan_malloc /home/wuhuang/fuzz/qasan/libqasan/malloc.c:207  #2  0xff7b41b0
[Y]Call Stack:  in __libqasan_realloc /home/wuhuang/fuzz/qasan/libqasan/malloc.c:294  #3  0xff7b30d6
[Y]Call Stack:  in realloc /home/wuhuang/fuzz/qasan/libqasan/hooks.c:92  #4  0x109bc
[Y]Call Stack:  in _ZN34CWE401_Memory_Leak__int_realloc_333badEv (/home/wuhuang/fuzz/qasan/Juliet_memLeak/testcase_test/CWE401_Memory_Leak/CWE401_Memory_Leak__int_realloc_33.out+0x9bc)  #5  0x10ad4
[Y]Call Stack:  in main (/home/wuhuang/fuzz/qasan/Juliet_memLeak/testcase_test/CWE401_Memory_Leak/CWE401_Memory_Leak__int_realloc_33.out+0xad4)  #6  0xff7b2f24
[Y]Call Stack:  in __libc_start_main /home/wuhuang/fuzz/qasan/libqasan/libqasan.c:91  #7  0x108e0
[Y]Call Stack:  in _start /home/tcwg-buildslave/workspace/tcwg-make-release/label/tcwg-x86_64-ex40/target/arm-linux-gnueabi/snapshots/eglibc.git~linaro_eglibc-2_19/libc/csu/../ports/sysdeps/arm/start.S:128
using ASAN_GIOVESE
Calling good()...
A String
A String
Finished good()
Calling bad()...
A String
Finished bad()

=== Memory Leak Detected ===
Memory Range: [0x22218 - 0x2227c]
Call Stack (depth 8):
  #0  0xff67afe0
[Y]Call Stack:  in syscall (/home/wuhuang/fuzz/qasan/cramfs-root/lib/arm-linux-gnueabi/libc-2.13.so+0xcdfe0)  #1  0xff7b3f6c
[Y]Call Stack:  in __libqasan_malloc /home/wuhuang/fuzz/qasan/libqasan/malloc.c:207  #2  0xff7b4162
[Y]Call Stack:  in __libqasan_calloc /home/wuhuang/fuzz/qasan/libqasan/malloc.c:283  #3  0xff7b30b2
[Y]Call Stack:  in calloc /home/wuhuang/fuzz/qasan/libqasan/hooks.c:80  #4  0x10912
[Y]Call Stack:  in CWE401_Memory_Leak__char_calloc_31_bad (/home/wuhuang/fuzz/qasan/Juliet_memLeak/testcase_test/CWE401_Memory_Leak/CWE401_Memory_Leak__char_calloc_31.out+0x912)  #5  0x10a34
[Y]Call Stack:  in main (/home/wuhuang/fuzz/qasan/Juliet_memLeak/testcase_test/CWE401_Memory_Leak/CWE401_Memory_Leak__char_calloc_31.out+0xa34)  #6  0xff7b2f24
[Y]Call Stack:  in __libc_start_main /home/wuhuang/fuzz/qasan/libqasan/libqasan.c:91  #7  0x10840
[Y]Call Stack:  in _start /home/tcwg-buildslave/workspace/tcwg-make-release/label/tcwg-x86_64-ex40/target/arm-linux-gnueabi/snapshots/eglibc.git~linaro_eglibc-2_19/libc/csu/../ports/sysdeps/arm/start.S:128
using ASAN_GIOVESE
Calling good()...
A String
A String
Finished good()
Calling bad()...
A String
Finished bad()

=== Memory Leak Detected ===
Memory Range: [0x22458 - 0x224bc]
Call Stack (depth 7):
  #0  0xff580fe0
[Y]Call Stack:  in syscall (/home/wuhuang/fuzz/qasan/cramfs-root/lib/arm-linux-gnueabi/libc-2.13.so+0xcdfe0)  #1  0xff7b3f6c
[Y]Call Stack:  in __libqasan_malloc /home/wuhuang/fuzz/qasan/libqasan/malloc.c:207  #2  0xff7b308e
[Y]Call Stack:  in malloc /home/wuhuang/fuzz/qasan/libqasan/hooks.c:68  #3  0x10b28
[Y]Call Stack:  in _ZN37CWE401_Memory_Leak__new_array_char_823badEv (/home/wuhuang/fuzz/qasan/Juliet_memLeak/testcase_test/CWE401_Memory_Leak/CWE401_Memory_Leak__new_array_char_82.out+0xb28)  #4  0x10c6c
[Y]Call Stack:  in main (/home/wuhuang/fuzz/qasan/Juliet_memLeak/testcase_test/CWE401_Memory_Leak/CWE401_Memory_Leak__new_array_char_82.out+0xc6c)  #5  0xff7b2f24
[Y]Call Stack:  in __libc_start_main /home/wuhuang/fuzz/qasan/libqasan/libqasan.c:91  #6  0x10a58
[Y]Call Stack:  in _start /home/tcwg-buildslave/workspace/tcwg-make-release/label/tcwg-x86_64-ex40/target/arm-linux-gnueabi/snapshots/eglibc.git~linaro_eglibc-2_19/libc/csu/../ports/sysdeps/arm/start.S:128
using ASAN_GIOVESE
Calling good()...
A String
A String
Finished good()
Calling bad()...
A String
Finished bad()

=== Memory Leak Detected ===
Memory Range: [0x22218 - 0x2227c]
Call Stack (depth 7):
  #0  0xff580fe0
[Y]Call Stack:  in syscall (/home/wuhuang/fuzz/qasan/cramfs-root/lib/arm-linux-gnueabi/libc-2.13.so+0xcdfe0)  #1  0xff7b3f6c
[Y]Call Stack:  in __libqasan_malloc /home/wuhuang/fuzz/qasan/libqasan/malloc.c:207  #2  0xff7b308e
[Y]Call Stack:  in malloc /home/wuhuang/fuzz/qasan/libqasan/hooks.c:68  #3  0x109e4
[Y]Call Stack:  in _ZN37CWE401_Memory_Leak__new_array_char_533badEv (/home/wuhuang/fuzz/qasan/Juliet_memLeak/testcase_test/CWE401_Memory_Leak/CWE401_Memory_Leak__new_array_char_53.out+0x9e4)  #4  0x10ad4
[Y]Call Stack:  in main (/home/wuhuang/fuzz/qasan/Juliet_memLeak/testcase_test/CWE401_Memory_Leak/CWE401_Memory_Leak__new_array_char_53.out+0xad4)  #5  0xff7b2f24
[Y]Call Stack:  in __libc_start_main /home/wuhuang/fuzz/qasan/libqasan/libqasan.c:91  #6  0x10914
[Y]Call Stack:  in _start /home/tcwg-buildslave/workspace/tcwg-make-release/label/tcwg-x86_64-ex40/target/arm-linux-gnueabi/snapshots/eglibc.git~linaro_eglibc-2_19/libc/csu/../ports/sysdeps/arm/start.S:128
using ASAN_GIOVESE
Calling good()...
5
5
5
5
Finished good()
Calling bad()...
5
Finished bad()

=== Memory Leak Detected ===
Memory Range: [0x225e8 - 0x22778]
Call Stack (depth 8):
  #0  0xff67afe0
[Y]Call Stack:  in syscall (/home/wuhuang/fuzz/qasan/cramfs-root/lib/arm-linux-gnueabi/libc-2.13.so+0xcdfe0)  #1  0xff7b3f6c
[Y]Call Stack:  in __libqasan_malloc /home/wuhuang/fuzz/qasan/libqasan/malloc.c:207  #2  0xff7b4162
[Y]Call Stack:  in __libqasan_calloc /home/wuhuang/fuzz/qasan/libqasan/malloc.c:283  #3  0xff7b30b2
[Y]Call Stack:  in calloc /home/wuhuang/fuzz/qasan/libqasan/hooks.c:80  #4  0x10912
[Y]Call Stack:  in CWE401_Memory_Leak__int_calloc_02_bad (/home/wuhuang/fuzz/qasan/Juliet_memLeak/testcase_test/CWE401_Memory_Leak/CWE401_Memory_Leak__int_calloc_02.out+0x912)  #5  0x10a70
[Y]Call Stack:  in main (/home/wuhuang/fuzz/qasan/Juliet_memLeak/testcase_test/CWE401_Memory_Leak/CWE401_Memory_Leak__int_calloc_02.out+0xa70)  #6  0xff7b2f24
[Y]Call Stack:  in __libc_start_main /home/wuhuang/fuzz/qasan/libqasan/libqasan.c:91  #7  0x10840
[Y]Call Stack:  in _start /home/tcwg-buildslave/workspace/tcwg-make-release/label/tcwg-x86_64-ex40/target/arm-linux-gnueabi/snapshots/eglibc.git~linaro_eglibc-2_19/libc/csu/../ports/sysdeps/arm/start.S:128